source_player_id,name_ja,name_en,tier,wikipedia_title,any_national_team_selection,national_team_categories,national_team_reason,wikipedia_national_team_context,reviewed_any_national_team_selection,reviewed_categories,reviewer_note
10080,小川 慶治朗,OGAWA Keijiro,a,小川慶治朗,yes,U15|U16|U17,negation_or_candidate_language_present,"U-15日本代表候補
U-16日本代表
U-17日本代表
2009年 2009 FIFA U-17ワールドカップ出場（2試合0得点）",,,
10110,米本 拓司,YONEMOTO Takuji,a,米本拓司,yes,A|U16|U17|U20|U23|other,negation_or_candidate_language_present,"米本 拓司（よねもと たくじ、1990年12月3日 - ）は、兵庫県伊丹市出身のプロサッカー選手。Jリーグ・京都サンガF.C.所属。ポジションはミッドフィールダー（ボランチ）。元日本代表。兵庫県立伊丹高等学校卒業。


== 来歴 ==


=== プロ入り前 ===
小学校1年生時に兄の影響でサッカーを始める。
兵庫県立伊丹高等学校の1年時に兵庫県選抜に選ばれ、地元・兵庫で開催された国民体育大会に出場。この時のプレーが視察に訪れていた城福浩U-16日本代表監督の目に留まり（視察の目当ては別の選手だった。）、同年U-16日本代表に選出された。2007年には城福が指揮するU-17日本代表の一員としてFIFA U-17ワールドカップにチーム最年少で出場。同代表でのチームメイトに山田直輝がおり、「U-17の時はアイツ（山田）がいて出られないという感じだった。意識はしますし、背中を追ってばかりなのでいつか追い越したい」と語り、好敵手の間柄にある。
2008年5月からJFA・Jリーグ特別指定選手としてJリーグ・ヴィッセル神戸に帯同し練習に参加。同時に、同年から城福が監督を務めていたFC東京の練習にも参加。競合の末、11月に高校卒業後のFC東京への入団が正式発表された。城福は当時から「バイタルエリアで献身的な守備ができる。攻撃の起点にもなれる高い技術がある」と評し、期待を寄せていた。クラブの強化担当者の評価は「パスの出せる今野（泰幸）」。米本自身は入団会見時に自身のプレーの特徴を「タイプとして似ている浅利（悟）選手が目標」「守備を得意とするので、相手の攻撃の芽をつむプレーに磨きをかけたい」とコメントしている。


=== FC東京 ===
FC東京では、今野泰幸のセンターバックへのコンバートもあり、激戦区であるボランチに割って入ると、J1第9節大宮戦からスタメンに定着。梶山陽平とのダブルボランチを組み、7月には得意としていた守備に加えて「プレスを外せるところや、DFからボールを引き出す場所が分かってきた」とオフ・ザ・ボールの動きの向上にも自信を見せ、チームの連勝に貢献。梶山からも「（ボールを）つないで時間をつくれるようになった」と成長ぶりを認められた。7月12日の対名古屋戦では、視察に訪れた岡田武史日本代表監督の称賛を受けた。シュートは上手くないとしながらも「一生懸命練習」し、第24節対大分戦で、30メートル超のミドルシュートでリーグ戦初得点。ナビスコカップ決勝戦では、前半にペナルティエリア外からミドルシュートで先制点を決め、2-0の勝利に貢献。ニューヒーロー賞と史上最年少での決勝MVPを獲得した。Jリーグ技術委員長の上野山信行からは「豊富な運動量をベースに、相手の攻撃の芽を摘む鋭い守備力、的確な判断力に加え、攻撃面におけるゴールに向かう多彩な展開力は将来の日本代表の一翼を担える」と評価された。12月21日にはアジアカップ最終予選に向けたA代表に初招集され、対イエメン戦にフル出場。中盤の底を一人で支え、逆転勝利に貢献した。
2010年には、尊敬する浅利悟 の背番号「7」を引き継ぎ（浅利も「7番は米本に」と希望していた）、開幕スタメン入りを目指していたが、2月25日の小平グランドでの練習中に負傷し、後に左膝前十字靱帯損傷および左膝外側半月板損傷と診断され戦線から離脱。長期のリハビリ期間を強いられた中で筋力トレーニングに励んで体重を5キロ増やし、10月23日のJ1第27節新潟戦でベンチ入りを果たした。翌節の清水戦からは先発出場。大熊清監督やチームメートの石川直宏から、守備のアプローチが速く、勇気あるプレーで攻守に好影響を与えたと評価された。一方で、自身はブランクによるスタミナ不足を感じており、出場を続ける中で克服に努めた。最終節にチームは16位となりJ2降格を喫したが、米本の復帰以降は3勝2分2敗 と調子を上向かせていた。当時の米本についてスポーツライターの小宮良之はスペインのマルコス・セナに似たタイプの選手と評した。
2011年は攻撃参加を目標としており、ガーナのマイケル・エッシェンを理想の選手に挙げていた。ロンドンオリンピックを目指すU-22日本代表にも選出され、ボランチを組んだ山村和也には「ヨネはバランス感覚が優れ、守備の能力が高いから（自分は）好きなように攻撃参加できる」と評価された。しかし、4月24日の千葉戦で再び左膝前十字靱帯を負傷し、手術することになった。
2012年3月17日、J1第2節名古屋戦にて途中出場し11ヶ月ぶりの試合出場を果たした。体重を増やしパワーを付けたこともあって、武器であるボールホルダーへの寄せはタイミングを見計らってのものへと変化した。U-23代表には1年以上の間選外になっていたが、関塚隆U-23日本代表監督からの評価は高く同年7月、ロンドンオリンピックに臨むU-23日本代表のバックアップメンバーに選出された。
2013年は、FC東京の副主将を務める。昨季以上の激しく素早い守備に加え、J1第24節広島戦では4年ぶりの得点を挙げ 完調を印象付けた。同年リーグ戦におけるボール奪取数において日本人最多を記録。
2014年、インサイドハーフにポジションを上げ、手薄になりがちな中盤のスペースを埋める 高い守備能力はそのままに自身初のリーグ戦複数得点を記録。前年に続き日本人最多のタックル数を数えた。
2015年7月、東アジアカップ2015に出場するA代表メンバーに5年4ヶ月ぶりに 選出された。同年のリーグ戦ではパス、タックル、インターセプト、走行距離においてチーム最多・最長を記録。
2016年は4年ぶりのAFCチャンピオンズリーグでアジアの強豪相手に引けを取らない姿を見せるなど 健闘していたが、7月のJ1・2nd第5節川崎戦で負傷退場し、後に右膝前十字靱帯断裂及び内側側副靱帯損傷と判明。翌8月にはスペイン・バルセロナの病院で再建手術を受け、全治8ヵ月と発表された。
2017年4月30日、J3第6節の長野パルセイロ戦で実戦復帰を果たし、5月10日のルヴァンカップ第5節の大宮アルディージャ戦でトップチームの公式戦で復帰を果たした。
2018年7月18日、柏レイソル戦でJ1リーグ通算200試合を達成した。


=== 名古屋グランパス ===
2019年より名古屋グランパスへ完全移籍することが発表された。
2021年にはルヴァンカップのタイトルを獲得。
那須大亮のYouTube動画『【契約更新の秘話】アンドレス・イニエスタに契約更新の裏側を独占インタビュー！』にてヴィッセル神戸所属の元スペイン代表アンドレス・イニエスタにコンビを組んでいた稲垣祥と共に「毎回対峙するときは難しい試合になる」と称賛されていた。
2022年、湘南ベルマーレへ期限付き移籍。
2023年、名古屋グランパスへ復帰。
2024年6月27日、京都サンガF.C.に期限付き移籍することが発表された。


=== 京都サンガF.C. ===
2025年は京都サンガF.C.に完全移籍することとなった。
2025年5月7日、FC町田ゼルビア戦にて、Jリーグ通算400試合出場を達成した。


== 所属クラブ ==
1997年 - 2002年 瑞穂SC (伊丹市立瑞穂小学校)
2003年 - 2005年 伊丹FCジュニアユース (伊丹市立東中学校)
2006年 - 2008年 兵庫県立伊丹高等学校
2008年  ヴィッセル神戸 (特別指定選手)
2009年 - 2018年  FC東京
2019年 - 2024年  名古屋グランパス
2022年  湘南ベルマーレ (期限付き移籍)
2024年7月 - 12月  京都サンガF.C. (期限付き移籍)
2025年 -  京都サンガF.C.


== 個人成績 ==

＊2008年は特別指定選手（神戸、出場なし）

その他の国際大会
2016年
AFCチャンピオンズリーグ2016・プレーオフ 1試合1得点
出場歴
2009年3月21日：プロ初出場 - J1第3節 vsモンテディオ山形 (味の素スタジアム)
2009年7月15日：プロ初得点 - ナビスコカップ 準々決勝第1戦 vs名古屋グランパスエイト (味の素スタジアム)
2009年8月29日：Jリーグ初得点 - J1第24節 vs大分トリニータ (味の素スタジアム)
2014年4月6日：J1100試合出場 - J1第6節 vsサガン鳥栖 (味の素スタジアム)


== タイトル ==


=== クラブ ===
FC東京
Jリーグカップ : 1回 (2009年)
スルガ銀行チャンピオンシップ : 1回 (2010年)
J2リーグ : 1回 (2011年)
天皇杯全日本サッカー選手権大会 : 1回 (2011年)
名古屋グランパス
Jリーグカップ : 1回 (2021年)


=== 個人 ===
国民体育大会サッカー競技 優秀選手賞 (2006年)
Jリーグカップ ニューヒーロー賞 (2009年)
Jリーグカップ MVP (2009年)
Jリーグ優秀新人賞 (2009年)


== 選抜・代表歴 ==
2010年1月6日：国際Aマッチ初出場 - AFCアジアカップ2011 (予選) 対イエメン戦 (サナア・アル・サウラ・スポーツ・シティ・スタジアム)


=== 出場大会 ===
兵庫県トレセン (2002年-2005年)
兵庫県国体選抜
2006年 - 第61回国民体育大会
U-16日本代表
2006年 - 豊田国際ユースサッカー大会、北海道国際ユースサッカー大会
U-17日本代表
2007年 - コパ・チーバス、2007 FIFA U-17ワールドカップ
U-20日本代表
2009年
U-22日本代表
2011年
U-23日本代表
2012年 - ロンドンオリンピックバックアップメンバー
日本代表
2010年 - アジアカップ予選、AFCアジアカップ2011予備登録
2015年 - 東アジアカップ2015
2016年 - 2018 FIFAワールドカップ・アジア3次予選予備登録


=== 試合数 ===
国際Aマッチ 1試合 0得点 (2010)


=== 出場 ===


== 脚注 ==

注釈

出典


== 関連項目 ==
兵庫県出身の人物一覧
特別指定選手としてJリーグクラブに登録された選手一覧
FC東京の選手一覧
名古屋グランパスの選手一覧
湘南ベルマーレの選手一覧
京都サンガF.C.の選手一覧


== 外部リンク ==

特集・インタビュー
TOKYO PLAYER INTERVIEWS #16 米本拓司 - YouTube - FC東京公式チャンネル
久々に現れた守備の逸材、FC東京の米本拓司。 Number web (2009年8月10日)
ハリルの「直接見たい選手」を探す。条件からは……FC東京・米本拓司? (1/3) , (2/3) , (3/3) - Number web (2015年4月6日)
FC東京 MF米本拓司 インターハイは夢の舞台 - ゲキサカ (2013年7月31日)
FC東京 MF米本拓司「ケガをしてもあきらめるな」 - ゲキサカ (2013年8月28日)
攻撃力を備えたFC東京のボールハンター・米本拓司が、なぜ日本代表に必要か - マイナビニュース (2014年9月27日)
【FC東京】米本拓司インタビュー「世界を体感したい」(1/3) , (2/3) , (3/3) - サッカーダイジェストWeb (2014年9月30日)
駆ける魂 J屈指のボールハンター FC東京・米本拓司 (1/2) , (2/2) - 日本経済新聞 (2014年11月1日)
【THE REAL】世界レベルの「怪物」へ…苦労人・米本拓司が立ったロシアへのスタートライン (1/3) , (2/3) , (3/3) - CYCLE (2015年5月18日)
プロフィール・SNS・個人成績
プロフィール - スポーツコンサルティングジャパン
プロフィール (2008年版) - ウェイバックマシン（2008年9月11日アーカイブ分） - ヴィッセル神戸
プロフィール - FC東京
米本拓司 (@takuji_yonemoto_official) - Instagram
米本拓司 - Olympedia (英語)
米本拓司 - National-Football-Teams.com (英語)
米本拓司 - Soccerway.com (英語)
米本拓司 - FootballDatabase.eu (英語)
米本拓司 - WorldFootball.net (英語)
米本拓司 - Transfermarkt.comによる選手データ (英語)
米本拓司 - FIFA主催大会成績 (英語)
米本拓司 - J.League Data Siteによる選手データ
米本拓司 - playmakerstats.com (英語)
米本拓司 - ESPN FC（英語）",,,
10139,東口 順昭,HIGASHIGUCHI Masaaki,a,東口順昭,yes,A,negation_or_candidate_language_present,"2011年、AFCアジアカップ2011の日本代表予備登録メンバーに選出された。3月29日の「東北地方太平洋沖地震復興支援チャリティーマッチ がんばろうニッポン!」では日本代表の本メンバーに選出される。試合には川島永嗣、西川周作に次いで交代出場し、国際AマッチではないもののA代表デビューを果たす。出場時間帯にJリーグ選抜のFW三浦知良に得点を献上した。同年行われたキリンカップにも招集された。
前述の新潟での負傷による長期離脱を経験して以降はA代表からは遠ざかっていたが、2014年11月に約3年ぶりに日本代表に招集される。12月には自身にとって初の国際大会となるAFCアジアカップ2015の代表メンバーに選出された。2015年8月9日、 EAFF東アジアカップ2015の対中国戦で初招集から約4年越しで国際Aマッチ初デビューを飾った。
2018年、前述のG大阪での目の負傷があり離脱したことで危ぶまれていたが、短期間で復帰し、2018 FIFAワールドカップのメンバー入りを果たした。大会中は、正GKの川島永嗣のパフォーマンスが安定しなかった事もあり、メディアから東口や中村航輔を推す声も出た が、出場機会は無かった。その後、9月10日に放送された『GAMBA TV〜青と黒〜』で、ゲスト出演したW杯で監督だった西野朗にVTRで「どうしたら使われたんですか?」と直球の質問をし、「（東口は）最高の準備をしたと思う。ただ、キーパーは継続して使う、代えて好転させる、（2つ選択肢がある中で）自分は継続を選んでしまいました」と西野から川島を起用し続けた理由を聞いている。9月に日本代表監督に就任した森保一の初陣のメンバーに選ばれ、G大阪のホームスタジアムであるパナソニックスタジアム吹田で行われた森保一体制初陣となるキリンチャレンジカップ・コスタリカ戦でスタメンとして出場。12月12日、AFCアジアカップ2019の日本代表メンバーに選出され、本大会では大会期間中に負傷し、短期間で回復したものの、決勝までメンバーで唯一出場機会はなかった。なお、2019年3月を最後に、代表からは遠ざかっている。

国際Aマッチ初出場 - 2015年8月9日 EAFF東アジアカップ2015 vs中国代表（武漢体育中心）

ユニバーシアード日本代表
2007年 - ユニバーシアード・バンコク大会
日本代表候補
2010年 AFCアジアカップ2011予備登録メンバー
日本代表
2011年 東北地方太平洋沖地震復興支援チャリティーマッチ がんばろうニッポン!
2011年 キリンカップサッカー2011
2015年 AFCアジアカップ2015
2015年 2018 FIFAワールドカップ・アジア2次予選兼AFCアジアカップ2019・2次予選
2015年 EAFF東アジアカップ2015
2016年 キリンカップサッカー2016
2016年 2018 FIFAワールドカップ・アジア3次予選
2017年 EAFF E-1サッカー選手権2017
2018年 2018 FIFAワールドカップ
2019年 AFCアジアカップ2019

国際Aマッチ 8試合0得点（2011年 - 2019年）

",,,
10241,高橋 秀人,Hideto TAKAHASHI,a,高橋秀人,yes,A,negation_or_candidate_language_present,"2012年4月に日本代表候補合宿に初招集。5月23日、キリンチャレンジカップ・アゼルバイジャン戦で、国際Aマッチ初出場。アルベルト・ザッケローニ日本代表監督からは、攻守のバランス感覚、戦術眼、カバーリング能力、フィジカルに優れると評価され、翌月からのFIFAワールドカップアジア最終予選メンバーにも選出された。
2013年は日本代表としてコンフェデレーションズカップに帯同し、東アジアカップオーストラリア戦ではゲームキャプテンを務め 同大会の優勝を果たすなど戦力として食い込みつつあったが、代表とクラブの行き来も影響して 好調を維持できなかった。
2014年開催のFIFAワールドカップ本大会に当たっては、専門誌で「2010年大会のようにアンカーを置く守備的布陣を採用するのならば最適の選手」との評価を受け、守備のユーティリティー性からも有力候補として名前が挙がったが、攻撃重視のメンバー選考が行われたために 選外となった。

2012年5月23日：国際Aマッチ初出場 - キリンチャレンジカップ vsアゼルバイジャン代表 (エコパ)

ユニバーシアード日本代表
2009年 - 第25回夏季ユニバーシアード
日本代表
キリンチャレンジカップ2012
2014 FIFAワールドカップ・アジア4次予選
キリンチャレンジカップ2013
FIFAコンフェデレーションズカップ2013
東アジアカップ2013
2014 FIFAワールドカップ候補合宿
2018 FIFAワールドカップ・アジア3次予選予備登録

国際Aマッチ 7試合 0得点 (2012年 - 2013年)

",,,
10310,橋本 和,Wataru HASHIMOTO,a,橋本和,no,,negation_or_candidate_language_present,2012年 日本代表候補,,,
10354,田口 泰士,TAGUCHI Taishi,a,田口泰士,yes,A|U15|U17|U18|other,negation_or_candidate_language_present,"2014年10月、吉田麻也の負傷に伴い、代わって日本代表に初招集され、10月10日のキリンチャレンジカップ・ジャマイカ戦で日本代表デビューを果たした。



2003年 U-12日本代表
2005年 U-14日本代表
2006年 U-15日本代表
2007年 U-17日本代表候補
2009年 U-18日本代表候補
2014年 日本代表

国際Aマッチ 3試合 0得点 (2014年)

",,,
10363,竹内 涼,TAKEUCHI Ryo,a,竹内涼,yes,U17|U18,negation_or_candidate_language_present,"U-13,14,15,16静岡県選抜
2008年 - U-17日本代表
2009年 - U-18日本代表候補",,,
10365,田邉 草民,Sotan TANABE,a,田邉草民,yes,U15|other,negation_or_candidate_language_present,"田邉 草民（たなべ そうたん、1990年4月6日 - ）は、東京都杉並区出身の元プロサッカー選手、サッカー指導者。ポジションはミッドフィールダー（MF）。


== 来歴 ==


=== プロ入り前 ===
6歳の頃から 遊びでサッカーボールを蹴り始める。生来右利きでありながら左足で行うドリブル はこの頃に体得した。小学生時代に杉九サッカークラブに入団。サッカーの傍ら相撲にも取り組み、小学4年次には両国国技館にて開催された相撲の全国大会にも出場した。中学生時代は東京都内のクラブチーム、ワセダクラブForza'02に入団。同クラブでの1期後輩に野上結貴。中学3年次の2005年、日本クラブユースサッカー選手権 (U-15)大会に出場した 他、U-15日本代表候補 や同年度メニコンカップ出場選手の一人に選ばれた。
2006年、国学院久我山高等学校へ進学し、サッカー部に入部。同部の1年先輩に丸山祐市。1年次に国民体育大会少年男子東京都選抜チームに選出されるも関東大会で敗退。2008年には全国高校総体に出場したが、2回戦で前橋育英高校に1-2で敗退。この時、田邉のプレーをFC東京スタッフが偶然見ていた事がきっかけで、同クラブの練習に参加する機会を得た。田邉自身は高校卒業後は大学に進学し、「サッカーはサークル程度で」と考えていたが、FC東京での練習参加をきっかけにJリーグを意識するようになったとのこと。同年10月23日、2009年度からのFC東京入団内定が発表された。同年12月、第87回全国高等学校サッカー選手権大会に出場。右ウイングとして起用された 3回戦での沖縄県立那覇西高校戦でのハットトリック を含む通算4得点を挙げ、大会優秀選手のひとりに選出された。同大会準々決勝では再び前橋育英高校と対戦したが、田邉は六平光成らに封じられ 不発。0-1で敗れ、ベスト8の成績で終えた。


=== FC東京 ===
2009年に入団し、5月20日のヤマザキナビスコカップGL第3節対ジェフユナイテッド千葉戦（フクアリ）でJリーグ公式戦に初出場。翌6月20日、J1第14節対柏戦（日立柏）にて、リーグ戦初出場を果たした。7月29日のヤマザキナビスコカップ準々決勝対名古屋戦出場によって規定時間を超え、A契約を締結。また、同年の2月に、早稲田大学人間科学部の通信教育課程に合格し、サッカー選手のかたわら大学での学業にも取り組んだ。
2010年からはボランチでの起用を試されており、この年出場機会を得たヤマザキナビスコカップやスルガ銀行杯、天皇杯ではいずれもボランチで出場した。10月14日、中手骨骨折により全治4カ月と診断されるも、中盤でリズムを作る選手として 翌月17日の天皇杯第4回戦に先発出場し勝利を収めた。大熊清監督は2011年の指揮を執るにあたり、「狭いところでパスを出せる田邉草民と大竹洋平をホントに鍛え、戦力にしたい」と名指して期待を示した。
2011年J2第14節対京都戦（西京極）で「得意ではない」というヘディング でのゴールを決め、これがプロ入り後公式戦初得点となった。その後も主に左SHのポジションで先発出場を続け、加速的な成長（大熊談）を見せ、U-22日本代表に選出された。
2012年は左SBのポジションでも起用され、J1第7節対鹿島戦（味スタ）にてJ1での初得点を挙げた。


=== CEサバデル ===
2013年5月、若手の攻撃的MFを求めていたリーガ・エスパニョーラ・セグンダ・ディビシオン（スペイン2部）のCEサバデルからの打診に応じ、河野広貴と共に同クラブの練習に参加。翌6月に期限付き移籍が発表された。2013-14シーズン開幕節のマヨルカ戦で公式戦初出場。第3節ラ・コルーニャ戦の大敗を境に一時ポジションを失ったが、年末にかけて戦い方を掴み、向上を実感。左SHなどで再び先発出場を続けるようになり、第21節ウェルバ戦では自身の突破から相手MFアンヘル・モントロの退場を誘発し、さらに試合終盤にヘディングで移籍後初ゴールとなる決勝点を挙げた。
2014-15シーズンも移籍期間を延長してサバデルに在籍。途中交代が多く、出場時間数は微増ながら自己最多となるリーグ戦35試合に出場し、球際で戦う姿勢を向上させた。チームはセグンダBへ降格。


=== FC東京復帰 ===
2015年6月に古巣・FC東京に復帰したが、シーズン半ばの加入であったため戦術理解で遅れを取り、同年の出場機会はなし。2016年9月、ルヴァンカップ準々決勝・福岡戦でミドルシュートを決め、日本では4年ぶりの得点を記録した。篠田善之監督に変わってからは梶山陽平とともに、ボランチの一角としてレギュラーに定着した。


=== アビスパ福岡 ===
2018年12月29日、アビスパ福岡へ完全移籍。
2023年12月17日、現役引退を発表した。


== エピソード ==
FC東京でのチームメートだった羽生直剛によると、チーム一のいじられ役である。2012年にクラブを退団した谷澤達也には、監督からの怒鳴られ役に指名された。
肉食よりも魚を好み、「海外の食事は苦手」と語る和食派。高校時代の海外遠征でもインスタントおこわを独自で持参し対処した。


== 所属クラブ ==
000000 - 2002年 杉九SC (杉並区立第九小学校)
2003年 - 2005年 ワセダクラブForza'02 (杉並区立東原中学校)
2006年 - 2008年 国学院久我山高等学校
2009年 - 2018年 FC東京
2013年6月 - 2015年6月 CEサバデル (期限付き移籍)
2019年 - 2023年 アビスパ福岡


== 個人成績 ==

その他の国際公式戦

2010年
スルガ銀行チャンピオンシップ 1試合0得点
出場歴
2009年5月20日：公式戦初出場 - ナビスコカップ予選リーグ第3節 vsジェフ千葉 (フクダ電子アリーナ)
2009年6月20日：Jリーグ初出場 - J1第14節 vs柏レイソル (柏)
2011年5月28日：Jリーグ ディビジョン2初得点 - J2第14節 vs京都サンガF.C. (西京極)
2012年4月14日：Jリーグ ディビジョン1初得点 - J1第07節 vs鹿島アントラーズ (味の素スタジアム)
2013年8月18日：セグンダ・ディビシオン初出場 - 第01節 vsRCDマヨルカ  (Estadi de la Nova Creu Alta) 
2014年1月15日：セグンダ・ディビシオン初得点 - 第21節 vsレクレアティーボ・ウェルバ (エスタディオ・ヌエボ・コロンビーノ)


== 代表・選抜歴 ==
2005年 U-15日本代表候補
2006年 東京都選抜 - 国民体育大会サッカー競技
2011年 U-22日本代表 - 国際親善試合、ロンドンオリンピックアジア最終予選予備登録


== 指導者 ==
2025年5月 - パスチャライズ福岡


== タイトル ==


=== クラブ ===
FC東京
Jリーグカップ (2009年)
スルガ銀行チャンピオンシップ (2010年)
Jリーグ ディビジョン2 (2011年)
天皇杯全日本サッカー選手権大会 (2011年)
アビスパ福岡
Jリーグカップ（2023年）


=== 個人 ===
クラブユースサッカー選手権 U-15 優秀選手 (2005年)
全国高等学校サッカー選手権大会 優秀選手 (2008-09年)


== 脚注 ==

注釈

出典


== 関連項目 ==
FC東京の選手一覧
日本国外のリーグに所属する日本人サッカー選手一覧
アビスパ福岡の選手一覧


== 外部リンク ==

特集、インタビュー
ソウタンマニア 田邉草民選手インタビュー - 182Channel (2010年10月20日)
TOKYO PLAYER INTERVIEWS #15 田邉草民 - YouTube - FC東京公式チャンネル
スペイン2部リーグで戦うサムライ -CEサバデル・田邉草民選手の挑戦- - SOCCER KING (2014年7月22日)
J1リーグFC東京MF田邉草民の知られざる挑戦1 スペイン2部で過ごした1年 (1/3) , (2/3) , (3/3) - SOCCER MAGAZINE ZONE (2014年7月24日)
J1リーグFC東京MF田邉草民の知られざる挑戦2 移籍期間を延長して再びスペイン2部CEサバデルへ (1/2) , (2/2) - SOCCER MAGAZINE ZONE (2014年7月24日)
プロフィール、SNS、成績
田邉草民 - Soccerway.com (英語)
田邉草民 - Soccerbase.comによる選手データ (英語)
田邉草民 - FootballDatabase.eu (英語)
田邉草民 - WorldFootball.net (英語)
田邉草民 - Transfermarkt.comによる選手データ (英語)
田邉草民 - J.League Data Siteによる選手データ
田邉草民 - playmakerstats.com (英語)
田邉草民 - BDFutbol.com (英語)
田邉草民 - AS.com (スペイン語)
Sotan Tanabe - リーガ・デ・フトボル・プロフェシオナル（スペイン語）
プロフィール - FC東京
田邉草民 (@tanabe_sotan) - Instagram
田邉草民 (@tanabesotan) - X（旧Twitter）
田邉草民 - ESPN FC（英語）",,,
10381,上原 慎也,Shinya UEHARA,a,上原慎也,no,,negation_or_candidate_language_present,"上原慎也（うえはら しんや、1986年9月29日 - ）は、沖縄県中頭郡西原町出身のサッカー選手。沖縄県社会人サッカーリーグ1部・FCセリオーレに所属。ポジションはFW・DF。


== 来歴 ==
沖縄県立西原高等学校から沖縄大学に進学。1年次の2005年には九州大学サッカーリーグ2部新人王に輝き、翌2006年にはユニバーシアード日本代表候補にも選出されたが直前に右ひざ前十字じん帯を断裂、全治一年の重傷を負い、辞退を余儀なくされた。2007年はエースストライカーとして活躍、九州大学サッカーリーグ2部得点王に輝き、アシストランキングでも3位となるなど攻撃の要としてチームに貢献した。翌2008年は国体成年の部県代表に選出。また、天皇杯沖縄県予選ではJFL・FC琉球から4得点を奪うなど大活躍、チームを格上チームからの大勝利に導いた。その後、チームは決勝で敗れ本選出場は逃したもののその活躍は注目され、複数Jチームの練習に参加、最終的にコンサドーレ札幌と11月7日に仮契約を結んだ。その後、11月20日からシーズン終了までチームに合流し、練習に参加。仮契約を終えてからの練習参加は異例のことであり、チームとしての期待の高さを伺わせた。


=== コンサドーレ札幌 ===
2009年、この年に監督に就任した石崎信弘の意向もあってシーズン序盤から途中出場ながら多くの出場機会を掴んだ。4月5日J2第6節熊本戦の後半15分にダニルソンと代わりJリーグ初出場を果たすと、5月5日J2第13節栃木戦では後半30分に上里一将に代わり途中出場、その8分後に西嶋弘之の左からのクロスに頭で合わせプロ初ゴールを挙げ勝利に貢献した。10月には岡本賢明と共にインフルエンザに感染し戦列を離れたものの、シーズンを通して多くの試合に出場し3ゴールを挙げ、また、本職のフォワードだけではなく2列目でも起用されるなど期待に応える活躍を見せた。
2010年に入ると前年にポジションを争った石井謙伍、中山元気が退団したものの、中山雅史、内村圭宏、近藤祐介らJリーグで実績を持つ選手が即戦力として加入した事に加えて、高校3年生で2種登録された三上陽輔が活躍した影響もあってポジション争いが激化。2列目のポジションでも古田寛幸が台頭するなど、前年とは一転して出場機会が激減しゴールを挙げられないシーズンとなった。
2011年はシーズン序盤こそ出場機会に恵まれなかったものの、徐々に起用されるようになり夏場以降は途中出場ながら決定的な働きを見せるなど札幌のJ1昇格に貢献した。また、このシーズンはサイドバックにも挑戦し左サイドバックのレギュラーを務める岩沼俊介の不在時には代役を任された。
2012年は4月4日のヤマザキナビスコカップ予選リーグ第2節横浜M戦で右第5中足骨基部骨折の重傷を負い、シーズン序盤を棒に振った。夏場に入り戦列に復帰すると、7月28日J1第19節名古屋戦では決勝ゴールを挙げ、8月18日J1第22節神戸戦、続く8月25日J1第23節G大阪戦で2戦連続ゴールを挙げるなど、少ない出場機会の中で決定的な働きを見せ、チームが最下位に沈む中で奮闘していたが、札幌のJ2降格が決定した9月29日J1第27節川崎戦で左脛骨疲労骨折を負ってしまい、残りのシーズンを棒に振った。
2013年は背番号を14に変更。財前恵一が新監督に就任すると主力選手として起用され、このシーズンのチーム最多となる公式戦42試合に出場し、自身にとってもキャリアハイとなる5ゴールを挙げた。シーズン序盤こそ前線での起用が多く見られたが、開幕戦から左サイドバックのポジションを任されていた大卒新人の松本怜大が調子を落とした事もあって、6月以降は同ポジションを主戦場に多くの試合で得点シーンに絡む活躍を見せた。


=== 愛媛FC ===
2018年シーズンより愛媛FCへ移籍。


=== FC琉球 ===
2018年12月、FC琉球への完全移籍が発表された。
2022年11月15日、現役引退を発表。


=== FCセリオーレ ===
2023年3月17日、沖縄県社会人サッカーリーグ1部のFCセリオーレにアマチュア選手として加入した。


== エピソード・アラカルト ==
沖縄大学初のJリーガーである。
大学時代は周囲からの人望が厚く、プレーだけでなくその人間性も高く評価されている。
天皇杯沖縄県予選でFC琉球から4得点を奪ったことから、同チーム総監督のフィリップ・トルシエからFC琉球への入団を熱心に勧誘された。
コンサドーレ札幌入団の理由として同じ沖縄県出身の上里一将が所属しているチームであることを挙げていた。その上里も、上原同様2019年シーズンよりFC琉球に移籍してプレーしている。


== 所属クラブ ==
坂田FC
西原町立西原中学校
沖縄県立西原高等学校
沖縄大学
2009年 - 2017年  コンサドーレ札幌 / 北海道コンサドーレ札幌
2018年  愛媛FC
2019年 - 2022年  FC琉球
2023年 -  FCセリオーレ


== 個人成績 ==

Jリーグ初出場 2009年4月5日 J2 第6節 vsロアッソ熊本 (熊本県民総合運動公園陸上競技場)
Jリーグ初得点 2009年5月5日 J2 第13節 vs栃木SC (札幌ドーム)


== タイトル ==


=== チーム ===
北海道コンサドーレ札幌
J2リーグ（2016年）


== 脚注 ==


== 出典 ==
  


== 関連項目 ==
北海道コンサドーレ札幌の選手一覧
愛媛FCの選手一覧
FC琉球の選手一覧


== 外部リンク ==
上原慎也 - Soccerway.com (英語)
上原慎也 - FootballDatabase.eu (英語)
上原慎也 - WorldFootball.net (英語)
上原慎也 - Transfermarkt.comによる選手データ (英語)
上原慎也 - J.League Data Siteによる選手データ
上原慎也 - ウェイバックマシン（2017年2月11日アーカイブ分） - 北海道コンサドーレ札幌オフィシャルサイト
新加入のクラブリリース - ウェイバックマシン（2008年12月25日アーカイブ分）
新加入会見の模様
注目の新戦力2009 - ウェイバックマシン（2014年4月27日アーカイブ分） 北海道新聞Web
Jリーグ選手名鑑 - ウェイバックマシン（2014年3月21日アーカイブ分）",,,
10397,武岡 優斗,Yuto TAKEOKA,a,武岡優斗,no,,negation_or_candidate_language_present,"日本代表候補
2015年 - 東アジアカップ2015予備登録メンバー。",,,
10402,大迫 勇也,OSAKO Yuya,a,大迫勇也,yes,A|U16|U17|U19|U20|U23|other,negation_or_candidate_language_present,"2007年のU-17ワールドカップに臨む日本代表の有力候補であったが、城福浩U-17代表監督からはポジションを奪う闘志に欠けると判断され、最終選考で選外になった。
2012年のロンドン五輪を目指すU22でもアジア予選や親善試合でノーゴールが続くと、永井謙佑や大津祐樹に序列で後れを取り、本大会直前に短時間での出場でアピールに成功した杉本健勇に押し出される形で選外となった。
2013年7月、東アジアカップ2013においてA代表のメンバーに選出され、21日の中国戦で代表初出場を果たし、25日のオーストラリア戦で初ゴール含む2得点を記録。11月の欧州遠征では、16日のオランダ戦で1得点1アシストを記録した。
2014年5月12日、2014 FIFAワールドカップ本大会メンバーに選ばれ、各年代のFIFA主催本大会での代表入りは初選出となった。第1戦コートジボワールと第2戦ギリシャ戦ではスタメンで起用されたが、持ち味のポストプレーは冴えず相手に脅威を与えられないまま、両試合とも後半途中に交代。第3戦は出場機会がなく、チームも敗れグループリーグで敗退した。
2016年11月4日、キリンチャレンジカップとW杯アジア最終予選の日本代表メンバーに1年半ぶりに召集された。11月11日、キリンチャレンジカップのオマーン戦で古巣・カシマスタジアムで凱旋ゴールを決めた。
2018年6月19日、2018 FIFAワールドカップグループリーグ初戦のコロンビア戦では、後半28分にコーナーキックから決勝点をヘディングで決めた。これにより同試合のマン・オブ・ザ・マッチ（MOM）に選出された。グループリーグ3試合、決勝トーナメント1試合に出場。
2019年、AFCアジアカップ2019に臨む日本代表メンバーに選出される。初戦のトルクメニスタン戦では先発フル出場し、2得点を挙げチームを勝利に導く活躍を見せるも、右臀部に違和感があるとの事で以降の起用が減る。準決勝イラン戦で先発メンバーに復帰すると2得点を挙げた。決勝カタール戦でも先発出場するも得点を挙げることはできず、チームも1-3で敗北した。
2021年3月30日、2022 FIFAワールドカップ・アジア2次予選で当時FIFAランキング210カ国中190位のモンゴル戦で代表では自身初のハットトリックを達成した。
2022年、1月の2022 FIFAワールドカップ・アジア3次予選のメンバーに招集されて以降、所属クラブの神戸で負傷し、コンディションを落としたことから、6月のキリンチャレンジカップ・キリンカップサッカーに臨む日本代表メンバーから落選し、9月のドイツ遠征の日本代表メンバーにも招集されなかった。その後、徐々にコンディションを上げて神戸ではコンスタントに結果を残していたが、11月1日のカタールW杯に臨む日本代表メンバーから落選。森保ジャパンではエースとして試合に出場し続け、自身の集大成と語っていたカタールW杯のメンバーから落選する形となり、クラブ側が選出されると予想して神戸で予定していたW杯メンバー選出の記者会見は、急遽中止となった。翌日に日本サッカー協会からバックアップメンバー入りを打診されるも「誰かの怪我を祈りたくない」としてこれを断った。なお、大迫の代わりにバックアップメンバー登録された町野修斗が、負傷離脱した中山雄太に代わって本大会メンバーに参加した。

フル代表初出場 - 2013年7月21日 東アジアカップ 対中国（ソウルワールドカップ競技場）
フル代表初得点 - 2013年7月25日 東アジアカップ 対オーストラリア（華城総合運動場）

U-16日本代表（2006年）
U-17日本代表候補（2007年）
U-19日本代表候補（2009年）
U-20日本代表（2009年）
U-22日本代表
2011年 ロンドンオリンピック アジア2次予選
2011年 ロンドンオリンピック アジア最終予選
U-23日本代表
2012年 トゥーロン国際大会
2012年 ロンドン五輪サッカー日本代表 予備登録メンバー
日本代表
2010年 - アジアカップ予選
2013年 - 東アジアカップ2013
2014年 - 2014 FIFAワールドカップ
2015年 - キリンチャレンジカップ
2016年 - キリンチャレンジカップ
2016年 - 2018 FIFAワールドカップ・アジア3次予選
2017年 - キリンチャレンジカップ
2018年 - 2018 FIFAワールドカップ
2019年 - AFCアジアカップ2019

国際Aマッチ 57試合 25得点（2013年 -2022年 ）



",,,
10415,河井 陽介,KAWAI Yosuke,a,河井陽介,yes,U18|U20|university,negation_or_candidate_language_present,"河井 陽介（かわい ようすけ、1989年8月4日 - ）は、静岡県藤枝市出身の元プロサッカー選手。現役時代のポジションはMF。
妻は静岡朝日テレビ元アナウンサーの広瀬麻知子。


== 来歴 ==


=== プロ入り前 ===
静岡県藤枝市出身。藤枝市立青島小学校1年の時に青島SSSでサッカーを始める。藤枝市立青島中学校時代は藤枝東FCに所属。高校は静岡の名門・静岡県立藤枝東高等学校に入学した。高校3年時に同期の村松大輔らとともに第86回全国高校サッカー選手権大会に出場、中心メンバーとして準優勝に貢献し、大会優秀選手にも選ばれた。しかし、決勝で大敗を喫した流通経済大学付属柏高等学校の大前元紀との差を痛感した河井は「プロなんて考えなかった。まずは慶應に進学して、将来何をやるか考えようと思った」と、慶應義塾大学法学部政治学科に指定校推薦で進学した。
大学入学後は1年時からレギュラーとして試合に出場。入部当時関東大学サッカーリーグ2部の同大学ソッカー部を1年で1部に復帰させるなど同期の田中奏一、黄大城、日高慶太らとともに中心選手として活躍。


=== 清水エスパルス ===
2012年より、大学2年時から特別指定選手に登録されていた清水エスパルスに入団。リーグ開幕戦の名古屋グランパス戦でフル出場を果たすと、その後も先発出場を続け、リーグ戦32試合に出場した。主にインサイドハーフのポジションでの出場だったが、他のレギュラー選手の故障や出場停止時にはウイングやボランチ、サイドバックなど、数多くのポジションで出場した。
2013年より、背番号を10に変更した。2013年は主に左サイドハーフや左サイドバックとして32試合に出場し、チーム1位のアシスト数8を記録した。
2014年はデュッセルドルフからの復帰した大前との話し合いにより、背番号を再び17番に戻している。2014年は主に右サイドハーフや右サイドバックとして2014年は主に右サイドハーフや右サイドバックとして30試合に出場した。
2015年はサイドハーフやサイドバックとしても定位置をつかむことが出来ず、自己最少のリーグ戦13試合出場にとどまった。J2に降格した2016年はセンターハーフに戻りチーム最多タイの37試合に出場した。
2017年シーズンの開幕戦・神戸戦（アイスタ）で左アキレス腱断裂で全治6ヶ月の重傷を負い戦線離脱。シーズン終盤にチームに復帰した。
2018年シーズンは、センターハーフのポジションに固定され、竹内涼と(竹内が欠場した際は白崎凌兵と)コンビを組んだ。J1第3節・コンサドーレ札幌戦の後半22分、この試合3点目となる追加点を挙げた。河井のリーグ戦得点は、2016年3月6日のJ2第2節・V・ファーレン長崎戦、J1リーグでは、2014年4月26日のJ1第9節・ベガルタ仙台戦以来であった。
2019年シーズンは度重なるシステム変更やチームの成績不振に拠る監督の交代もあったなか、中心選手として出場を継続。5月にヘナト・アウグストがセンターハーフのポジションを掴んだ後はサイドハーフ、さらに7月末に北川航也がSKラピード・ウィーンに移籍してからはトップ下としての出場機会もあった。


=== ファジアーノ岡山 ===
2022年シーズンより、ファジアーノ岡山へ完全移籍。
2023年シーズンをもって契約満了に伴い退団が発表された。


=== カターレ富山 ===
2024年シーズンより、カターレ富山へ完全移籍。
2025年12月5日契約満了が発表され、12月28日に現役引退を発表した。


== 所属クラブ ==
1996年 - 2001年 青島SSS
2002年 - 2004年 藤枝東FC
2005年 - 2007年 静岡県立藤枝東高等学校
2008年 - 2011年 慶應義塾大学
2012年 - 2021年 清水エスパルス
2022年 - 2023年 ファジアーノ岡山
2024年 - 2025年 カターレ富山


== 個人成績 ==

特別指定選手としての試合出場は無し
その他公式戦
2022年
J1参入プレーオフ 1試合0得点
出場歴
Jリーグ初出場 - 2012年3月10日 J1第1節 名古屋グランパス戦（豊田スタジアム）
Jリーグ初得点 - 2013年5月25日 J1第13節 ベガルタ仙台戦（IAIスタジアム日本平）


== 代表・選抜歴 ==
U-18日本代表候補
U-20日本代表
全日本大学選抜(2010、2011)


== 脚注 ==


== 関連項目 ==
静岡県出身の人物一覧
慶應義塾大学の人物一覧
特別指定選手としてJリーグクラブに登録された選手一覧
清水エスパルスの選手一覧
ファジアーノ岡山FCの選手一覧
カターレ富山の選手一覧


== 外部リンク ==
河井陽介 - Soccerway.com (英語)
河井陽介 - FootballDatabase.eu (英語)
河井陽介 - WorldFootball.net (英語)
河井陽介 - Transfermarkt.comによる選手データ (英語)
河井陽介 - J.League Data Siteによる選手データ
河井陽介 - playmakerstats.com (英語)",,,
10438,佐藤 和樹,Kazuki SATO,a,佐藤和樹,yes,U18|U19|U20|other,negation_or_candidate_language_present,"U-18日本代表
AFC U-19選手権2012 (予選)
U-19日本代表
AFC U-19選手権2012
U-20日本代表
2013年東アジア競技大会
U-21日本代表候補",,,
10442,三鬼 海,MIKI Kai,a,三鬼海,yes,U17|U19|U20,negation_or_candidate_language_present,"U-17日本代表
U-19日本代表候補
U-20日本代表
2013年東アジア競技大会",,,
10443,水野 泰輔,Taisuke MIZUNO,a,水野泰輔,unclear,U18|U19,negation_or_candidate_language_present,"U-18日本代表候補
U-19日本代表候補",,,
10445,後藤 優介,GOTO Yusuke,a,後藤優介,unclear,other,negation_or_candidate_language_present,2014年3月にU-21日本代表候補のトレーニングキャンプメンバーに選出された。翌年2月にはAFC U-23選手権2016予選に臨むU-22日本代表の予備登録メンバーに選出されたが、最終メンバーからは落選した。,,,
10610,橋本 拳人,HASHIMOTO Kento,a,橋本拳人,yes,A|U23|other,negation_or_candidate_language_present,"2016年4月にはリオデジャネイロオリンピックを控えていたU-23日本代表候補合宿に初招集され、長身のボランチとして 攻守に果敢なプレーで アピールに成功。翌5月のガーナ代表戦及びオリンピック本大会招集選手の最終選考の場となった6月のキリンチャレンジカップ南アフリカ代表戦にも出場し、積極的な守備とユーティリティー性を評価された。人数制限 に対応しうる柔軟性や、 外国の大型選手に当たり負けないフィジカルの強さから 本大会選出を有力視されていたが、ACL出場のためにトゥーロン国際大会を回避したことや、既存メンバーの調和を重視した選考がなされたために 選外となった。
2019年3月、守田英正が負傷離脱したため、追加招集でキリンチャレンジカップ2019に臨む日本代表に初選出され、3月26日のボリビア戦にボランチとして初先発した。同年12月にはEAFF E-1サッカー選手権2019に出場する日本代表のメンバーに選出される 等以降日本代表に定着した。
2021年6月3日、予定されていたU-24日本代表とジャマイカ代表の試合が中止となり、急遽行われたA代表対U-24日本代表の試合で得点を挙げた。続く同月7日に行われたアジア2次予選・タジキスタン戦で国際Aマッチでの代表初ゴールを挙げた。
2022年7月13日、EAFF E-1サッカー選手権2022に臨む日本代表に選出され、代表復帰となった。",,,
10654,高橋 祐治,TAKAHASHI Yuji,a,高橋祐治,yes,U18|U19|U20|other,negation_or_candidate_language_present,"U-18日本代表
AFC U-19選手権2012 (予選)
U-19日本代表
U-20日本代表
2013年東アジア競技大会
U-21日本代表候補
U-22日本代表",,,
10763,小林 成豪,KOBAYASHI Seigo,a,小林成豪,yes,U19|university,negation_or_candidate_language_present,"小林 成豪（こばやし せいごう、1994年1月8日 - ）は、兵庫県神戸市出身のプロサッカー選手。Jリーグ・レノファ山口FC所属。ポジションはミッドフィールダー。マネジメント会社はジャパン・スポーツ・プロモーション（JSP）。
サッカー選手の小林里歌子は妹に当たる。


== 来歴 ==
ヴィッセル神戸のアカデミーの出身で、高校卒業後に関西学院大学に入学。大学ではサッカー部に所属し、井筒陸也や呉屋大翔が同期に当たる。大学4年次にはヴィッセル神戸の特別指定選手として承認された。
2016年、ヴィッセル神戸に入団。指揮官のネルシーニョのサッカーにいち早く対応し開幕戦から出場機会を得ると、5月18日のナビスコ杯予選・ヴァンフォーレ甲府戦でプロ初得点をマーク。29日の1stステージ第14節・大宮アルディージャ戦ではコーナーキックの場面で藤田直之のクロスを頭で流し込み J1初得点をマークした。2ndステージ第10節以降は出場機会は無かったものの、同年はリーグ戦20試合に出場した。
2017年は第5節から第8節まで4試合連続で先発出場を果たしたが、第9節以降は先発出場は1試合に留まり試合数、出場時間数ともに前年より減少した。
「もっと試合に出て、もっと成長したい」との思いから、2018年よりモンテディオ山形に期限付き移籍で加入。プロ入り後初めてコンスタントに試合出場機会を得ると、ゴール前でのリアクションの鋭さを発揮。第3節・ロアッソ熊本戦では2得点でシーズン初勝利に貢献し、第20節・徳島ヴォルティス戦では「自分でもびっくりした」というオーバーヘッド気味のジャンピングボレーで得点を奪うなど キャリアハイの12得点をマークした。
2019年、大分トリニータに完全移籍で加入。
2023年、レノファ山口FCへ完全移籍。


== 所属クラブ ==
若草少年サッカークラブ (神戸市立小束山小学校)
ヴィッセル神戸ジュニアユース (神戸市立多聞東中学校)
2009年 - 2011年 ヴィッセル神戸U-18 (神戸学院大学附属高等学校)
2012年 - 2015年 関西学院大学
2015年 ヴィッセル神戸 (特別指定選手)
2016年 - 2018年 ヴィッセル神戸
2018年 モンテディオ山形（期限付き移籍）
2019年 - 2022年 大分トリニータ
2023年 - レノファ山口FC


== 個人成績 ==

2015年 特別指定選手としての出場は無し（背番号15）。
Jリーグ初出場 - 2015年2月27日 1st第1節 ヴァンフォーレ甲府戦（ノエビアスタジアム神戸）
Jリーグ初得点 - 2015年5月29日 1st第14節 大宮アルディージャ戦（NACK5スタジアム大宮）


== タイトル ==


=== クラブ ===
ヴィッセル神戸U-18
サニックス杯国際ユースサッカー大会：1回（2011年）
プリンスリーグ関西：2回（2009年、2011年）
関西学院大学
関西学生サッカーリーグ：1回（2015年）
総理大臣杯全日本大学サッカートーナメント：1回（2015年）
全日本大学サッカー選手権大会：1回（2015年）
兵庫県サッカー選手権大会：4回（2012年 - 2015年）


== 代表・選抜歴 ==
兵庫県国体選抜
第64回国民体育大会（2009年）
第64回国民体育大会（2010年）
U-19日本代表候補（2013年）
全日本大学選抜
デンソーカップサッカー（2015年）
全日本大学選抜
2015年夏季ユニバーシアード代表


== 脚注 ==


== 関連項目 ==
兄弟スポーツ選手一覧
兵庫県出身の人物一覧
関西学院大学の人物一覧
ヴィッセル神戸の選手一覧
モンテディオ山形の選手一覧
大分トリニータの選手一覧
レノファ山口FCの選手一覧


== 外部リンク ==
小林成豪 - Soccerway.com (英語)
小林成豪 - FootballDatabase.eu (英語)
小林成豪 - WorldFootball.net (英語)
小林成豪 - Transfermarkt.comによる選手データ (英語)
小林成豪 - J.League Data Siteによる選手データ
小林成豪 - playmakerstats.com (英語)
小林成豪 (@seigo0108) - Instagram",,,
10799,小谷 光毅,Hiroki KOTANI,a,小谷光毅,unclear,U18,negation_or_candidate_language_present,2011年 U-18日本代表候補,,,
10815,福村 貴幸,Takayuki FUKUMURA,a,福村貴幸,unclear,U18|U19,negation_or_candidate_language_present,"U-18日本代表候補
U-19日本代表候補",,,
10817,戸島 章,Akira TOSHIMA,a,戸島章,unclear,U18,negation_or_candidate_language_present,2009年 U-18日本代表候補,,,
10859,黄 誠秀,HWANG Song Su,a,黄誠秀,yes,U20,negation_or_candidate_language_present,"U-20北朝鮮代表（2007年）
U-20ワールドユースアジア予選
北朝鮮代表候補（2012年、2014年）",,,
10895,黒木 晃平,KUROKI Kohei,a,黒木晃平,unclear,U18,negation_or_candidate_language_present,"黒木 晃平（くろき こうへい、1989年7月31日 - ）は、熊本県菊池郡大津町出身のプロサッカー選手。Jリーグ・ロアッソ熊本所属。ポジションはミッドフィールダー、ディフェンダー。
双子の兄の黒木恭平も元サッカー選手。


== 来歴 ==
大津高校では、主将としてチームを引っ張り、U-18日本代表候補にも選ばれた。佐賀大学3年時に、高校時代から練習参加していたサガン鳥栖の特別指定選手に登録される。4年時も引き続き、サガン鳥栖の特別指定選手に登録された。
2012年シーズンからサガン鳥栖に加入。
2013年シーズンはロアッソ熊本へ期限付き移籍。2013年12月14日には、期限付き移籍期間の延長が発表された。
2015年に熊本へ完全移籍。当初は攻撃的な位置でも起用されたが、片山奨典が骨折にて長期離脱したことで再び左サイドバックとして起用された。2016年も左右のサイドバックでの起用が多かったが、3ゴールを決めキャリアハイの得点を記録している。2017年シーズン以降も左右のサイドバック、ウイングバックとして安定して出番を掴み続けている。
2019年5月19日、ガイナーレ鳥取戦で決めたミドルシュートは、J3の5月期ベストゴールに選出された。
その後も安定して出番を掴み、豊富な運動量を活かした出足の良い守備や思い切った攻撃参加、セットプレーでのダイレクトボレーを強みにして主に右サイドバックや3バックの右で活躍し、2022年には主力としてJ1昇格プレーオフ出場にも貢献した。2024年シーズンも主力として活躍したが第21節(横浜FC戦)で0-5の大敗を喫すると、それを契機に出番を減らし後半途中から3バック右や右ウイングバックに入るような起用法が主体となった。
2025年シーズンは3バックの右側でのプレーが主体だったが、大西遼太郎や小林慶太とのポジション争いの結果、10試合の出場に留まった。


== エピソード ==
ロアッソ熊本におけるリーグ戦通算最多出場者である。


== 所属クラブ ==
ウィングスFCクマモト
大津町立大津中学校
2005年 - 2007年 熊本県立大津高等学校
2008年 - 2011年 佐賀大学
2010年 - 2011年 サガン鳥栖 (特別指定選手)
2012年 - 2014年 サガン鳥栖
2013年 - 2014年 ロアッソ熊本 (期限付き移籍)
2015年 - ロアッソ熊本


== 個人成績 ==

2010年・2011年は特別指定選手
その他の公式戦
2022年
J1参入プレーオフ 3試合0得点
出場歴
Jリーグ初出場 - 2010年5月29日 J2第15節 ギラヴァンツ北九州戦（ベアスタ）
Jリーグ初得点 - 2013年3月31日 J2第6節 カターレ富山戦（うまスタ）
その他：KFA 第23回熊本県サッカー選手権大会 (2019.5.12) 1試合0得点


== 獲得タイトル ==


=== クラブ ===
ロアッソ熊本
J3リーグ：1回（2021年）


== 脚注 ==


== 関連項目 ==
熊本県出身の人物一覧
兄弟スポーツ選手一覧
佐賀大学の人物一覧
特別指定選手としてJリーグクラブに登録された選手一覧
サガン鳥栖の選手一覧
ロアッソ熊本の選手一覧


== 外部リンク ==
黒木晃平 - Soccerway.com (英語)
黒木晃平 - FootballDatabase.eu (英語)
黒木晃平 - WorldFootball.net (英語)
黒木晃平 - Transfermarkt.comによる選手データ (英語)
黒木晃平 - J.League Data Siteによる選手データ
黒木晃平 - playmakerstats.com (英語)
黒木晃平 (@kohei30) - X（旧Twitter）
黒木晃平 (@kurokikouhei) - Instagram",,,
10923,シュミット ダニエル,SCHMIDT Daniel,a,シュミット・ダニエル,yes,A,negation_or_candidate_language_present,"2016年10月、日本代表候補GK合宿のメンバーに選出。
2018年8月30日、日本代表に初招集された。11月16日のキリンチャレンジカップ対ベネズエラ戦で日本代表初出場。
2019年1月、AFCアジアカップ2019に臨む日本代表に招集され、グループリーグ第3戦のウズベキスタン戦にスタメンで出場し、終了間際の枠内を捉えたミドルシュートを止めるなど活躍。試合終了後に相手チームの監督であったエクトル・クーペルから称賛されている。
2022年9月、エクアドル戦でPKを止めてチームをピンチから救いメディアのMOMに選出。Twitterのトレンドでも1位に躍り出た。
サポーターが選ぶ「メンバー入りしてほしい選手アンケート」で1位に輝くなど本戦への期待が高まる中、2022年11月、カタールワールドカップの出場メンバーに初選出された。ワールドカップのメンバーに選ばれた日本代表選手の中で歴代最長身である。しかし本大会4試合では権田修一が全試合に出場した為、出場機会を得ることは一度もなかった。
2023年3月24日、第二次森保JAPANの初陣となるウルグアイ戦でスタメンフル出場。9月12日、トルコ戦では守勢の場面でも安定したセービングを見せて勝利に貢献。



日本代表
2018年 - キリンチャレンジカップ
2019年 - AFCアジアカップ2019
2022年 - キリンチャレンジカップ
2022年 - 2022 FIFAワールドカップ
2023年 - キリンチャレンジカップ

国際Aマッチ 14試合 0得点（2018年 - ）

",,,
10958,鮫島 晃太,Kota SAMESHIMA,a,鮫島晃太,unclear,U17|U19,negation_or_candidate_language_present,"鮫島 晃太（さめしま こうた、1992年6月24日 - ）は、鹿児島県枕崎市出身 の元プロサッカー選手。現役時代のポジションはミッドフィールダー。


== 来歴 ==
鹿児島生まれの鹿児島育ちであり、鹿児島城西高等学校1年次の2008年度には、全国高校サッカー選手権大会で準優勝を経験。同年代の柴崎岳、小島秀仁らとともに、いわゆる「プラチナ世代」屈指の選手として注目され、U-17日本代表候補、U-19日本代表候補にも選出された。しかし、主力の一人だった2009年のFIFA U-17ワールドカップ日本代表メンバーからは、スペイン遠征後に参加した三重フェスティバル中に負った半月板損傷の大怪我によって落選。
怪我をした練習試合の相手がサンフレッチェ広島ユースだったことから、リハビリに際して広島が練習施設を全面提供し、怪我が治った後も広島の練習にしばしば参加することになる。横浜F・マリノスなど複数のJクラブによる争奪戦が展開されたが、結局これが縁となり、2011年よりサンフレッチェ広島とプロ契約を結んだ。
2012年6月6日に行われた、ナビスコ杯第5節ベガルタ仙台戦にて、プロ初スタメン初出場を果たした。
2013年5月11日、ガイナーレ鳥取へ期限付き移籍。
2014年、AC長野パルセイロへ期限付き移籍。
2015年を以て広島、長野ともに契約満了となり、2016年に藤枝MYFCに完全移籍。2021年11月30日、契約満了による退団が発表された。同年12月9日、フクダ電子アリーナで行われたJリーグ合同トライアウトに出場。
2022年、九州サッカーリーグのヴェロスクロノス都農へ加入した。
2023年12月4日、契約満了による退団が発表された。
2024年1月10日、現役引退を発表した。


== 所属クラブ ==
枕崎市立桜山小学校
鹿児島育英館中学校
鹿児島城西高等学校
2011年 - 2015年  サンフレッチェ広島
2013年5月 - 同年12月  ガイナーレ鳥取 (期限付き移籍)
2014年 - 2015年  AC長野パルセイロ (期限付き移籍)
2016年 - 2021年  藤枝MYFC
2022年 - 2023年  ヴェロスクロノス都農


== 個人成績 ==

公式戦初出場：2012年6月6日ヤマザキナビスコカップ第5節対ベガルタ仙台戦（広島ビッグアーチ）
先発出場、68分森崎浩司と途中交代
リーグ戦初出場：2013年5月19日J2第14節対モンテディオ山形戦（とりぎんバードスタジアム）
41分横竹翔に代わり途中出場
公式戦初得点：


== タイトル ==


=== クラブ ===
サンフレッチェ広島
Jリーグ ディビジョン1：1回 (2012年)
ゼロックススーパーカップ：1回 (2013年)


== 脚注 ==

安藤隆人『プラチナ世代のW杯』。 


== 関連項目 ==
サンフレッチェ広島F.Cの選手一覧
ガイナーレ鳥取の選手一覧
AC長野パルセイロの選手一覧
藤枝MYFCの選手一覧
ヴェロスクロノス都農の選手一覧


== 外部リンク ==
鮫島晃太 - Soccerway.com (英語)
鮫島晃太 - FootballDatabase.eu (英語)
鮫島晃太 - WorldFootball.net (英語)
鮫島晃太 - Transfermarkt.comによる選手データ (英語)
鮫島晃太 - J.League Data Siteによる選手データ
鮫島晃太 (@same23same) - X（旧Twitter）",,,
10983,櫛引 政敏,KUSHIBIKI Masatoshi,a,櫛引政敏,yes,U18|U19|U23|other,negation_or_candidate_language_present,"2016年7月1日、リオデジャネイロオリンピックの18人のメンバーに背番号1の正GKとして 選出され、初戦のU-23ナイジェリア代表戦に出場したが5失点を喫して敗戦。残り2試合はGK中村航輔に先発を譲って欠場し、チームはグループリーグ敗退となった。オリンピック本大会中に先発GKが替えられたのは日本代表史上初の事例だった。10月13日、日本代表候補GKトレーニング合宿のメンバーに招集された。

U-18日本代表（2011年）
U-19日本代表
2012年 AFC U-19選手権
U-21日本代表
2014年 AFC U-22アジアカップ
U-22日本代表
2015年 AFC U-23選手権2016 (予選)（2015年）
U-23日本代表
2016年 AFC U-23選手権 (優勝) (5試合出場)
2016年 トゥーロン国際大会
2016年 キリンチャレンジカップ
2016年 リオデジャネイロオリンピック",,,
11010,昌子 源,SHOJI Gen,a,昌子源,yes,A|U16|U19|other,negation_or_candidate_language_present,"2014年10月1日、日本代表に初選出されたが、発表直後の10月5日のJ1第27節・G大阪戦後に負傷による辞退が発表された。その後、2014年内最後の強化試合メンバー発表となった11月5日に代表復帰。2015年1月にオーストラリアで開催されたAFCアジアカップ2015のメンバーにも選ばれたが、出場機会はなかった。その後A代表監督のハビエル・アギーレ氏が解任され、ヴァイッド・ハリルホジッチ氏が新監督に就任し、新体制初陣となった3月の国内2試合に臨む日本代表メンバーに選出され、31日に行われたJALチャレンジカップ2015のウズベキスタン代表戦で代表デビューを果たす。
2016年3月17日、2018 FIFAワールドカップ・アジア2次予選の代表発表で復帰。2017年12月12日、EAFF E-1サッカー選手権2017の中国代表戦で代表初得点を決めた。
2018年6月12日の国際親善試合パラグアイ代表戦で槙野智章に代わりスタメンに起用され、勝利に貢献すると、そのまま2018 FIFAワールドカップ初戦のコロンビア代表戦でW杯初出場を果たし、アジア勢としてワールドカップ史上初の南米勢に対する勝利に貢献した。レギュラー組唯一のJリーガーとして海外クラブも注目する活躍を見せ、GL突破に貢献するも決勝トーナメント1回戦で敗れた。

国際Aマッチ初出場 - 2015年3月31日 JALチャレンジカップ 2015 vsウズベキスタン代表（東京スタジアム）
国際Aマッチ初得点 - 2017年12月12日 EAFF E-1サッカー選手権2017 vs中国代表（味の素スタジアム）

U-16日本代表
U-19日本代表候補
U-22日本代表候補
日本代表
2015年 - AFCアジアカップ2015
2016年 - 2018 FIFAワールドカップ・アジア2次予選兼AFCアジアカップ2019・2次予選
2016年 - キリンカップサッカー2016
2017年 - 2018 FIFAワールドカップ・アジア3次予選
2017年 - EAFF E-1サッカー選手権2017
2018年 - 2018 FIFAワールドカップ
2021年 - 2022 FIFAワールドカップ・アジア2次予選兼AFCアジアカップ2023・2次予選
2021年 - 2022 FIFAワールドカップ・アジア3次予選

国際Aマッチ 20試合 1得点（2015年 - 2021年）



",,,
11031,野津田 岳人,Gakuto NOTSUDA,a,野津田岳人,yes,A|U15|U16|U17|U18|U19|U20|U23|other,negation_or_candidate_language_present,"吉武博文率いるU-16日本代表候補にも選ばれていたが、最終的には落選し、2011 FIFA U-17ワールドカップ出場は叶わなかった。
U-21日本代表からは常連メンバーになって中島翔哉と矢島慎也らとともに2014年アジア競技大会では中盤のレギュラーとして活躍したもののその後のリオデジャネイロ五輪のメンバーに入ることは叶わずバックアップメンバーにとどまった。
A代表には長年縁がなかったが、EAFF E-1サッカー選手権2022に出場する国内組（Jリーグ）のみで構成される日本代表に初めて選出された。7月24日、第2戦の中国戦で先発フル出場し、A代表初出場。

U-15日本代表
U-16日本代表
U-17日本代表
U-18日本代表
AFC U-19選手権2012 (予選)
U-19日本代表
AFC U-22アジアカップ2013 (予選)
AFC U-19選手権2012
U-20日本代表
2013年東アジア競技大会
U-21日本代表
アジア競技大会
U-22日本代表
AFC U-23選手権2016 (予選)
U-23日本代表
AFC U-23選手権2016
キリンチャレンジカップ
トゥーロン国際大会2016
リオデジャネイロオリンピック（バックアップメンバー）
日本代表
EAFF E-1サッカー選手権2022

国際Aマッチ 1試合 0得点（2022年 - ）

",,,
11038,川田 修平,KAWATA Shuhei,a,川田修平,yes,U16|U17|U20,negation_or_candidate_language_present,"2010年 U-16日本代表候補
2011年  U-17日本代表
2013年  U-20日本代表",,,
11044,岡西 宏祐,Kosuke OKANISHI,a,岡西宏祐,yes,U17|university,negation_or_candidate_language_present,"2008年 U-17日本代表候補
2012年 関東大学選抜",,,
11087,日髙 慶太,Keita HIDAKA,a,日髙慶太,yes,U16|U17,negation_or_candidate_language_present,"U-16日本代表
U-17日本代表候補",,,
11093,伊東 幸敏,Yukitoshi ITO,a,伊東幸敏,yes,U23|other,negation_or_candidate_language_present,"U-21日本代表候補（2014年）
U-22日本代表候補
2015年 AFC U-23選手権2016予選予備登録メンバー
U-23日本代表（2016年）",,,
11131,丸山 祐市,MARUYAMA Yuichi,a,丸山祐市,yes,A|U23|other,negation_or_candidate_language_present,"2016年10月11日：国際Aマッチ初出場 - 最終予選 vs オーストラリア (ドックランズ・スタジアム)

ユニバーシアードサッカー日本代表
2011年夏季ユニバーシアード (優勝)
U-21日本代表
2010年 第16回アジア競技大会（離脱）
U-22日本代表
2011年 ロンドンオリンピックアジア最終予選
U-23日本代表候補
日本代表
2015年 2018 FIFAワールドカップ・アジア2次予選
2016年 キリンカップサッカー2016
2016年 キリンチャレンジカップ
2016年 2018 FIFAワールドカップ・アジア3次予選

国際Aマッチ（2016年）2試合0得点

",,,
11150,白崎 凌兵,SHIRASAKI Ryohei,a,白崎凌兵,yes,U18|U19|U20,negation_or_candidate_language_present,"2011年 U-18日本代表候補
2012年 U-19日本代表候補
2013年 U-20日本代表",,,
11177,木下 高彰,Takaaki KINOSHITA,a,木下高彰,yes,U16|U17|U18,negation_or_candidate_language_present,"木下 高彰（きのした たかあき、1993年6月11日 - ）は静岡県浜松市出身のプロサッカー選手。ポジションはディフェンダー（DF）。


== 来歴 ==
2012年にジュビロ磐田に入団。
2014年3月16日に、Jリーグ・アンダー22選抜として藤枝MYFC戦に出場し、J3リーグ初出場。同年4月20日に行われた横浜FC戦で磐田の選手としてのリーグ初出場を果たした。また、Jリーグ・アンダー22選抜として出場した10月12日に行われたSC相模原戦でリーグ初ゴールを含む2ゴール挙げた。
2015年12月9日に2016年から水戸ホーリーホックでプレーする事が発表された。
2017年、福島ユナイテッドFCに期限付き移籍。
2018年、藤枝MYFCに期限付き移籍。シーズン終了後、契約満了により水戸・藤枝両クラブから退団が発表された。同年12月12日、フクダ電子アリーナで行われたJリーグ合同トライアウトに出場。
2019年、いわてグルージャ盛岡に移籍。
2020年、ラインメール青森FCに完全移籍。2022年シーズン終了後、ラインメール青森FCは退団を発表した。
2023年2月20日に神奈川県社会人サッカーリーグ1部の品川CC横浜への移籍を発表。


== 所属クラブ ==
アマ経歴
浜松白脇SSS
浜松JFC
2006年 - 2008年 浜松開誠館中学校
2009年 - 2011年 浜松開誠館高等学校
プロ経歴
2012年 - 2015年  ジュビロ磐田
2014年 - 2015年  Jリーグ・アンダー22選抜
2016年 - 2018年  水戸ホーリーホック
2017年  福島ユナイテッドFC (期限付き移籍)
2018年  藤枝MYFC (期限付き移籍)
2019年  いわてグルージャ盛岡
2020年 - 2022年  ラインメール青森FC
2023年  品川CC横浜


== 個人成績 ==

その他の公式戦

Jリーグ初出場 - 2014年3月16日 J3第2節 藤枝MYFC戦 (藤枝総合運動公園サッカー場)
Jリーグ初得点 - 2014年10月12日 J3第28節 SC相模原戦 (相模原ギオンスタジアム)


== 代表・選抜歴 ==
U-14ナショナルトレセン(2006年、2007年)
U-16ナショナルトレセン(2008年)
U-16日本代表(2009年)
国体静岡県選抜(2009年)
静岡県選抜(2010年、2011年)
U-17日本代表(2010年)
U-18日本代表候補(2011年)


== 脚注 ==


== 関連項目 ==
ジュビロ磐田の選手一覧
水戸ホーリーホックの選手一覧
福島ユナイテッドFCの選手一覧
藤枝MYFCの選手一覧
いわてグルージャ盛岡の選手一覧
ラインメール青森FCの選手一覧


== 外部リンク ==
木下高彰 - Soccerway.com (英語)
木下高彰 - FootballDatabase.eu (英語)
木下高彰 - WorldFootball.net (英語)
木下高彰 - Transfermarkt.comによる選手データ (英語)
木下高彰 - J.League Data Siteによる選手データ
木下高彰 - playmakerstats.com (英語)
木下高彰 (@takaaki.kinoshita0611) - Instagram",,,
11179,喜田 拓也,KIDA Takuya,a,喜田拓也,yes,U16|U17|U18|U19|U20|U23|other,negation_or_candidate_language_present,"U-16日本代表
豊田国際ユースサッカー大会（2010年）
U-17日本代表
2011 FIFA U-17ワールドカップ（2011年）
U-18日本代表
スロバキアカップ（2012年）
U-19日本代表
アルクディア国際ユースサッカートーナメント（2013年）
U-20日本代表
2013年東アジア競技大会（2013年）
U-21日本代表
AFC U-22アジアカップ2013（2013年）
2014年アジア競技大会（2014年）
U-23日本代表
トゥーロン国際大会（2016年）
日本代表候補
東アジアカップ2015（予備登録メンバー）",,,
11191,林 彰洋,HAYASHI Akihiro,a,林彰洋,yes,A|U18|U19|U20|U23|other,negation_or_candidate_language_present,"流通経済大在籍中の2006年開催のAFCユース選手権ではU-19日本代表の正GKとしてプレー。2007年には同代表でのプレーぶりが日本代表監督を務めていたイビチャ・オシムの目に留まり、A代表の候補合宿に現役大学生としては17年ぶりに選出された。同年のU-20ワールドカップでは正GKとしてベスト16進出に貢献。
北京オリンピックの代表候補にも入っていたが西川周作、山本海人を上回ることができずバックアップメンバーにとどまる。
清水加入後の2012年4月にはアルベルト・ザッケローニ監督により5年ぶりに日本代表候補に招集された。
同年6月14日、若手で経験値のあるGKとしてロンドンオリンピックに臨むU-23日本代表の予備登録メンバーにオーバーエイジ枠で選出された。林自身は意欲を示していたが、清水側が権田修一の控えという位置付けだったことに反発。結局バックアップメンバーという形での選出になり、チームに帯同して渡英し親善試合に出場したものの、本大会直前に帰国した。
鳥栖移籍後の2014年4月には2年ぶりに日本代表選出。同年8月にはハビエル・アギーレ新体制発足後初の日本代表に招集された。FC東京移籍後の2017年3月にはヴァイッド・ハリルホジッチ率いる2018 FIFAワールドカップ・アジア最終予選メンバーにも選出された。

U-18日本代表
2005年 スロバキアカップ、リスボン国際ユーストーナメント、国際ユースサッカーin新潟、SBSカップ、AFCユース選手権2006 (予選)
U-19日本代表
2006年 カタール国際ユーストーナメント、SBSカップ、AFCユース選手権2006
U-20日本代表
2007年 トゥーロン国際大会、FIFA U-20ワールドカップ
U-22日本代表
2007年 カタール国際ユーストーナメント、2008年北京オリンピックのサッカー競技・アジア予選
U-23日本代表
2008年 トゥーロン国際大会、北京オリンピック バックアップメンバー
2012年 ロンドンオリンピック バックアップメンバー（オーバーエイジ）
ユニバーシアードサッカー日本代表
2007年 2007年夏季ユニバーシアードサッカー競技
2009年 2009年夏季ユニバーシアードサッカー競技
日本代表
2007年 候補合宿
2014年 キリンチャレンジカップ
2015年 2018 FIFAワールドカップ・アジア2次予選
2016年 2018 FIFAワールドカップ・アジア3次予選",,,
11193,中島 翔哉,NAKAJIMA Shoya,a,中島翔哉,yes,A|U17|U19|U23|other,negation_or_candidate_language_present,"2011年、U-17日本代表に選出されU-17ワールドカップに出場。準々決勝ブラジル戦では相手のスペースを巧みに突いて 得点を挙げた。
2014年、手倉森誠監督率いるリオデジャネイロオリンピックを目指す日本代表に選出され、2014年1月開催のU-22アジア選手権に背番号10を背負って出場。切れ味鋭いドリブルで 相手DFを翻弄し、チーム最多となる3得点を記録した。同年9月のアジア競技大会でもエース格として フル出場を続けた。
2015年、AFCアジアカップ2015のサポートメンバーとしてA代表に帯同。数合わせとしての参加ながら、得意のキレのあるドリブルで 控え組を盛り立てた。その後も相手の守備組織を撹乱する素早い動き出しでパスを呼び込み 得点力と運動量を兼備するチームに欠かせない存在として信頼を集めた。
U-23日本代表として出場した2016年1月のAFC U-23選手権では、準々決勝U-23イラン戦での2得点や、決勝U-23韓国代表戦での浅野拓磨による決勝点のアシスト、素早い攻守の切替を体現する運動量で チームの初優勝に貢献し、大会最優秀選手に選ばれた。
負傷によりトゥーロン国際大会を欠場し、一時はオリンピック本大会出場を危ぶまれたが、キリンチャレンジカップU-23南アフリカ戦で2得点を挙げてメンバー入りを手繰り寄せた。オリンピック本大会ではグループリーグ第2戦のU-23コロンビア戦で先発出場し、相手GKの頭上を抜く 鮮やかなミドルシュートを決めて決勝トーナメント進出への望みをつないだが、第3戦の他チームの結果によりグループリーグで敗退した。このゴールにより手倉森体制下での総得点はチーム最多となる19得点を数えた。
2018年3月24日、マリとの親善試合でサッカー日本代表としてデビューを果たし、初出場ながら三竿健斗のボールに合わせてネットを揺らし、チームの窮地を救った。この試合や所属チームの活躍もあり、W杯メンバー選出に期待されたが、マリ戦で中島を代表に選出し、この試合の中島を絶賛していたヴァイッド・ハリルホジッチが日本代表監督を解任された影響もあり、W杯メンバーからは落選した。8月30日に発表された森保一新監督の初陣のメンバーに選ばれ、9月11日に行われたコスタリカ戦からメンバー外の香川真司に代わり背番号10を付けてプレーしている。
2019年1月、AFCアジアカップ2019に向けて現地練習を行っていたが、直前のチームでの試合の怪我の影響で負傷離脱を余儀なくされた。当大会では代役として追加召集された乾貴士が背番号10を背負うこととなった。3月の親善試合（対コロンビア・ボリビア）では、香川の復帰に伴いどちらが10番を着用するのか注目されたが、10番は香川が着用し、中島は8番となった。ボリビア戦では途中出場で得点を決め、この得点がサッカー男子日本A代表の平成における最後の得点となった。
2019年6月、A代表では自身初の国際大会であるコパ・アメリカ2019のメンバーに選出。グループリーグ全3試合に出場。第3戦のエクアドル戦では、得点を挙げてマンオブザマッチにも選出された。
2019年11月以降、クラブでの不調もあり代表からは遠ざかり、2022 FIFAワールドカップのメンバーにも選出されなかった。



U-17日本代表
2011年：スロバキアカップ、U-17ワールドカップ
U-19日本代表
2013年：アルクディア国際ユースサッカートーナメント
U-21日本代表
2014年：AFC U-22選手権2013、アジア競技大会
U-22日本代表
2015年：AFC U-23選手権2016 (予選)
U-23日本代表
2016年：AFC U-23選手権2016
2016年：キリンチャレンジカップ
2016年：リオデジャネイロオリンピック
日本代表
2017年：2018 FIFAワールドカップ・アジア3次予選予備登録
2018年：キリンチャレンジカップ
2019年：コパ・アメリカ2019

国際Aマッチ 19試合 5得点 (2018年 - 2019年)



",,,
11225,小塚 和季,KOZUKA Kazuki,a,小塚和季,yes,U18|U23,negation_or_candidate_language_present,"U-18日本代表
スロバキア遠征（2012年）
U-23日本代表候補（2016年）",,,
11231,川口 尚紀,KAWAGUCHI Naoki,a,川口尚紀,yes,U16|U17|U18|U19|other,negation_or_candidate_language_present,"U-16日本代表(2010年)
U-17日本代表(2011年)
2011 FIFA U-17ワールドカップ
U-18日本代表(2011年)
U-19日本代表(2012年)
U-21日本代表(2013年)
AFC U-22アジアカップ2013
U-22日本代表(2015年)
日本代表候補
2015年 - 東アジアカップ2015（予備登録メンバー）。",,,
11246,風間 宏矢,Koya KAZAMA,a,風間宏矢,yes,U17|U18|U19,negation_or_candidate_language_present,"U-17日本代表
U-18日本代表候補
U-19日本代表
AFC U-19選手権2012",,,
11264,木村 裕,Yu KIMURA,a,木村裕,unclear,other,negation_or_candidate_language_present,"U-22日本代表候補
2015年 AFC U-23選手権2016予選予備登録メンバー",,,
11285,齊藤 隆成,Ryusei SAITO,a,齊藤隆成,unclear,U15,negation_or_candidate_language_present,U-15日本代表候補,,,
11292,渋谷 飛翔,SHIBUYA Tsubasa,a,渋谷飛翔,yes,U17|U18,negation_or_candidate_language_present,"U-17日本代表
U-18日本代表候補",,,
11318,前田 凌佑,Ryosuke MAEDA,a,前田凌佑,yes,U15|U17|other,negation_or_candidate_language_present,"U-15日本代表
AFC U-16選手権2010 (予選)
U-17日本代表
U-22日本代表候補",,,
11336,永井 堅梧,NAGAI Kengo,a,永井堅梧,yes,U16|U19|other,negation_or_candidate_language_present,"2010年 U-16日本代表候補
2013年 U-19日本代表
2014年 U-21日本代表",,,
11364,渡辺 亮太,Ryota WATANABE,a,渡辺亮太,unclear,U18,negation_or_candidate_language_present,U-18日本代表候補,,,
11368,松本 昌也,MATSUMOTO Masaya,a,松本昌也,yes,U16|U17|U19|other,negation_or_candidate_language_present,"U-16日本代表
U-17日本代表
2011 FIFA U-17ワールドカップ（2011年）
U-19日本代表
U-22日本代表候補
2015年 AFC U-23選手権2016予選予備登録メンバー
福島県国体選抜",,,
11376,野澤 英之,Hideyuki NOZAWA,a,野澤英之,yes,U16|U17|U19|U20|other,negation_or_candidate_language_present,"野澤 英之（のざわ ひでゆき、1994年8月15日 - ）は、埼玉県和光市出身の元プロサッカー選手。ポジションはミッドフィールダー（MF）。


== 来歴 ==


=== プロ入り前 ===
5歳の時にサッカーを始め 2007年からFC東京U-15深川に加入。2008年のU-15高円宮杯では2年生ながら主力としてチームの優勝に貢献。同期の二瓶翼と共に飛び級でのU-18昇格も検討されたが、クラムジーに見舞われたため見送られた。U-18では1年時から中盤の一角に入った。
2010年5月、U-16日本代表候補に追加招集されると ここで評価を掴み、同年7月の新潟国際ユースでは3戦ともボランチで先発出場、翌8月の豊田国際ユースでは3戦連続でフル出場する（U-16日本代表では野沢と植田直通のみ） など代表に定着した。しかし、選手登録上の都合で10月の同年のAFC U-16選手権のメンバーからは外れた。2011年、中盤でのゲームコントロール役としてFIFA U-17ワールドカップに出場。「パスを多く回してリズムを作る（本人談）」役割を担った。


=== FC東京 ===
2013年からFC東京トップチームへ昇格。3月23日のヤマザキナビスコカップ鹿島戦で公式戦初出場を記録した。守備には難が有ったが、ランコ・ポポヴィッチ監督からは現役時代のジョゼップ・グアルディオラに通じるプレースタイルと評されていた。
2014年開幕戦のJ1第1節柏戦でJリーグ初出場。好配球でアンカーのポジションを掴み、先発に定着しつつあったが、J1第8節鳥栖戦で外側側副靱帯を損傷 したことにより、その後の出場機会は限られた。
2015年、5月26日にリオデジャネイロ五輪予選兼AFC U－23選手権2016予選の予備登録メンバーに選ばれた。
2016年、8月6日の2nsステージ・J1第7節のジュビロ磐田戦では、高橋秀人に変わって途中出場して今季J1初出場を果たした。


=== レンタル時代 ===
2017年、FC岐阜に期限付き移籍。FC岐阜ではボランチではなく、サイドバックでプレーした。
2018年は愛媛FCに期限付き移籍。7月21日、第24節のファジアーノ岡山FC戦で移籍後初得点を決めた。2019年は期限付き移籍期間を延長して愛媛に残留。


=== ヴァンフォーレ甲府 ===
2020年、ヴァンフォーレ甲府に完全移籍。
2022年10月、同年シーズンをもって現役引退と発表した。


=== 引退後 ===
2022年に現役を引退した後、2023年に株式会社HIROTSUバイオサイエンスへ入社し、法人営業部に所属している。N-NOSEの法人導入に向けた営業活動を担当し、大手企業を含む顧客への商談、契約手続き、導入後のフォローなどを行っている。また、講演会やセミナーでの登壇機会も持ち、がんの早期発見に寄与するサービス普及に取り組んでいる。


== 所属クラブ ==
リオFC
2007年 - 2009年 FC東京U-15深川
2010年 - 2012年 FC東京U-18 (埼玉県立和光国際高等学校)
2013年 - 2019年  FC東京
2014年 - 2015年  Jリーグ・アンダー22選抜
2017年  FC岐阜（期限付き移籍）
2018年 - 2019年  愛媛FC（期限付き移籍）
2020年 - 2022年  ヴァンフォーレ甲府


== 個人成績 ==

その他の公式戦

出場歴
公式戦初出場 - 2013年3月23日 ヤマザキナビスコカップGL第2節 vs鹿島アントラーズ（カシマ）
Jリーグ初出場 - 2014年3月1日 J1第1節 vs柏レイソル（柏）
Jリーグ初得点 - 2016年7月16日 J3第13節 vsFC琉球（沖縄県陸）


== 代表・選抜歴 ==
埼玉県選抜
2010年 - 国民体育大会サッカー競技・千葉国体 (ベスト16)
U-16日本代表
2010年 - 第11回豊田国際ユースサッカー大会 (2位)
U-17日本代表
2010年 - 第14回国際ユースサッカー in 新潟 (2位)
2011年 - スロバキアカップ2011 (3位)
2011年 - 2011 FIFA U-17ワールドカップ (ベスト8)
U-19日本代表
2013年 - アルクディア国際ユースサッカートーナメント (グループリーグ)
U-20日本代表
2013年 - 国際親善試合
U-21日本代表
2014年 - アジア競技大会 (ベスト8)


== タイトル ==
FC東京U-15
高円宮杯全日本ユースサッカー選手権 (U-15)大会：1回（2008年）
FC東京U-18
高円宮杯U-18サッカーリーグ プリンスリーグ関東：1回（2010年）
ヴァンフォーレ甲府

天皇杯JFA全日本サッカー選手権大会：1回（2022年）


== 脚注 ==


=== 注釈 ===


=== 出典 ===


== 関連項目 ==
FC東京の下部組織#出身選手
2014年アジア競技大会日本選手団
埼玉県出身の人物一覧
FC東京の選手一覧
FC岐阜の選手一覧
愛媛FCの選手一覧
ヴァンフォーレ甲府の選手一覧


== 外部リンク ==
野澤英之 - Soccerway.com (英語)
野澤英之 - FootballDatabase.eu (英語)
野澤英之 - WorldFootball.net (英語)
野澤英之 - Transfermarkt.comによる選手データ (英語)
野澤英之 - FIFA主催大会成績 (英語)
野澤英之 - J.League Data Siteによる選手データ
プロフィール - FC東京
プロフィール - 2014年アジア競技大会 （英語）
TOKYO PLAYER INTERVIEWS #9 野澤英之 - YouTube - FC東京公式チャンネル
野澤英之 - ESPN FC（英語）",,,
11385,三浦 弦太,MIURA Genta,a,三浦弦太,yes,A|U18|U19|U23,negation_or_candidate_language_present,"世代別ではU-18、U-19、U-23で選出され、2016年にはリオデジャネイロオリンピックに向けて、トゥーロン国際大会や親善試合に臨むU-23日本代表メンバーに選出されたが、目立った活躍はなく、オリンピック本大会メンバーには選ばれなかった。
2017年5月25日、6月7日のキリンチャレンジカップ2017・シリア戦と13日の2018 FIFAワールドカップ・アジア3次予選・イラク戦に臨む日本代表メンバーに初選出される。11月29日、EAFF E-1サッカー選手権2017に臨む国内組で構成される日本代表メンバーに選出され、12月12日の中国戦で先発フル出場し国際Aマッチ初出場を飾る。16日の韓国戦にも先発フル出場し、同大会2試合に出場。
2018年、所属するG大阪では前年に続き主力を務めているが、チームが不調なことや、直前での代表監督交代もあり、2018 FIFAワールドカップに向けた3月の強化試合や5月の最終候補の代表メンバーには選出されず、2018 FIFAワールドカップ本大会からも落選した。ロシアW杯後に発足した森保一監督体制以降は継続して日本代表メンバーに選出され、コンスタントに試合に出場。10月16日のキリンチャレンジカップ2018・ウルグアイ戦ではG大阪でチームメイトのGK東口と共に先発フル出場。後半12分に東口と連携が噛み合わずに、自身のパスミスからボールを奪われ、エディンソン・カバーニに同点ゴールを許してしまう。それでもチームは4得点を奪い、4-3で格上ウルグアイから歴史的勝利を上げた。
12月には2019年1月に開催されるAFCアジアカップ2019の日本代表メンバーに選出されたが、本大会ではチームのGS突破が決定して迎えたグループステージ最終戦のウズベキスタン戦の1試合のみの出場に留まった。
2019年12月、EAFF E-1サッカー選手権2019に出場する日本代表メンバーに選出され、12月10日の中国戦で国際Aマッチ初得点を決めた。
なお、以降は代表からは遠ざかっている。

国際Aマッチ初出場 - 2017年12月12日 EAFF E-1サッカー選手権2017 vs中国代表（味の素スタジアム）
国際Aマッチ初得点 - 2019年12月10日 EAFF E-1サッカー選手権2019 vs中国代表（九徳総合運動場）

U-18日本代表
AFC U-19選手権2014 (予選)
U-19日本代表
2014 AFF U-19ユース選手権
AFC U-19選手権2014
U-23日本代表
トゥーロン国際大会2016
キリンチャレンジカップ
日本代表
2017年 - キリンチャレンジカップ
2017年 - 2018 FIFAワールドカップ・アジア3次予選
2017年 - EAFF E-1サッカー選手権2017
2019年 - AFCアジアカップ2019
2019年 - EAFF E-1サッカー選手権2019

国際Aマッチ 10試合1得点（2017年 - 2019年）



",,,
11386,六平 光成,Mitsunari MUSAKA,a,六平光成,yes,U18|U19|other|university,negation_or_candidate_language_present,"U-18日本代表
SBSカップ（2009年）
仙台カップ（2009年）
AFC U-19選手権2010 (予選)（2009年）
U-19日本代表
ダラスカップ（2010年）
ミルクカップ（2010年）
SBSカップ（2010年）
AFC U-19選手権2010（2010年）
全日本大学選抜
デンソーカップサッカー （2011年）
ユニバーシアード日本代表 （2011年）
2011年夏季ユニバーシアード
U-22日本代表候補
ロンドンオリンピックアジア最終予選予備登録",,,
11393,青木 翔大,AOKI Shota,a,青木翔大,unclear,university,negation_or_candidate_language_present,"青木 翔大（あおき しょうた、1990年8月11日 - ）は、神奈川県厚木市出身のプロサッカー選手。Jリーグ・ザスパ群馬所属。ポジションはフォワード。ボールキープ力、前線からのプレスを特徴とし、攻撃の起点としても機能する。


== 来歴 ==
兄の影響でサッカーを始める。中学時代は寒川町のフットワーククラブでテクニックを磨き、中2からは社会人に混じって練習していた。鹿島学園高校時代はレギュラーの座をつかめなかったが、3年時に全国高校サッカー選手権3位を経験。卒業後は桐蔭横浜大学へ進学し、3年時から横浜FCの練習に参加。4年時に関東大学サッカーリーグ戦1部昇格へ貢献した。
2013年に、横浜FCへ入団。同年7月、AC長野パルセイロへ期限付き移籍。シーズン終了後、移籍契約満了に伴い長野を退団。2014年、一度横浜FCへの復帰が発表されたが、2月にFC琉球へ再び期限付き移籍。
2015年に横浜FCへ復帰。
2016年、8クラブ程のオファーがあった中、吉田謙の圧倒的熱意に動かされアスルクラロ沼津へ完全移籍。2018年、第9節藤枝戦で右ヒジ関節脱臼、全治2カ月の負傷、しかしながら第24節静岡ダービー藤枝戦で技あり左足のシュートを決める。
2019年、ザスパクサツ群馬へ完全移籍、9月18日の沼津戦で、右膝前十字靭帯断裂、全治8ヶ月 と苦しんだが、二ケタ得点の活躍でJ2復帰に大きく貢献した。群馬時代のキャッチコピーは「蒼き翔け馬」。
2022年、ブラウブリッツ秋田へ完全移籍、沼津同僚中村亮太らと再合流。4月24日の群馬戦で恩返し弾を決め勝利し、最終的には5得点でチーム得点王となった。
2023年第8節町田戦で、センターライン付近から「青い稲妻シュート」 を放つも山本雄大、坊薗真琴ら審判団に得点を認められなかった。DAZN映像では明らかにゴールラインを割っていて、大誤審となった。第10節大宮戦ではシザーズを織り込んで対峙する浦上を翻弄して絶妙なマイナス方向へアシストを出し、週刊J2北條聡のベストアシスト賞を受賞した。
2024年で秋田との契約が満了。
2025年、ザスパ群馬に復帰。


== 所属クラブ ==
1997年 - 2002年 毛利台FC（厚木市立毛利台小学校）
2003年 - 2005年 フットワーククラブジュニアユース（厚木市立玉川中学校）
2006年 - 2008年 鹿島学園高等学校
2009年 - 2012年 桐蔭横浜大学
2013年 - 2015年 横浜FC
2013年7月 - 同年12月 AC長野パルセイロ（期限付き移籍）
2014年2月 - 同年12月 FC琉球（期限付き移籍）
2016年 - 2018年 アスルクラロ沼津
2019年 - 2021年 ザスパクサツ群馬
2022年 - 2024年 ブラウブリッツ秋田
2025年 - ザスパ群馬


== 個人成績 ==

Jリーグ初出場 - 2013年3月20日 J2第4節 対ザスパクサツ群馬（正田醤油スタジアム群馬）
Jリーグ初得点 - 2014年3月9日 J3第1節 対Jリーグ・アンダー22選抜（沖縄県総合運動公園陸上競技場）


== 選抜歴 ==
2011年 関東大学選抜候補


== タイトル ==


=== クラブ ===
AC長野パルセイロ
日本フットボールリーグ (2013年)


=== 個人 ===
関東大学サッカーリーグ戦2部 ベストイレブン (2012年)


== トリヴィア・人物・エピソード ==
小柳達司とともに、農業企画の「BB FARMプロジェクト」に参加している。
好きな言葉は「コツコツが勝つコツ」
好きな色は、名前と同じ青
イオンモール秋田のエレベーターにブラウブリッツの装飾が施されたが、デザインで主役扱いとなっている。
プレー中は、右手を握りしめて拳、左手は開いていることが多い。


== 脚注 ==


== 関連項目 ==
神奈川県出身の人物一覧
横浜FCの選手一覧
AC長野パルセイロの選手一覧
FC琉球の選手一覧
アスルクラロ沼津の選手一覧
ザスパクサツ群馬の選手一覧
ブラウブリッツ秋田の選手一覧


== 外部リンク ==
青木翔大 - Soccerway.com (英語)
青木翔大 - FootballDatabase.eu (英語)
青木翔大 - WorldFootball.net (英語)
青木翔大 - Transfermarkt.comによる選手データ (英語)
青木翔大 - J.League Data Siteによる選手データ
青木翔大 - playmakerstats.com (英語)
青木翔大 (100003148876023) - Facebook
青木翔大 (@shota_aoki10) - X（旧Twitter）
青木翔大 (@aokishota10) - Instagram
ザスパクサツ群馬　青木翔大　Aoki Shota プレー集",,,
11426,汰木 康也,YURUKI Koya,a,汰木康也,yes,U18|U19,negation_or_candidate_language_present,"U-18日本代表候補
U-19日本代表",,,
11434,井手口 陽介,IDEGUCHI Yosuke,a,井手口陽介,yes,A|U15|U16|U18|U19|U23|other,negation_or_candidate_language_present,"2016年、AFC U-23選手権2016のU-23日本代表メンバーに最年少として選出、グループリーグ第3戦のサウジアラビア戦ではインサイドハーフとして出場して貴重な2点目をあげた。7月1日、リオデジャネイロオリンピックの正式メンバーにチーム最年少として選出された。8月8日、グループステージ第2戦のU-23コロンビア戦ではボランチとして先発するも、自身の判断ミスからテオフィロ・グティエレスの得点を許し 2-2の引き分けに終わった。8月11日、第3戦のU-23スウェーデン戦では後半途中からインサイドハーフとして出場するも、チームはコロンビアに続いて3位で予選敗退に終わった。11月4日、キリンチャレンジカップ・オマーン戦および2018 FIFAワールドカップ・アジア3次予選の日本代表メンバーに初招集されたが、出場は無かった。
2017年6月7日、キリンチャレンジカップのシリア戦で山口蛍に代わって途中出場し、A代表デビューを果たす。6月13日、2018 FIFAワールドカップ・アジア3次予選のイラク戦で代表初先発を飾った。8月31日の2018 FIFAワールドカップ・アジア3次予選・オーストラリア戦では、82分にダメ押しとなる代表初ゴールを挙げ、日本代表の6大会連続W杯出場に貢献した。21歳8日でのW杯最終予選ゴールは中田英寿に次ぐ若さでW杯出場決定試合では歴代最年少となった。日本をW杯へ導く得点を挙げた事もあり、W杯メンバー入りが有力視されていたが、2018年に移籍したレオネサで出場機会に恵まれなかった影響もあり、日本代表から遠ざかり、W杯最終メンバーからも外れてしまった。W杯メンバーからは外れたがバックアップメンバーに選ばれ、W杯に同行する予定になっていたが、所属するリーズ・ユナイテッドFCからクラブ合流の要請があり、代表がロシア入りする前にチームを離れる事となった。
日本代表の監督が森保一に交代して以降は暫くメンバーに選出されなかったが、2019年11月のキリンチャレンジカップ2019のメンバーに選出され、19日のベネズエラ戦で約1年半ぶりに代表復帰を果たした。また、12月にはEAFF E-1サッカー選手権2019に出場する日本代表メンバーにも選出された。

国際Aマッチ初出場 - 2017年6月7日 - キリンチャレンジカップ2017 vsシリア代表（東京スタジアム）
国際Aマッチ初得点 - 2017年8月31日 - 2018 FIFAワールドカップ・アジア3次予選 vsオーストラリア代表（埼玉スタジアム2002）

JFAエリートプログラムU-13（U-13日本選抜）
JFAエリートプログラムU-14（U-14日本選抜）
U-14日本代表候補
U-15日本代表
U-16日本代表
U-18日本代表
U-19日本代表
2014年 - AFC U-19選手権2014
U-21日本代表
U-22日本代表
U-23日本代表
2016年 - AFC U-23選手権2016
2016年 - トゥーロン国際大会
2016年 - キリンチャレンジカップ
2016年 - リオデジャネイロオリンピック
日本代表
2016年 - キリンチャレンジカップ
2016年 - 2018 FIFAワールドカップ・アジア3次予選
2017年 - EAFF E-1サッカー選手権2017
2019年 - EAFF E-1サッカー選手権2019

国際Aマッチ 15試合 2得点（2016年 - 2019年）



",,,
11449,高丘 陽平,Yohei TAKAOKA,a,高丘陽平,yes,U16|U17,negation_or_candidate_language_present,"2012年 U-16日本代表候補
2013年 U-17日本代表",,,
11490,小島 亨介,KOJIMA Ryosuke,a,小島亨介,yes,A|U15|U16|U17|U18|U19|U20|U23|other,negation_or_candidate_language_present,"2011年にU-15日本代表候補のトレーニングメンバーに選出される。翌年U-16日本代表に選出されると、以後継続して年代別代表に招集されるようになる。2016年のAFC U-19選手権では、年代別代表では正GKを務めながら大学ではほぼ出番が無いというギャップを、逆に自身を奮い立たせる原材料とし、全6試合中の5試合に先発出場。決勝戦・タジキスタン戦でビッグセーブを見せるなど全試合で相手を完封し、大会制覇に貢献した。
2017年6月にはFIFA U-20ワールドカップに出場。チームはベネズエラに敗れ決勝トーナメント1回戦敗退となり、自身も4試合6失点と完封試合を達成することが出来なかったが、全試合に先発出場し世界の力量を体感した。同年8月にはユニバーシアード日本代表として、2017年夏季ユニバーシアード（台北）に出場。決勝戦こそ先発の座を永石拓海に譲ったが、全6試合中3試合に先発出場し同大会優勝に貢献した。
2018年、森保一体制となって初の公式戦となるAFC U-23選手権に臨むU-21日本代表に選出。初戦のパレスチナ戦を含む全4試合中3試合に出場し、ベスト8の成績を残した。同年8月にはアジア競技大会に出場。負傷により欠場した1試合以外の6試合に先発出場を果たしたが、チームは決勝で韓国に惜敗し準優勝となった。
2019年5月、コパ・アメリカに臨む東京五輪世代中心で構成された日本代表（A代表）に選出され、同年12月にはEAFF E-1サッカー選手権2019に出場する日本代表にも選出されたが、ともに公式戦出場機会はなかった。
年代別代表への招集も2020年初頭に開催されたAFC U-23選手権2020への参加を最後に途絶え、最終的には東京五輪のメンバーからも外れた。
2023年10月12日、MIZUHO BLUE DREAM MATCH 2023、キリンチャレンジカップ2023のカナダ代表、チュニジア代表との試合でヴィッセル神戸の前川黛也が怪我したことにより、追加招集された。なお出場はなかった。

U-16日本代表
モンテギュー国際大会（2012年）
U-17日本代表
サニックス杯国際ユースサッカー大会（2014年）
U-18日本代表
第27回バレンティン・グラナトキン国際フットボールトーナメント（2015年）
Panda Cup（2015年）
SBSカップ 国際ユースサッカー（2015年）
長安フォードカップCFA国際ユース（U-18）フットボールトーナメント（2015年）
AFC U-19選手権2016予選（2015年）
U-19日本代表
バーレーン U-19カップ（2016年）
Suwon JS Cup（2016年）
Panda Cup（2016年）
NTC招待大会（2016年）
SBSカップ 国際ユースサッカー（2016年）
フランス・UAE遠征（2016年）
AFC U-19選手権（2016年）
アルゼンチン遠征（2016年）
U-20日本代表
ドイツ遠征（2017年）
2017 FIFA U-20ワールドカップ（2017年）
AFC U-23選手権2018 (予選)（2017年）
U-21日本代表
AFC U-23選手権2018（2018年）
パラグアイ遠征（2018年）
アジア競技大会（2018年）
ドバイカップU-23（2018年）
U-22日本代表
AFC U-23選手権2020 (予選)（2019年）
北中米遠征（2019年）
U-23日本代表
AFC U-23選手権2020（2020年）
日本代表
コパ・アメリカ2019（2019年）
EAFF E-1サッカー選手権2019（2019年）",,,
11495,谷口 彰悟,Shogo TANIGUCHI,a,谷口彰悟,yes,A,negation_or_candidate_language_present,"2015年3月、日本代表のバックアップメンバーに初選出。5月12日・13日に行われるサッカー日本代表の合宿メンバーに選ばれ、6月11日のイラク戦の日本代表初出場を果たした。2021年、再び日本代表に選出。
2022年、FIFAワールドカップ・アジア最終予選を戦う日本代表に選出され、中国戦、サウジアラビア戦に先発フル出場し2試合連続のクリーンシートでの勝利に貢献した。7月、EAFF E-1サッカー選手権2022ではキャプテンとして優勝を果たし、大会ベストDFに選出された。同年11月、ワールドカップカタール大会に臨む代表メンバーに選出された。グループリーグ最終節のスペイン戦で吉田麻也、板倉滉と共に3バックの左CBとしてスタメン起用され、日本代表選手としてはこれまでで最年長となる31歳139日でワールドカップ初出場。相手シュートを防いだりスペイン代表のエースガビを完全に封じるなど守備で勝利に貢献、チームは決勝トーナメント進出を果たした。決勝トーナメント1回戦、クロアチア戦でも先発起用され、試合開始直後の決定機は決め切れず、延長PK戦でチームは敗れたが、ディフェンス面では良いプレーを見せた。
カタールW杯後、最初の代表活動ではメンバーから外れたが、翌6月に代表復帰。2023年6月15日エルサルバドルとの親善試合に先発出場し、前半1分に久保建英のセットプレーを頭で合わせ、代表初ゴールを記録した。
2026年5月15日、2026 FIFAワールドカップに臨む日本代表に選出された。グループリーグ初戦のオランダ戦では先発してフル出場、第3戦のスウェーデン戦では、板倉滉の負傷で前半39分から急遽出場した。決勝トーナメント1回戦のブラジル戦では先発起用され、好守を見せたが、1-2で敗戦した。



ユニバーシアード日本代表
第26回夏季ユニバーシアード
第27回夏季ユニバーシアード
日本代表
2018 FIFAワールドカップ・アジア2次予選
東アジアカップ2015
EAFF E-1フットボールチャンピオンシップ2017
2022 FIFAワールドカップ・アジア2次予選兼AFCアジアカップ 2023・予選
2022 FIFAワールドカップ・アジア3次予選
EAFF E-1サッカー選手権2022
2022 FIFAワールドカップ
2026 FIFAワールドカップ・アジア2次予選兼AFCアジアカップ 2027・予選
AFCアジアカップ2023
2026 FIFAワールドカップ・アジア3次予選
2026 FIFAワールドカップ

国際Aマッチ 41試合 1得点（2015年 - ）



",,,
11500,光永 祐也,Yuya MITSUNAGA,a,光永祐也,yes,U17|U18,negation_or_candidate_language_present,"2012年 U-17日本代表
2013年 U-18日本代表候補",,,
11880,佐藤 悠希,Yuki SATO,a,佐藤悠希,yes,U16|university,negation_or_candidate_language_present,"佐藤 悠希（さとう ゆうき、1988年2月13日 - ）は、奈良県出身の元サッカー選手。ポジションはMF、FW。


== 略歴 ==
奈良育英高校時代はU-16日本代表候補トレーニングキャンプメンバーに選出されている。
関西大学では1学年下に金園英学がおり、2トップを組んでいたこともあった。大学卒業後の2010年にジェフリザーブズに加入。
2011年、ジェフリザーブズの解散に伴い、2012年よりAC長野パルセイロに移籍。
2018年11月28日、AC長野パルセイロより契約期間の満了が発表。同年12月12日、フクダ電子アリーナで行われたJリーグ合同トライアウトに出場した。
2019年、FC刈谷に移籍。移籍1年目は東海社会人サッカーリーグ1部で10得点を挙げ、最優秀選手とベストイレブンを受賞した。
2021年を以て、FC刈谷で現役引退。引退に当たっては「佐藤悠希選手引退記念タオル」も発売された。


== 所属クラブ ==
2000年 - 2002年 奈良市立富雄中学校
2003年 - 2005年 奈良育英高等学校
2006年 - 2009年 関西大学
2010年 - 2011年 ジェフユナイテッド市原・千葉リザーブズ
2012年 - 2018年 AC長野パルセイロ
2019年 - 2021年 FC刈谷


== 個人成績 ==

その他の公式戦

2014年
J2・J3入れ替え戦 2試合0得点
2021年
JFL・地域リーグ入れ替え戦 1試合0得点
Jリーグ初出場 - 2014年3月9日 J3第1節 福島ユナイテッドFC戦（味の素フィールド西が丘）
Jリーグ初得点 - 2014年4月29日 J3第9節 ブラウブリッツ秋田戦（秋田市八橋運動公園球技場）


== タイトル・代表歴 ==
2004年：U-16日本代表
奈良県国体少年選抜選手
関西大学選抜選手
2013年：JFLベストイレブン
2019年：東海社会人サッカーリーグ最優秀選手・ベストイレブン


== 脚注 ==


== 関連項目 ==
奈良県出身の人物一覧
関西大学の人物一覧
AC長野パルセイロの選手一覧
FC刈谷の選手一覧


== 外部リンク ==
佐藤悠希 - Soccerway.com (英語)
佐藤悠希 - FootballDatabase.eu (英語)
佐藤悠希 - Transfermarkt.comによる選手データ (英語)
佐藤悠希 - J.League Data Siteによる選手データ
佐藤悠希 (@yukisato0213) - X（旧Twitter）
佐藤悠希 (@satoyuki09) - Instagram
佐藤悠希 - YouTubeチャンネル",,,
11900,椎名 伸志,SHIINA Nobuyuki,a,椎名伸志,yes,U16|U18|university,negation_or_candidate_language_present,"椎名 伸志（しいな のぶゆき、1991年10月15日 - ）は、北海道出身のサッカー選手。


== 来歴 ==
青森山田高校では1学年下の柴崎岳とボランチのコンビを組み、第88回全国高等学校サッカー選手権大会で準優勝の成績を収めた。2010年には流通経済大学に進学し、2011年の夏季ユニバーシアードでは金メダルを獲得した。
2014年より、松本山雅FCに入団。
2015年7月よりカターレ富山に期限付き移籍。移籍直後から試合に出場していたが、同月29日の試合中に左膝前十字靭帯断裂および内側側副靭帯損傷の重傷（全治8ヶ月）を負い、シーズン残り全試合を欠場することとなった。2016年、移籍期間を延長して引き続き富山に在籍、10月16日J3第25節に復帰した。
2017年よりカターレ富山に完全移籍。


== 所属クラブ ==
札幌ジュニアFCユース
2007年 - 2009年 青森山田高等学校
2010年 - 2013年 流通経済大学
2014年 - 2016年 松本山雅FC
2015年7月 - 2016年 カターレ富山（期限付き移籍）
2017年 - カターレ富山


== 個人成績 ==

出場歴
Jリーグ初出場 - 2014年3月2日 J2第1節 vs東京ヴェルディ1969 (味の素スタジアム)
公式戦初得点 - 2014年7月12日 天皇杯 2回戦 対カマタマーレ讃岐 （アルウィン）86分
Jリーグ初得点 - 2017年6月25日 J3第14節 対ガンバ大阪U-23（富山）80分


== 代表・選抜歴 ==
U-16日本代表（2007年）
U-18日本代表候補（2009年）
日本高校選抜（2010年）
全日本大学選抜（2011年、2012年）


== タイトル ==
ユニバーシアード日本代表
夏季ユニバーシアード 金メダル：1回（2011年）


== 脚注 ==


== 関連項目 ==
北海道出身の人物一覧
松本山雅FCの選手一覧
カターレ富山の選手一覧


== 外部リンク ==
椎名伸志 (@shiina.nobuyuki_official) - Instagram 
椎名伸志 (@shiinanobuyuki) - X（旧Twitter）
椎名伸志 - Soccerway.com (英語)
椎名伸志 - FootballDatabase.eu (英語)
椎名伸志 - WorldFootball.net (英語)
椎名伸志 - Transfermarkt.comによる選手データ (英語)
椎名伸志 - J.League Data Siteによる選手データ
椎名伸志 - playmakerstats.com (英語)
椎名伸志選手のブログ",,,
11964,青木 亮太,AOKI Ryota,a,青木亮太,yes,U15|U16|U18|U19,negation_or_candidate_language_present,"2010年 U-15日本代表
2011年 U-16日本代表
2013年 U-18日本代表候補
2014年 U-19日本代表",,,
11977,オナイウ 阿道,ONAIWU Ado,a,オナイウ阿道,yes,A|U19|U23|other,negation_or_candidate_language_present,"2014年にU-19日本代表として初の世代別代表に選出された。
2015年から2016年にかけてはリオ五輪世代のU-23日本代表にも招集され、最終予選（AFC U-23選手権2016)では大会優勝に貢献した。2016年のリオ五輪本戦では落選したが、鈴木武蔵が代表に追加登録されたことに伴い、バックアップメンバーとして追加登録された。
2019年11月、キリンチャレンジカップに臨む日本代表に初選出されたが、試合出場機会は得られなかった。
2021年6月6日、2022 FIFAワールドカップ・アジア2次予選兼AFCアジアカップ2023予選に臨む日本代表において、大迫勇也の怪我による代表離脱に伴い追加招集された。6月11日、キリンチャレンジカップ・セルビア戦にて約1年半越しのA代表デビューを果たすと、代表出場2試合目となる6月15日のW杯アジア2次予選兼アジアカップ予選・キルギス戦にてハットトリックを達成。



U-19日本代表
AFC U-19選手権2014（2014年）
U-22日本代表
国際親善試合（2015年）
U-23日本代表
AFC U-23選手権2016（2016年）
第44回トゥーロン国際大会（2016年）
キリンチャレンジカップ（2016年）
リオデジャネイロオリンピック（2016年）- バックアップメンバー
日本代表
キリンチャレンジカップ（2019年）
2022 FIFAワールドカップ・アジア2次予選（2021年）
キリンチャレンジカップ（2021年）

国際Aマッチ 3試合 3得点（2019年 - 2021年）



",,,
12058,平岡 翼,Tasuku HIRAOKA,a,平岡翼,unclear,U15|U17,negation_or_candidate_language_present,"U-15日本代表候補
U-17日本代表候補
日本高校サッカー選抜
NEXT GENERATION MATCH（2013年）
デュッセルドルフ国際ユース大会（2013年）",,,
12063,岩武 克弥,IWATAKE Katsuya,a,岩武克弥,yes,U15|U16|U17,negation_or_candidate_language_present,"U-15日本代表候補：2011年
U-16日本代表候補：2012年
U-17日本代表：2013年
デンソーカップチャレンジ全日本選抜：2016年
ユニバーシアード日本代表：2017年",,,
12067,碓井 鉄平,Teppei USUI,a,碓井鉄平,yes,U18|U19|university,negation_or_candidate_language_present,"2009年
U-18日本代表候補
JFA U-18選抜 - NIKKEI杯沖縄県高校招待サッカー大会
2010年
日本高校選抜 - 静岡県ヤングサッカーフェスティバル、ベリンツォーナ国際ユースサッカー大会
U-19日本代表候補 - AFC U-19選手権予備登録
全日本大学選抜",,,
12079,大森 啓生,Hiroki OMORI,a,大森啓生,unclear,university,negation_or_candidate_language_present,"大森 啓生（おおもり ひろき、1990年7月26日 - ）は、宮城県石巻市出身のプロサッカー選手。ポジションはディフェンダー（左サイドバック）、ミッドフィルダー。


== 来歴 ==
塩釜FCユースから関東学院大学へ進学。3年時にはデンソーカップチャレンジサッカーの関東大学選抜候補に選出された。
2013年、ブラウブリッツ秋田へ入団したが、1年で退団。
2014年より、SC相模原に完全移籍した。
2015年をもってSC相模原を退団。
2016年より、オーストラリアのBrisbane Strikers FCに移籍した。2016年・2017年と2年連続リーグ戦優勝を果たし、2018年までリーグ年間ベストイレブン2回・月間最優秀賞・チーム年間MVPを受賞。


== 所属クラブ ==
石巻山下サンファンFC
塩釜FCジュニアユース
塩釜FCユース
関東学院大学
2013年  ブラウブリッツ秋田
2014年 - 2015年  SC相模原
2016年 - 2019年  Brisbane Strikers FC


== 個人成績 ==

Jリーグ初出場 - 2014年3月9日 J3第1節 対ツエーゲン金沢（相模原ギオンスタジアム）
Jリーグ初得点 - 2015年7月5日 J3第19節 対YS横浜戦（ニッパツ）


== 脚注 ==


== 関連項目 ==
宮城県出身の人物一覧
関東学院大学の人物一覧
ブラウブリッツ秋田の選手一覧
SC相模原の選手一覧


== 外部リンク ==
大森啓生 - Soccerway.com (英語)
大森啓生 - FootballDatabase.eu (英語)
大森啓生 - Transfermarkt.comによる選手データ (英語)
大森啓生 - J.League Data Siteによる選手データ
大森啓生 (@_mori_hiro_) - X（旧Twitter）
大森啓生 (@hiroki.omori) - Instagram",,,
12091,大武 峻,Shun OBU,a,大武峻,no,,negation_or_candidate_language_present,"ユニバーシアード日本代表
2013年夏季ユニバーシアード
日本代表候補
2015年 - 東アジアカップ2015予備登録メンバー。",,,
12094,大石 治寿,Tsugutoshi OISHI,a,大石治寿,unclear,U18,negation_or_candidate_language_present,"大石 治寿（おおいし つぐとし、1989年9月25日 - ）は、神奈川県横浜市出身で秦野市育ちの元サッカー選手。現役時代のポジションはフォワード。
J3リーグ最多得点記録保持者（2025シーズン終了時点）。


== 経歴 ==
2009年8月に神奈川大学を中退して、当時JFLに所属していたFC刈谷に加入した。FC刈谷が東海リーグに降格した後もチームに残留した。
2014年、FC刈谷元監督の加藤知弘がコーチを務める藤枝MYFCに入団。2014年3月30日のJ3リーグ第4節・AC長野パルセイロ戦で初先発すると、いきなり4得点を挙げハットトリックを達成。その後も得点を量産し、17得点で同年の得点ランキング2位となる。
2016年より栃木SCに完全移籍で加入。30試合に出場しチーム最多の11得点を挙げる。
2017年、同僚のGK吉満大介と共にレノファ山口FCへ完全移籍。自身初のJ2リーグでのプレーとなったが、リーグ戦は1年目は3得点、2年目は無得点に終わった。2018年シーズン終了後、契約満了により退団。同年12月12日、フクダ電子アリーナで行われたJリーグ合同トライアウトに出場した。
2019年、SC相模原へ加入。3シーズン振りにリーグ戦2ケタ得点を達成した。
2020年、藤枝MYFCに5年ぶりに復帰。7月11日のJ3第3節・Y.S.C.C.横浜戦、7月15日のJ3第4節・いわてグルージャ盛岡戦と2戦連続でハットトリックを達成した。
2022年11月25日、藤枝MYFCは契約の満了と来季に向けた契約更新をしないことを発表。3日後の11月28日、カンセキスタジアムとちぎで行われたJリーグ合同トライアウトに出場した。
2023年、福井ユナイテッドFCに移籍。
2026年1月6日、現役引退を発表。


== 所属クラブ ==
南が丘少年少女SC
ヴェルディSS相模原
2005年 - 2007年 静岡学園高校
2008年 - 2009年8月 神奈川大学
2009年8月 - 2013年 FC刈谷
2014年 - 2015年 藤枝MYFC
2016年 栃木SC
2017年 - 2018年 レノファ山口FC
2019年  SC相模原
2020年 - 2022年 藤枝MYFC
2023年 - 2025年 福井ユナイテッドFC


== 個人成績 ==

Jリーグ初出場 - 2014年3月23日 J3第3節 FC琉球戦（藤枝総合運動公園サッカー場）
Jリーグ初得点 - 2014年4月20日 J3第7節 AC長野パルセイロ戦（佐久総合運動公園陸上競技場）
その他公式戦

2009年 -  日本フットボールリーグ入替戦 2試合0得点
2016年 - J2・J3入れ替え戦 2試合0得点


== タイトル・代表歴 ==
神奈川県選抜
2007年 U-18日本代表候補
国体愛知県成年選抜


== 脚注 ==


== 関連項目 ==
神奈川県出身の人物一覧
横浜市出身の人物一覧
東京ヴェルディ1969の選手一覧#アカデミー出身者
神奈川大学の人物一覧
藤枝MYFCの選手一覧
栃木SCの選手一覧
レノファ山口FCの選手一覧
SC相模原の選手一覧


== 外部リンク ==
大石治寿 - Soccerway.com (英語)
大石治寿 - FootballDatabase.eu (英語)
大石治寿 - WorldFootball.net (英語)
大石治寿 - Transfermarkt.comによる選手データ (英語)
大石治寿 - J.League Data Siteによる選手データ
大石治寿 - playmakerstats.com (英語)",,,
12113,永島 悠史,Yushi NAGASHIMA,a,永島悠史,yes,U16|U17,negation_or_candidate_language_present,"U-16日本代表候補
U-17日本代表
2013 FIFA U-17ワールドカップ",,,
12129,三竿 健斗,MISAO Kento,a,三竿健斗,yes,A|U17|U18|U19|U23|other,negation_or_candidate_language_present,"2017年11月29日、EAFF E-1フットボールチャンピオンシップ2017に出場する日本代表メンバーに選出され、12月16日の韓国戦で国際Aマッチ初出場。
2018年3月26日に行われたマリ代表戦では、中島翔哉の得点をアシストし、代表初アシストを記録。ロシアワールドカップへ向けたメンバーリスト26人に入るも、本大会に臨む23人からは落選し、W杯目前での代表落選となった。



U-17日本代表
2013 FIFA U-17ワールドカップ
U-18日本代表
U-19日本代表
U-22日本代表
U-23日本代表
AFC U-23選手権2016（優勝）（1試合出場0得点）
日本代表
2017年 - EAFF E-1フットボールチャンピオンシップ2017

国際Aマッチ 6試合 0得点（2017年 - 2018年）

",,,
12141,車屋 紳太郎,KURUMAYA Shintaro,a,車屋紳太郎,yes,A|university,negation_or_candidate_language_present,"国際Aマッチ初出場 - 2017年10月10日 キリンチャレンジカップ2017 vsハイチ代表（日産スタジアム）

全日本大学選抜
デンソーカップチャレンジサッカー（2011年）
ユニバーシアード日本代表
第27回夏季ユニバーシアード（2013年）
日本代表候補
代表候補合宿（2016年）
日本代表
2017年 - EAFF E-1フットボールチャンピオンシップ2017

国際Aマッチ 4試合 0得点（2017年 - 2018年）

",,,
13980,伊東 純也,Junya ITO,a,伊東純也,yes,A|U23|other|university,negation_or_candidate_language_present,"2015年11月、U-22日本代表候補合宿に初招集され、2016年1月のAFC U-23選手権2016では予備登録メンバーに選出された。同年6月のキリンチャレンジカップ・南アフリカ戦で代表初出場を果たしたが、リオデジャネイロオリンピックのメンバーからは落選した。
2017年11月29日、EAFF E-1フットボールチャンピオンシップ2017に挑む日本代表に初招集され、12月9日の北朝鮮戦で国際Aマッチ初に出場した。
2018年9月11日、キリンチャレンジカップのコスタリカ戦で日本代表初ゴールを決めた。10月12日、キリンチャレンジカップのパナマ戦で日本代表2試合連続となるゴールを決めた。
2019年10月10日、2022 FIFAワールドカップ・アジア2次予選のモンゴル戦にて3アシストを記録した。2021年3月30日のモンゴル戦では2G3Aを記録し、5得点に絡む活躍を見せた。
森保一監督就任当初から堂安律の控えに甘んじることが多かったものの、アジア最終予選で遂にスタメン奪取を果たした。2021年11月11日、2022 FIFAワールドカップ・アジア3次予選のベトナム戦で決勝ゴールを決めると、2022年2月1日のサウジアラビア代表まで歴代最多タイの最終予選4試合連続ゴールを記録。最終予選では4G2A+PK獲得1回で、計7ゴールに関与（最終予選での日本の得点数は12点だったので、半分以上に関与）。日本代表のワールドカップ出場に大きく貢献した。
2022年11月1日、2022カタールW杯に臨む日本代表に選出された。この大会全試合に出場し、3戦目のスペイン戦ではプレスから堂安律の同点ゴールをアシストした。伊東に得点は生まれなかったものの、チームのベスト16に貢献した。
2024年1月〜2月に開催するアジアカップ2023のメンバーに招集された。グループステージ3戦全てに出場したが、性加害疑惑報道（詳細は後述）により途中離脱。その影響により、同年3月と同年6月の代表戦のメンバーには招集されなかった。同年9月の2026 FIFAワールドカップ・アジア最終予選よりメンバーに復帰した。復帰戦となる9月5日の中国代表戦にて後半32分、右サイドの久保建英から中央でパスを受けた伊東が左足でシュート。相手に当たってコースが変わり、ゴールネットに吸い込まれ、7か月ぶりの代表復帰戦で得点を決めた。
2026年3月28日、国際親善試合のスコットランド代表戦で、後半39分に左サイドを駆け上がった鈴木淳之介がペナルティーエリア内でパスを受けてクロス。塩貝健人がトラップで落としたボールに反応して中央に走り込み、キックフェイントで相手のマークを外してから右足でシュートし得点を決めた。国際Aマッチで得点した試合は14戦全勝となり「全勝神話」は岡崎慎司の13試合を抜いて単独最多となった。同年5月15日、2026 FIFAワールドカップに臨む日本代表に選出された。6月21日、W杯通算1000試合目の記念すべき一戦となったグループステージ第2節のチュニジア戦で後半24分にW杯における自身初得点を決め、日本代表のW杯での最多得点差の勝利に貢献。W杯で33歳での得点は、2018年ロシア大会のセネガル戦で本田圭佑が記録した32歳を抜く日本代表最年長記録となった。



関東大学選抜
2013年 - 第27回デンソーカップチャレンジサッカー
2014年 - 第28回デンソーカップチャレンジサッカー
全日本大学選抜
2014年 - 第11回デンソーカップサッカー日韓大学定期戦
U-23日本代表候補
2016年 - AFC U-23選手権2016（※予備登録メンバー）
U-23日本代表
2016年 - キリンチャレンジカップ
日本代表
2017年 - EAFF E-1フットボールチャンピオンシップ2017
2018年 - キリンチャレンジカップ
2019年 - AFCアジアカップ2019
2019年 - 2022 FIFAワールドカップ・アジア2次予選
2021年 - キリンチャレンジカップ
2022年 - 2022 FIFAワールドカップ
2023年 - キリンチャレンジカップ
2024年 - AFCアジアカップ2023
2026年 - 2026 FIFAワールドカップ

国際Aマッチ 73試合 16得点（2017年 - ）



",,,
15722,宮城 雅史,MIYAGI Masafumi,a,宮城雅史,unclear,U18,negation_or_candidate_language_present,2009年 U-18日本代表候補,,,
15731,吉満 大介,YOSHIMITSU Daisuke,a,吉満大介,yes,U18|university,negation_or_candidate_language_present,"吉満 大介（よしみつ　だいすけ、1993年2月21日 - ）は、鹿児島県霧島市出身のプロサッカー選手。Jリーグ・アルビレックス新潟所属。ポジションはゴールキーパー（GK）。


== 来歴 ==


=== 栃木SC ===
2015年に栃木SCに加入。加入1年目は竹重安希彦・桜井繁に次ぐ3番手となり1試合の出場に留まり、チームも最下位でJ3に降格した。降格後の2016年には桜井の引退もあって竹重からポジションを奪取。主力として全30試合に出場したが、J2・J3入れ替え戦でツエーゲン金沢に2戦合計0-3で敗北。1年でのJ2復帰はならなかった。


=== レノファ山口FC ===
2017年シーズンから、FW大石治寿と共にレノファ山口FCに完全移籍した。しかし、加入1年目は村上昌謙と山田元気がポジション争いを繰り広げており、自身の出場は8試合に留まった。
2018年になると新加入の藤嶋栄介も含めた4人でポジションを争い、17試合出場。村上と藤嶋退団後の2019年は山田とポジション争いを繰り広げながら、28試合出場と年を追うごとに出場機会を着実に増やしていった。しかし、2021年は関憲太郎の加入もあって完全に第2GKに降格したため出場機会は限られ、出場したのは関が怪我で離脱した7試合に留まった。
2023年12月12日、契約満了による退団が発表された。


=== アルビレックス新潟 ===
2023年12月26日、アルビレックス新潟に完全移籍することが発表された。この年のリーグ戦は小島亨介、カップ戦は阿部航斗が主戦を務めていた。ところが6月5日、ルヴァンカップのVファーレン長崎戦においてチーム側が選手登録ミスをしたために本来は控えのはずだった吉満が先発出場することになった。
2025年4月26日のJ1第12節柏レイソル戦に先発し、プロ11年目にしてJ1リーグ戦初出場を果たした。


== 所属クラブ ==
2005年 - 2007年 アミーゴス鹿児島U-15
2008年 - 2010年 神村学園高等部
2011年 - 2014年 鹿屋体育大学
2015年 - 2016年  栃木SC
2017年 - 2023年  レノファ山口FC
2024年 -  アルビレックス新潟


== 個人成績 ==

出場歴
Jリーグ初出場 - 2015年11月23日 J2第42節 コンサドーレ札幌戦 (札幌ドーム)
その他の公式戦

2016年
J2・J3入れ替え戦 2試合0得点


== 選抜・代表歴 ==
2011年 U-18日本代表候補
2011年 U-20全日本大学選抜
2012年 九州大学選抜
2013年 九州大学選抜


== 脚注 ==


== 関連項目 ==
栃木SCの選手一覧
レノファ山口FCの選手一覧
アルビレックス新潟の選手一覧
鹿児島県出身の人物一覧
鹿屋体育大学の人物一覧


== 外部リンク ==
吉満大介 - Soccerway.com (英語)
吉満大介 - FootballDatabase.eu (英語)
吉満大介 - WorldFootball.net (英語)
吉満大介 - Transfermarkt.comによる選手データ (英語)
吉満大介 - J.League Data Siteによる選手データ
吉満大介 (@mitsu214217) - Instagram 
吉満大介 (@0221Po) - X（旧Twitter）
吉満大介 (dajie.jiman) - Facebook",,,
15763,志村 滉,SHIMURA Ko,a,志村滉,unclear,U18,negation_or_candidate_language_present,"志村 滉（しむら こう、1996年4月27日 - ）は、千葉県出身のプロサッカー選手。Jリーグ・RB大宮アルディージャ所属。ポジションはゴールキーパー（GK）。


== 経歴 ==
船橋市立船橋高等学校に進学後、2013年に2年生ながら守護神として出場した全国高等学校総合体育大会で優勝。
2015年にジュビロ磐田へ入団。2016年5月25日に行われた2016年のヤマザキナビスコカップ第6節・鹿島アントラーズ戦で公式戦デビューを果たした。同年6月11日には、正GKのカミンスキーとセカンドGKの八田直樹が怪我のため、J1リーグ第15節・FC東京戦で先発起用されリーグ戦デビューも果たした。その試合でファインセーブを連発し、無失点でチームに貢献した。
2018年6月11日、水戸ホーリーホックへ9月10日までの育成型期限付き移籍が発表された。同年7月22日、移籍期間を前倒しして磐田に復帰。
2020年12月9日、AFCチャンピオンズリーグに伴う日程調整のため、選手登録期限外ではあるが翌年1月までの特例期限付き移籍でFC東京へ移籍。
2021年、ギラヴァンツ北九州へ完全移籍。
加入後は同じく新加入の吉丸絢梓がポジションを確保したため、自身は控えに留まっていたが、4月10日に行われたJ2リーグ第7節ヴァンフォーレ甲府戦にて後半開始と同時に吉丸と交代で途中出場。加入後初出場を果たした。しかし吉丸や若手の田中悠也などとのポジション争いに敗れ、2試合の出場に留まった。
2022年4月7日、大宮アルディージャへの期限付き移籍が発表された。
5月18日のJ2第15節盛岡戦にて、79分に正GKであった南雄太がアキレス腱断裂の大怪我を負い負傷退場したため交代出場。以降はスタメンに定着。26試合に出場し、チームの残留を助けた。
2023シーズンからは完全移籍に移行。チームは最下位に沈むという苦しい状況の中で、それまで正GKを務めていた笠原に代わり第36節の徳島戦から出場、スーパーセーブを連発して4連勝に貢献したが、第40節の甲府戦と第41節の清水戦に連敗し、21位以下が確定、J3降格となった。


== 所属クラブ ==
バディーSC千葉
ヴィヴァイオ船橋SC
船橋市立船橋高等学校
2015年 - 2021年1月  ジュビロ磐田
2015年  Jリーグ・アンダー22選抜
2018年6月 - 同年7月  水戸ホーリーホック（育成型期限付き移籍）
2020年12月 - 2021年1月  FC東京（期限付き移籍）
2021年 - 2022年  ギラヴァンツ北九州
2022年4月 - 同年12月  大宮アルディージャ（期限付き移籍）
2023年 -  大宮アルディージャ / RB大宮アルディージャ


== 個人成績 ==

公式戦初出場 - 2016年5月25日 ヤマザキナビスコカップ第6節・鹿島アントラーズ戦（茨城県立カシマサッカースタジアム）
Jリーグ初出場 - 2016年6月11日 J1 1stステージ第15節 FC東京戦 (エコパスタジアム)


== タイトル ==


=== クラブ ===
大宮アルディージャ
J3リーグ・1回（2024年）
埼玉県サッカー選手権大会：1回（2024年）


== 代表・選抜歴 ==
2013年、U-18日本代表候補
2014年、日本高校選抜
2015年、日本高校選抜チーム


== 脚注 ==


== 関連項目 ==
千葉県出身の人物一覧
ジュビロ磐田の選手一覧
水戸ホーリーホックの選手一覧
FC東京の選手一覧
ギラヴァンツ北九州の選手一覧
RB大宮アルディージャの選手一覧


== 外部リンク ==
志村滉 - Soccerway.com (英語)
志村滉 - FootballDatabase.eu (英語)
志村滉 - WorldFootball.net (英語)
志村滉 - Transfermarkt.comによる選手データ (英語)
志村滉 - J.League Data Siteによる選手データ
志村滉 - playmakerstats.com (英語)
ジュビロ磐田公式プロフィール
志村滉 (@uokarumis) - Instagram 
志村滉 (@uok0427) - X（旧Twitter）",,,
15773,玉城 峻吾,Shungo TAMASHIRO,a,玉城峻吾,unclear,U18,negation_or_candidate_language_present,U-18日本代表候補,,,
15785,上原 力也,UEHARA Rikiya,a,上原力也,yes,U16|U17,negation_or_candidate_language_present,"上原 力也（うえはら りきや、1996年8月25日 - ）は、静岡県伊東市出身 のプロサッカー選手。Jリーグ・ジュビロ磐田所属。ポジションはミッドフィールダー。


== 経歴 ==
2014年8月8日に、2015年よりジュビロ磐田に入団する事が発表された。同年5月6日に行われたJ3第10節AC長野パルセイロ戦で、Jリーグ・アンダー22選抜としてJリーグデビュー、翌年の2016年6月18日に行われたヤマザキナビスコカップ第5節大宮アルディージャ戦でジュビロの選手として公式戦デビューを果たした。
2018年7月19日、第16節の鹿島アントラーズ戦でJ1リーグ初得点を決めた。
2018シーズンより副主将に就任し、昨季レギュラーだった川辺駿の移籍や怪我で長期離脱となったムサエフの影響もあり、徐々にスタメン出場を増やしてシーズン後半にはレギュラーとしてチームを支えた。
2021年、ベガルタ仙台に期限付き移籍。シーズン終了後に磐田へ復帰した


== 所属クラブ ==
マーレFC（伊東市立川奈小学校）
ACNジュビロ沼津（伊東市立南中学校）
2011年 - 2014年 ジュビロ磐田U-18（磐田東高等学校）
2015年 -  ジュビロ磐田
2015年  Jリーグ・アンダー22選抜
2021年  ベガルタ仙台（期限付き移籍）


== 個人成績 ==

その他の公式戦

2018年
J1参入プレーオフ 1試合0得点
Jリーグ初出場 - 2015年5月6日 J3第10節 AC長野パルセイロ戦（南長野運動公園総合球技場）
公式戦初得点 - 2017年5月10日 ルヴァンカップ第5節・対清水エスパルス戦（IAIスタジアム日本平）


== 代表・選抜歴 ==
U-16日本代表(2012年)
U-17日本代表候補(2012年)
岐阜国体静岡県代表(2012年)
SBSカップ国際ユースサッカー静岡県代表(2012年)
第29回静岡県ヤングサッカーフェスティバルU-16静岡選抜(2014年)
SBS国際ユースサッカー静岡県代表(2014年)


== 脚注 ==


== 関連項目 ==
ジュビロ磐田の選手一覧
ベガルタ仙台の選手一覧
静岡県出身の人物一覧
JリーグオールスターDAZNカップ


== 外部サイト ==
上原力也 - Soccerway.com (英語)
上原力也 - FootballDatabase.eu (英語)
上原力也 - WorldFootball.net (英語)
上原力也 - Transfermarkt.comによる選手データ (英語)
上原力也 - J.League Data Siteによる選手データ
上原力也 - playmakerstats.com (英語)
上原力也 (@riki_0825) - Instagram 
上原力也 (@RuzzJu) - X（旧Twitter）",,,
15896,室屋 成,MUROYA Sei,a,室屋成,yes,A|U17|U18|U19|U23|other,negation_or_candidate_language_present,"高い持久力を武器に、U-17日本代表の左SBとして2011 FIFA U-17ワールドカップの4試合に出場し、チームの8強入りに貢献した。
推進力・運動量・両サイドをこなす器用さを評価され、リオデジャネイロオリンピックを目指す日本代表メンバーとしてもプレーを続けた。2016年1月にはAFC U-23選手権2016に唯一の大学生プレーヤーとして出場した。持ち前の運動量と攻守に身体を張るハードワークで、チームの主軸として奮戦。大会を通じて安定した出来を見せ、準々決勝のU-23イラン代表戦では左足から鋭いクロスを放ち、豊川雄太の決勝点をアシスト。オリンピック出場権獲得及び大会優勝に貢献した。
負傷明けのため、オリンピック本大会メンバー選考では当落選上にいたが、最終選考の場となったキリンチャレンジカップ・U-23南アフリカ代表戦では果敢な攻め上がりから矢島慎也の得点をアシストし、左右両サイドでのユーティリティー性も発揮。実戦復帰後初のフル出場ではあったが、上々のプレーでオリンピック本大会のメンバーに選出された。同大会では初戦ナイジェリア代表戦こそ失点に絡む不安定なプレーを見せたが、2戦目以降は積極性を取り戻し、グループリーグ敗退のチームにあって全3試合にフル出場した。
2017年12月5日、EAFF E-1フットボールチャンピオンシップ2017に向けた日本代表に追加招集され、これがA代表初選出となった。12月9日、北朝鮮戦で代表初先発で代表デビューを果たした。
2019年1月、AFCアジアカップ2019のメンバーに選出された。グループリーグ第3戦のウズベキスタン戦では先発出場し、武藤嘉紀の得点をアシストした。



U-17日本代表
2011年 - スロバキアカップ（4位）、2011 FIFA U-17ワールドカップ（ベスト8）
U-18日本代表
2011年 - Traditional Winter Tournament Israel（3位）
日本高校サッカー選抜
2013年 - NEXT GENERATION MATCH
U-19日本代表
2013年 - アルクディア国際ユースサッカートーナメント（グループリーグ）
U-21日本代表
2014年 - アジア競技大会（ベスト8）
U-22日本代表
2015年 - AFC U-23選手権2016 (予選)
ユニバーシアード日本代表
2015年 - ユニバーシアードサッカー競技（3位）
U-23日本代表
2016年 - AFC U-23選手権2016（優勝）
2016年 - キリンチャレンジカップ
2016年 - リオデジャネイロオリンピック（グループリーグ）
日本代表候補
2017年 - 2018 FIFAワールドカップ・アジア3次予選 予備登録
日本代表
EAFF E-1フットボールチャンピオンシップ2017（2017年）
AFCアジアカップ2019（2019年）

国際Aマッチ 16試合 0得点（2017年 - 2021年）

",,,
15900,黒川 淳史,KUROKAWA Atsushi,a,黒川淳史,yes,U15|U16|U17|U18|U19|U20,negation_or_candidate_language_present,"U-15日本代表（2013年）
U-16日本代表（2013年）
U-17日本代表
国際ユースサッカーin新潟（2015年）
第22回バツラフ・イェジェク国際ユーストーナメント（2015年）
U-18日本代表（2015年）
U-19日本代表（2016年）
トゥーロン国際大会（2017年）
U-20日本代表候補（2017年）",,,
1615,中村 俊輔,Shunsuke NAKAMURA,a,中村俊輔,yes,A|U20|U23,negation_or_candidate_language_present,"1996年、AFCユース選手権1996の日本代表に選出され、6試合に出場しカタール戦では1得点を決めた。
1997年、1997 FIFAワールドユース選手権に出場し、コスタリカ戦で1得点を決めた。
1998年初頭にはフル代表合宿に初参加した。2月15日のオーストラリア戦で岡田武史が監督を務めるフル代表に初招集されたが、このときは試合に出場することはできなかった。同年12月にはアジア大会U-23日本代表に選出され、クウェート戦で1得点を決めた。
1999年、シドニーオリンピックの1次予選では小野と司令塔のポジションを争ったが、最終予選では怪我の小野に代わって招集された中田が司令塔を担い、俊輔は主に左サイドで起用された。
11月6日、五輪出場へ王手をかけたホーム国立競技場で行われたカザフスタン戦では、勝利と本大会出場を確実なものとするダメ押しの3点目を直接FKで決めるなど、1ゴール1アシストの活躍でチームに貢献。
2000年、U-23代表に選出され、シドニーオリンピックにて4試合に先発出場した。2月13日には、AFCアジアカップ2000 (予選) のシンガポール戦でフル代表として初出場し、同月16日にブルネイ戦にてフル代表初得点を決める。アジアカップ本戦では優勝とベストイレブンを受賞した。
2001年3月24日のスタッド・ドゥ・フランスで行われたフランス代表戦に先発出場するも、当時の世界王者を相手に0-5で大敗する衝撃的なゲームとなり、前半のみの出場で終わる。さらに所属する横浜FMが残留争いに巻き込まれた影響もあり、代表の招集から遠ざかり、年内最後のイタリア戦には招集されるも、ベンチのまま出場できずに終わった。
2002年2月には東京、渋谷の東急百貨店東横店壁面への日本代表オフィシャル・ユニフォーム、巨大広告に起用されるなど、2002 FIFAワールドカップ日本代表への招集が期待されていたが、5月、代表合宿で痛めていた足首のケガが長引いたことや、当時の日本代表監督であったトルシエの選考基準に合致しなかったことなどで落選した。
ジーコが代表監督になると、すぐさま招集され10番を与えられ中心選手として起用される。2003年6月、FIFAコンフェデレーションズカップ2003で、3得点を挙げ『ブロンズシュー賞』を受賞した。
AFCアジアカップ2004では、全ての試合で司令塔を任され、決勝でも全得点に絡むなどし優勝に貢献、大会最優秀選手に選ばれた。
2005年6月、FIFAコンフェデレーションズカップ2005で、1得点 を挙げてベストイレブンに選出。セルティックの監督、ストラカンにプレーを高く評価されセルティックに移籍することとなった。
2006年6月、2006 FIFAワールドカップ日本代表に選出された。しかし体調不良と重なりパフォーマンスが低下。それでもジーコ監督からの信頼は高く、すべての試合にフル出場。第1戦のオーストラリア戦では自身のW杯における唯一となる得点を決めたが、最終的に0勝1分2敗の成績でグループステージで敗退した。
2007年3月24日、キリンチャレンジカップ・ペルー戦は、オシムジャパン発足してからの初選出となり、2アシストで勝利に貢献した。中田が前回のW杯を最後に引退した事もあり、その後3年間はチームの王様として君臨し常に代表を牽引していった。

代表の監督が岡田武史に変わってからも引き続きチームの軸として起用される。南アフリカで行われた2010 FIFAワールドカップに向けては「選手人生の集大成」と意気込んでいたが、スペイン移籍の失敗やJリーグでの負傷が原因で大会を前に不調になっていく。大会直前になりチームが連敗を続けると、岡田監督は本大会で戦術や選手起用の大幅な変更を決断し、一向に調子の上がらない俊輔をベンチに置く決断をする。結果的に本大会ではグループリーグ第2戦の対オランダ戦において64分から途中出場するにとどまった
。帰国後の7月1日に、このワールドカップを最後に日本代表を引退する意思を表明した。



各本大会での成績は以下の通り。
年代別代表

U-20代表
1996年 AFCユース選手権1996 ベスト4 6試合出場 1得点
1997年 1997 FIFAワールドユース選手権 ベスト8 5試合出場 1得点
U-23代表
1998年 アジア大会 2次リーグ敗退 3試合出場 1得点
2000年 シドニーオリンピック ベスト8 4試合出場 0得点
フル代表
2000年 AFCアジアカップ2000 優勝 5試合出場 0得点
2003年 FIFAコンフェデレーションズカップ2003 グループリーグ敗退 2試合出場 3得点
2004年 AFCアジアカップ2004 優勝 6試合出場 2得点
2005年 FIFAコンフェデレーションズカップ2005 グループリーグ敗退 3試合出場 1得点
2006年 2006 FIFAワールドカップ グループリーグ敗退 3試合出場 1得点
2007年 AFCアジアカップ2007 ベスト4 6試合出場 2得点
2010年 2010 FIFAワールドカップ ベスト16 1試合出場 0得点

国際Aマッチ 98試合 24得点（2000年 - 2010年）
先発出場試合数89、交代出場試合数9、警告7、退場0



",,,
1651,川口 能活,Yoshikatsu KAWAGUCHI,a,川口能活,yes,A|U23,negation_or_candidate_language_present,"1994年2月2日マレーシア国際トーナメント、U-23マレーシア代表戦に初出場を果たす。以降U-23サッカー日本代表としてアトランタオリンピック予選に正GKとして出場し、メキシコオリンピック以来となる28年ぶりのオリンピック出場に貢献する。その後、オリンピックのサッカー競技・日本代表選手のメンバーに選出される。
1996年7月22日、アトランタオリンピック1次リーグ第1戦、ロナウドやリバウドといった錚々たる面々を揃えたブラジル代表と対戦。防戦一方の展開の中、素早い飛び出しと堅い守備で相手の攻撃を凌ぎ、28本にも及ぶシュートを無失点に抑え込む。ブラジル相手に1-0の完封勝利を収めた大波乱の立役者として大きく賞賛された（マイアミの奇跡も参照）。ブラジルの代表監督マリオ・ザガロは「日本のGKは素晴らしかった」と語っている。チームはグループリーグを2勝1敗で終えるも3位となり決勝トーナメント進出を逃す。
1996年8月25日のウルグアイ戦に、当時監督の加茂周によりフル代表へ初招集される。1997年2月13日、キングスカップスウェーデン戦において国際Aマッチ初出場を果たし、以降はコンスタントに出場機会を増やしていく。フランスW杯・アジア最終予選の全試合に唯一出場し、特に苦戦を強いられたアウェー戦での活躍が光り、9月19日のアブダビでのUAE戦では劣勢の状況の中、相手を無失点に封じ込め勝ち点1をもたらした。日本のサッカーの歴史に深く刻まれる“ジョホールバルの歓喜”でも2失点はしたが、安定した守備を披露し歴史的な場面に立ち会った。
1998 FIFAワールドカップのメンバーに選出され、初戦のアルゼンチン戦では相手の23本のシュートを1失点のみで抑え、敗れたものの善戦した。その後のクロアチア戦（0-1）、ジャマイカ戦（1-2）でも奮闘するが敗れグループリーグ敗退となった。
フランスワールドカップ後に監督に就任したフィリップ・トルシエの下では、楢﨑正剛の台頭もあり徐々に出場機会が減り、2000年シドニーオリンピックの代表からも外れた。しかし、出番が回ってきたAFCアジアカップ2000ではグループリーグの1試合を除く全試合に出場。決勝のサウジアラビア戦では完封勝利し優勝に貢献した。
FIFAコンフェデレーションズカップ2001には正GKとして出場。グループリーグではカナダ戦とカメルーン戦の2試合に出場し、何れも完封勝利を収める。カメルーン代表監督のルシャントルは試合後「GKの並外れた実力を前に、我々はチャンスを阻まれてしまった」と語った。準決勝のオーストラリア戦では、豪雨に見舞われる難しい環境下での一戦となったが、大会を通じての4試合連続完封を成し遂げる。フランスとの決勝戦ではパトリック・ヴィエラに決勝点となる1点を許し、敗戦を喫した。日本代表は準優勝を収め、自身は同大会のベストイレブンに選出された。その後は海外移籍による出場機会の激減で試合勘など不満の残る状況が続き、コンディションが整わない日々が続いた。自国開催の2002 FIFAワールドカップでは代表に選ばれたものの出場機会は無かった。
日韓W杯後にジーコが監督に就任してからも控えの立場が続き、FIFAコンフェデレーションズカップ2003のメンバーに選出されるが出場機会は無かったが、AFCアジアカップ2004では全6試合に出場。決勝トーナメント準々決勝のヨルダン戦、1-1のまま縺れ込んだPK戦ではいずれも入れられたら敗退が決まる状況で2本のシュート(3回終了時1-3)を阻止する。結果的にヨルダンは3人成功後4人連続で失敗し、日本の逆転勝利となった。ホスト国中国との決勝戦でも大会で披露した好調ぶりを発揮し、チームは2大会連続3度目優勝を果たす。自身もアジアカップ2004 ベストイレブンのタイトルを獲得。同大会ではシュート阻止率94.0%を記録した（サッカー解析システム「opta（オプタ）」より）。
FIFAコンフェデレーションズカップ2005は国内組として出場。初戦となるメキシコ戦は1-2で敗れるが、続くギリシャ戦は無失点に抑えて1-0で勝利する。第三戦のブラジル戦では2点を先取される展開となったが、その後は得点を許さず、後半にはフアンが放った至近距離のシュートを顔面で阻止する気迫のセーブを見せる。その影響で一時的に脳震盪を患うが、その後もプレーを続け、日本は2点ビハインドから2点を取り返し引き分けに持ち込んだが、グループリーグ1勝1敗1分の3位で終え決勝トーナメント進出を逃した。
2006年、自身3度目となるワールドカップのメンバーに選ばれ全3試合に出場。初戦のオーストラリア戦は相手の再三の攻撃を凌ぐも、スローインへの飛び出しから同点にされ、終盤に3失点を喫して1-3で敗れた。第2戦のクロアチア戦では、キックに定評があるダリヨ・スルナのPKを止め勝ち点1を呼び込んだ（0-0）。このプレーによって、ワールドカップでPKを止めた史上20人目のGKとして名を残した。またドイツ紙は川口に対し「何度も止めた英雄」と絶賛した。第3戦のブラジル戦では、次々に放たれる21本のシュートを浴び4失点を喫するも孤軍奮闘の守りを見せたが、1-4で敗戦。しかし英メディアはブラジルの猛攻を再三好セーブで凌いだ川口を絶賛し、ブラジルメディアも好セーブを連発した川口を高く評価した。チームはグループリーグ2敗1分けで決勝トーナメント進出を逃したが、自身はFIFAが選定した「グループリーグ敗退国ベストイレブン」の控えGKに選ばれた。また、ブラジル戦で前半ジュニーニョ・ペルナンブカーノのミドルシュートを止めたセーブが「2006 FIFAワールドカップスーパーセーブベスト10」ランキングの6位に選ばれた。
ドイツワールドカップ後にイビチャ・オシムが監督に就任して以降は、キャプテンに指名されると共に背番号1を与えられた。2007年3月24日のキリンチャレンジカップペルー戦で国際Aマッチ100試合出場を達成。自身3度目となるアジアカップには正GKとして全試合出場した。決勝トーナメント準々決勝のオーストラリア戦では、1-1で延長戦も終了し引き続き行われたPK戦では1番手のハリー・キューウェル、2番手のルーカス・ニールを連続で阻止する活躍を見せ4-3で勝利した。しかし、準決勝のサウジアラビア戦では2-3で敗戦。3位決定戦の韓国戦ではまたしてもPK戦にもつれたが5-6で敗戦し、3連覇は成らなかった。
2008年3月26日に行われた2010 FIFAワールドカップ・アジア3次予選のアウェーバーレーン戦で、相手のセンタリングのボールを捌ききれず失点し、この試合を最後に約4年守っていた正GKのポジションを剥奪されたが、11月13日のシリア戦では楢﨑の負傷により国際Aマッチ11試合ぶりとなる出場を果たした（3-1で勝利）。その後の2010 FIFAワールドカップ・アジア最終予選のカタール戦では完封勝利を果たす（3-0）。2009年1月20日のAFCアジアカップ2011・最終予選のイエメンには欠場したが、1月28日のバーレーン戦では出場濃厚だったものの練習中に右脹脛を負傷。欠場となった。
3月19日にはコンディション不調と所属する磐田の不振により、3月28日の2010 FIFAワールドカップ・アジア最終予選のバーレーン戦での招集が見送られた。怪我以外で代表メンバーから外れたのは4年4か月ぶりだった。さらに9月19日の第26節京都戦で相手選手と接触し、右脛骨骨幹部骨折で全治6か月の大けがを負った。
2010年5月10日の南アフリカワールドカップに向けた最終メンバー発表までJリーグの公式戦に出場していなかったが、代表監督の岡田武史からチームキャプテンとしての役割を求められ2010 FIFAワールドカップの代表メンバーに選出された。本大会で出場機会は無かったがまとめ役としてチームに貢献、岡田から賞賛を受けた。



1996年 - アトランタオリンピック
1998年 - FIFAワールドカップ・フランス大会
2000年 - AFCアジアカップ2000 : 優勝
2001年 - FIFAコンフェデレーションズカップ2001 : 準優勝
2002年 - FIFAワールドカップ・日韓大会
2004年 - AFCアジアカップ2004 : 優勝
2005年 - FIFAコンフェデレーションズカップ2005
2006年 - FIFAワールドカップ・ドイツ大会
2007年 - AFCアジアカップ2007 : 4位
2010年 - FIFAワールドカップ・南アフリカ大会

国際Aマッチ 116試合 0得点 （1997年-2008年）

U-23サッカー日本代表 36試合 0得点（1994年-1996年）



ワールドカップ予選5試合連続完封　※歴代最多タイ記録(当時)",,,
18988,和泉 竜司,IZUMI Ryuji,a,和泉竜司,yes,U19|U20|university,negation_or_candidate_language_present,"日本高校サッカー選抜
NEXT GENERATION MATCH（2012年）
U-19日本代表候補（2012年）
U-20日本代表（2013年）
全日本大学選抜
デンソーカップサッカー（2015年）",,,
19145,赤尾 公,Akira AKAO,a,赤尾公,yes,U18|university,negation_or_candidate_language_present,"2005年 U-18日本代表候補
2009年 九州大学選抜",,,
19237,丸岡 満,Mitsuru MARUOKA,a,丸岡満,yes,U15|U16|U17|U18,negation_or_candidate_language_present,"U-15日本代表候補
U-16日本代表
U-17日本代表
U-18日本代表候補",,,
19363,山下 諒時,YAMASHITA Ryoji,a,山下諒時,unclear,U16,negation_or_candidate_language_present,U-16日本代表候補,,,
19429,食野 亮太郎,MESHINO Ryotaro,a,食野亮太郎,yes,U23|other,negation_or_candidate_language_present,"食野 亮太郎（めしの りょうたろう、1998年6月18日 - ）は、大阪府泉佐野市出身のプロサッカー選手。Jリーグ・ガンバ大阪所属。ポジションはフォワード（セカンドトップ、ウイング）、ミッドフィールダー（サイドハーフ）。
実弟の食野壮磨もプロサッカー選手（栃木SC所属）。


== 来歴 ==


=== プロ入り前 ===
中学生からガンバ大阪の下部組織に入団。高校2年生になるとガンバ大阪ユースのAチームでプレーして、高円宮杯U-18サッカーリーグの優勝を果たした。2016年、3年生になるとガンバ大阪のトップチームに2種登録された。
2016年3月11日、J3リーグに参戦したガンバ大阪U-23の開幕戦となったY.S.C.C.横浜戦で途中出場を果たした。6月26日、J3第14節の福島ユナイテッドFC戦でリーグ戦初先発。9月18日、J3第22節の鹿児島ユナイテッドFC戦では途中出場からJ3リーグ初得点をあげた。9月21日、2017年シーズンよりトップチームに昇格することが発表された。


=== ガンバ大阪 ===
2017年、ガンバ大阪に入団してU-23チームの会見に挑んだが、去年のU-23の活躍が評価されてトップチームの合宿に参加した。3月18日、J3第2節のSC相模原戦ではU-23に戻って途中出場した。5月14日、J1第11節の北海道コンサドーレ札幌戦でトップチーム初のベンチ入りを果たした。9月10日、第21節のアスルクラロ沼津戦で今季J3初得点を含む2得点を決めた。
2018年3月11日、J3開幕戦のグルージャ盛岡戦で2得点を決めて逆転勝利に貢献した。4月1日の藤枝MYFC戦でも2得点を決めて、トップチームに帯同した 4月8日、J1第6節のヴィッセル神戸戦でJ1リーグ初出場を果たした。5月9日、ルヴァンカップ第5節のサンフレッチェ広島戦でトップチーム初得点を決めた。
2019年4月7日、J3第5節のFC東京U-23戦では今季5点目を決めて得点ランキングトップに立った。4月24日、ルヴァンカップ第4節のジュビロ磐田戦ではトップチームで今季初先発を飾るとゴールを決めた。5月11日、第11節のサガン鳥栖戦でJ1初ゴールを決めた。


=== ハート・オブ・ミドロシアン ===
2019年8月9日、プレミアリーグのマンチェスター・シティFCへの完全移籍が発表された。8月30日、スコティッシュ・プレミアシップのハート・オブ・ミドロシアンFCへのレンタル移籍が発表された。8月31日、第4節のハミルトン・アカデミカルFC戦で移籍後初出場を果たした。9月15日、第5節のマザーウェルFC戦で移籍後初ゴールを決めた。


=== リオ・アヴェFC ===
2020年9月1日、ポルトガル1部のリオ・アヴェFCへ期限付き移籍する事を発表した。期間は2年間で、買取オプションが付けられている。9月20日、開幕戦のCDトンデラ戦で移籍後初ゴールを決めた。


=== GDエストリル・プライア ===
2021年8月2日、プリメイラ・リーガに昇格したGDエストリル・プライアは食野の加入を発表。買取オプション付きのローンと報じられている。8月8日、開幕戦のFCアロウカ戦で移籍後初ゴールを決めた。。
2021-22シーズンまで、期限付き移籍で計3クラブで1シーズンずつプレーしたが、目立った活躍は無かった。


=== ガンバ大阪に復帰 ===
2022年7月8日、古巣のガンバ大阪に復帰したことが発表された。7月30日、J1第23節の京都サンガF.C.戦で復帰後初ゴールを決めた。10月23日に行われた、残留争い直接対決となるJ1第33節のジュビロ磐田戦で先制点を決め、チームは2-0で勝利。その後チームは最終節で残留を決め、チームに貢献した。
2023年はチームが低迷。チームの主力としてリーグ戦27試合に出場したが3得点に留まった。
2024年はチームがリーグ戦4位、天皇杯準優勝と躍進したが、自身は怪我で離脱する時期が多く出場機会が限られ、リーグ戦は11試合に留まり、キャリア初の公式戦無得点となった。
2025年も怪我で離脱する時期が多く、出場機会が限られた。リーグ戦は9試合の出場に留まり、2年連続国内の公式戦は無得点に終わる。それでも10月2日にアウェイで行われたACL2 2025/26・グループステージ第2節のラーチャブリー戦で終了間際に試合を決定づけるゴールを決め、公式戦2年ぶりの得点となった。シーズン終盤にかけては出場機会を増やした。
2026年はシーズン終盤からチームの主力として出場機会を増やす。J1百年構想リーグ開催となる半年間の特別シーズンでは、2月28日にホームで行われた同大会・地域リーグラウンド第4節の清水エスパルス戦で先制ゴールを決め、リーグ戦2年ぶりの得点を記録。4月15日にアウェイで行われた、ACL2 2025/26・ノックアウトステージ準決勝第2戦のバンコク・ユナイテッド戦では後半開始から途中出場し、試合を決定づける3点目を決め、決勝進出に貢献。5月16日にサウジアラビア・リヤドで行われた同大会決勝では、アル・ナスルとアウェイで一発勝負。自身は先発出場。チームの先制点の場面ではカウンターから味方のパスを受けると、ボールを繋ぎ、先制点を演出。自身は後半途中に下がったが、チームは1-0の勝利で優勝を果たし、11シーズンぶり10個目のタイトル獲得に貢献した。


=== 代表 ===
2020年1月、AFC U-23選手権のメンバーに唯一の海外組として選出された。1月10日、GL第1戦のU-23サウジアラビア戦では後半に一時同点となるゴールを決めるもチームは終盤にPKから失点を献上して1-2で敗れた。その後もチームは勝ち星を得られず史上初のGL敗退となった。東京オリンピック出場を目指す2021年、U-24日本代表に招集され、コンスタントに出場し、直前までメンバー争いに加わったものの目立ったアピールはできず、東京オリンピック本大会のメンバーから落選した。


== エピソード ==
江戸中期から幕末にかけて栄えた豪商・食野家の末裔。
弟の食野壮磨も2019年にガンバ大阪ユース所属のままトップチームに2種登録され、同年3月30日のJ3第4節・Y.S.C.C.横浜戦では兄弟アベックゴールを決めている。現在は2024シーズンから16年ぶりにJ1に昇格した東京ヴェルディに加入し、2026シーズンは栃木SCに期限付き移籍。。
J1初ゴールとなった第11節サガン鳥栖戦の得点は、令和におけるガンバ大阪のJ1リーグ初ゴールとなった。


== 所属クラブ ==
ジョイナスFC
アンドリュースFC
2011年 - 2013年 ガンバ大阪ジュニアユース
2014年 - 2016年 ガンバ大阪ユース
2016年  ガンバ大阪（2種登録選手）
2017年 - 2019年8月  ガンバ大阪
2019年8月 - 2022年7月  マンチェスター・シティFC
2019年8月 - 2020年6月  ハート・オブ・ミドロシアンFC（期限付き移籍）
2020年9月 - 2021年6月  リオ・アヴェFC（期限付き移籍）
2021年8月 - 2022年7月  GDエストリル・プライア（期限付き移籍）
2022年7月 -  ガンバ大阪


== 個人成績 ==

2016年は2種登録選手

Jリーグ初出場 - 2016年3月13日 J3第1節 vsY.S.C.C.横浜（市立吹田サッカースタジアム）
Jリーグ初得点 - 2016年9月18日 J3第22節 vs鹿児島ユナイテッドFC（市立吹田サッカースタジアム）
プレミアシップ初出場 - 2019年8月31日 第4節 vsハミルトン・アカデミカルFC（タインカッスル・スタジアム）
プレミアシップ初得点 - 2019年9月15日 第5節 vsマザーウェルFC（タインカッスル・スタジアム）
プリメイラ・リーガ初出場・初得点 - 2020年9月20日 第1節 vsCDトンデラ（エスタディオ・ジョアン・カルドーゾ）


== タイトル ==


=== クラブ ===
ガンバ大阪ユース
高円宮杯 JFA U-18サッカープレミアリーグWEST：1回（2015年）
ガンバ大阪

AFCチャンピオンズリーグ2：1回（2025/26）


== 代表 ==
U-22日本代表
ブラジル遠征（2019年）
キリンチャレンジカップ（2019年）
U-23日本代表
AFC U-23選手権（2020年）
U-24日本代表
SAISON CARD CUP 2021（2021年）


== 脚注 ==


== 関連項目 ==
兄弟スポーツ選手一覧
ガンバ大阪の選手一覧
ヨーロッパのサッカーリーグに所属する日本人選手一覧


== 外部リンク ==
食野亮太郎 - Soccerway.com (英語)
食野亮太郎 - Soccerbase.comによる選手データ (英語)
食野亮太郎 - FootballDatabase.eu (英語)
食野亮太郎 - WorldFootball.net (英語)
食野亮太郎 - Transfermarkt.comによる選手データ (英語)
食野亮太郎 - J.League Data Siteによる選手データ
食野亮太郎 - playmakerstats.com (英語)
食野亮太郎 (@rytrmsn0618) - Instagram",,,
19437,松岡 瑠夢,MATSUOKA Rimu,a,松岡瑠夢,unclear,U19,negation_or_candidate_language_present,U-19フットサル日本代表候補（2016年）,,,
19439,矢島 輝一,YAJIMA Kiichi,a,矢島輝一,yes,U18|university,negation_or_candidate_language_present,"U-18日本代表候補（2013年）
全日本大学選抜（2016年）",,,
19510,田川 亨介,TAGAWA Kyosuke,a,田川亨介,yes,A|U17|U18|U19|U20|U23|other,negation_or_candidate_language_present,"2017年5月、FIFA U-20ワールドカップに挑むU-20日本代表に飛び級で選出された。10月、AFC U-19選手権の予選に挑むU-18日本代表に選出。11月8日、第3戦のタイ戦では2得点を決めて予選突破に貢献した。
2019年12月にはEAFF E-1サッカー選手権2019に出場する日本代表に初選出され、12月10日の中国戦で代表初出場し、12月14日の香港戦で代表初得点を決めた。
東京オリンピック世代のU-24日本代表の候補として名を連ねていたが最終的に本大会のメンバー入りを逃している。



U-17日本代表
サニックス杯国際ユースサッカー大会（2015年、2016年）
国際ユースサッカーin新潟（2016年）
U-18日本代表
SBSカップ 国際ユースサッカー（2016年）
コパ・デル・アトランティコ（2017年）
AFC U-19選手権2018・予選（2017年）
U-19日本代表
ロシア遠征（2018年）
メキシコ遠征（2018年）
AFC U-19選手権（2018年）
ブラジル遠征（2018年）
U-20日本代表
FIFA U-20ワールドカップ（2017年）
AFC U-23選手権2018 (予選)（2017年）
FIFA U-20ワールドカップ（2019年）
U-21日本代表
AFC U-23選手権（2018年）
トゥーロン国際大会（2018年）
U-22日本代表
AFC U-23選手権2020 (予選)（2019年）
U-23日本代表
AFC U-23選手権（2020年）
U-24日本代表
SAISON CARD CUP 2021（2021年）
日本代表
EAFF E-1サッカー選手権2019（2019年）

国際Aマッチ 2試合 1得点（2019年）



",,,
19558,榊原 彗悟,SAKAKIBARA Keigo,a,榊原彗悟,unclear,U16,negation_or_candidate_language_present,2016年 - U-16日本代表候補,,,
19631,松本 大弥,MATSUMOTO Hiroya,a,松本大弥,yes,U16|U17,negation_or_candidate_language_present,"U-16日本代表候補
U-17日本代表",,,
19639,河面 旺成,KAWAZURA Akinari,a,河面旺成,yes,U16|university,negation_or_candidate_language_present,"U-16日本代表候補
日本高校選抜
NEXT GENERATION MATCH（2013年）
関東大学選抜A
デンソーカップサッカー（2016年）",,,
19650,沖 悠哉,OKI Yuya,a,沖悠哉,yes,U15|U16|U17|U18|U19|U20|U23|other,negation_or_candidate_language_present,"U-15日本代表
バル・ド・マルヌ U-16国際親善トーナメント（2014年）
U-16日本代表
U-16インターナショナルドリームカップ（2015年）
U-17日本代表
第23回バツラフ・イェジェク国際ユーストーナメント（2016年）
U-18日本代表
SBSカップ 国際ユースサッカー（2017年）
U-19日本代表
トゥーロン国際大会（2017年）
U-20日本代表候補
トレーニングキャンプ（2017年）
U-23日本代表候補
トレーニングキャンプ（2020年）
U-24日本代表
SAISON CARD CUP 2021（2021年）",,,
2184,土屋 征夫,Yukio TSUCHIYA,a,土屋征夫,no,,negation_or_candidate_language_present,2001年 日本代表候補,,,
23159,中山 雄希,Yuki NAKAYAMA,a,中山雄希,yes,U17|U18,negation_or_candidate_language_present,"2011年 U-17日本代表候補
2012年 U-18日本代表",,,
23311,福井 光輝,FUKUI Koki,a,福井光輝,unclear,U18,negation_or_candidate_language_present,U-18日本代表候補,,,
23359,青島 太一,AOSHIMA Taichi,a,青島太一,unclear,university,negation_or_candidate_language_present,"青島 太一（あおしま たいち、2001年4月17日 - ）は、静岡県藤枝市出身のプロサッカー選手。Jリーグ・栃木SC所属。ポジションはミッドフィルダー(MF)。


== 来歴 ==
清水エスパルスアカデミー出身。2019年3月には清水エスパルスで2種登録選手として選手登録された。
2023年9月11日に立正大学から2024年からの栃木SCへの加入が発表された。
2024年3月20日、J2リーグ第5節のブラウブリッツ秋田戦でJリーグ初出場を果たす。


== 所属クラブ ==
青島SSS
藤枝東FCジュニア
清水エスパルスジュニアユース
清水エスパルスユース
2019年3月 - 12月 清水エスパルス（2種登録）
立正大学
2024年 -  栃木SC


== 個人成績 ==

2019年：2種登録選手（清水、出場無し、背番号48）
出場歴
Jリーグ初出場:2024年3月20日 J2第5節ブラウブリッツ秋田戦（ソユースタジアム）
Jリーグ初得点:2024年7月14日 J2第24節ファジアーノ岡山戦 （カンセキスタジアムとちぎ）


== 代表・選抜歴　 ==
2019年　U-18Jリーグ選抜
2021年　U-20関東大学選抜、全日本大学選抜候補・第37回デンソーカップ関東A選抜


== 脚注 ==


=== 出典 ===


== 関連項目 ==
栃木SCの選手一覧
清水エスパルスの選手一覧#アカデミー出身者


== 外部リンク ==
青島太一 (@ta1__ao) - Instagram 
青島太一 - Soccerway.com (英語)
青島太一 - WorldFootball.net (英語)
青島太一 - Transfermarkt.comによる選手データ (英語)
青島太一 - J.League Data Siteによる選手データ
青島太一 - playmakerstats.com (英語)",,,
2922,河合 竜二,Ryuji KAWAI,a,河合竜二,unclear,U20,negation_or_candidate_language_present,"河合 竜二（かわい りゅうじ、1978年7月14日 - ）は、東京都板橋区出身の元プロサッカー選手。現役時代のポジションはミッドフィールダー（ボランチ）、ディフェンダー（センターバック）。


== 来歴 ==
1978年、東京都板橋区に生まれ、近所にあった帝京高校のサッカー部の練習を幼少の頃から両親に連れられ観に行っていたという環境の下で育てられ 、埼玉県鶴ヶ島町（現・鶴ヶ島市）に転居直後の4歳の時にサッカーを始める。小学3年生から地元のFC鶴ヶ島に所属し、6年生次には全日本少年サッカー大会の決勝大会に出場しベスト8入りを果たしている。卒業後は地元の鶴ヶ島中学校に進学しサッカー部に入部。2年生でレギュラーを勝ち取り 当時はフォワードでプレーしていた。中学卒業後は西武台高校へ進学し同級生の田畑昭宏と共にサッカー部に所属。1995年の2年生次にはインター杯で準優勝を経験し、個人としても埼玉県選抜に選ばれ国体に2年連続出場するなど活躍していたが、全国高等学校サッカー選手権大会への出場は1度も叶わなかった。


=== 浦和レッドダイヤモンズ ===
1997年、高校時代の活躍を認められ田畑と共に地元の浦和レッドダイヤモンズに入団。高卒新人の同期には田畑の他、永井雄一郎、三本菅崇がおり、ポジションはディフェンダーとして登録され背番号は33を与えられた。当時の浦和はケッペル監督の下、守備陣には元ドイツ代表のブッフバルト、ユーゴスラビア代表のペトロビッチをはじめ、西野努らがおり、守備的な中盤でもベテランの堀孝史、広瀬治をはじめ、土橋正樹、阿部敏之、石井俊也らがおり、これらの実力者とポジションを争う事となった。
同期入団の田畑と永井が1年目ながら多くの出場機会を与えられ、U-20日本代表候補にも選出される活躍を見せていた一方で、河合に公式戦出場の機会は与えられずベンチ入りも適わなかった。翌1998年には新監督に原博実が就任するがこの年も出場機会は与えられず、3年目の1999年はチームが不振に陥りJ2降格を喫してしまう中で、シーズン途中には監督がア・デモス、吉田靖と相次いで交代し、9月23日のJ1-2nd第10節G大阪戦で初めてベンチ入りを果たすが 河合が起用される事はこの年も一度もなかった。
2000年、この年から新監督に斉藤和夫が就任し、登録ポジションをミッドフィールダーに変更するとプロ4年目にして念願の出場機会が訪れる。主力ボランチとして起用されていた石井俊也が累積警告で出場停止となると、さいたまダービーとなった5月22日J2第14節大宮戦で監督の斉藤は河合をボランチでスタメンに抜擢する。この起用により公式戦初出場を果たし勝利に貢献した1人となった。この試合をきっかけに以降の試合でも徐々に起用されるようになり主力に定着した。10月に横山謙三が総監督に就任するとリーグ戦でこそ控えに留まったものの天皇杯では積極的に起用され4回戦進出に貢献する。この年チームは最終的にJ1昇格を達成し、翌年以降の飛躍を期待させるシーズンとなった。
ところが、翌2001年からは状況が一変する。前年をもって横山が総監督を退任し、新しくチッタが監督に就任すると河合が試合で起用される事は1度もなく、2ndステージからは辞任したチッタに代わりピッタが監督に就くが、ピッタはプロ2年目の鈴木啓太をボランチで積極的に起用した。この年の浦和は徐々に順位を落としシーズン終盤にかけてJ1残留争いを強いられており、そうした事情も相まって河合が起用されたのは9月22日のJ1-2nd第6節鹿島戦の1試合のみであり、この試合が河合にとってJ1初出場であるのと同時に浦和で出場した最後の公式戦となった。また、この頃の河合はサテライトの試合でも思うような結果を残せず、2002年に入りオフトが監督に就任すると構想外となり、同年末をもって浦和を契約満了となった。


=== 横浜F・マリノス ===
浦和の退団が決まった河合はこの年より実施されたトライアウトに参加するも、12月12日に実施された1度目のトライアウトでは移籍先は見つからず、翌2003年1月9日に実施された2度目のトライアウトを経て、この年から横浜F・マリノスの監督に就任する事が決定していた岡田武史より誘いを受け入団する。1月21日に河合の獲得を正式に発表。背番号は35を与えられ再びディフェンダーとして登録された。
岡田は河合をセンターバックとボランチでの起用を構想した為、日本代表の松田直樹、中澤佑二、波戸康広、韓国代表の柳想鐵をはじめ、遠藤彰弘、上野良治、成長著しい若手の那須大亮、栗原勇蔵ら多くの実力者とポジションを争う事となった。4月23日ヤマザキナビスコカップ予選リーグ第4節仙台戦の後半30分に永山邦夫と途中交代で移籍後初出場を果たし、7月16日の同第6節の柏戦で移籍後初フル出場を果たした。一方、リーグ戦では出場機会に恵まれないままチームは1stステージ優勝を果たすが、2ndステージに入りセンターバックの主力を務めていた松田が負傷と体調不良の影響によりコンディションを落とすと、代役としてほとんどの試合に起用される。松田不在の穴を埋める活躍を見せチームの2ndステージ優勝に貢献した1人となった。また、同年開催の天皇杯にも3回戦以降の全試合にスタメン起用され、同3回戦の市立船橋高校戦の前半6分に先制点を決め、プロ7年目にして公式戦初ゴールを挙げた。
2004年、リーグ戦開幕前の2月に負傷し離脱を経験するが、この頃チームはACLの予選とA3チャンピオンズカップを並行して戦っており、また、試合日程と代表招集が重なり多くの主力選手が不在のまま戦いを余儀なくされた事などから 河合はACLを戦う主力メンバーとして起用された。この予選リーグでチームは最終的に首位と勝ち点で並ぶものの得失点差によって敗退が決定するが、4月21日の城南一和戦ではこの大会で準優勝を遂げる相手に決勝ゴールを挙げ勝利に貢献するなど 攻守に渡りチームを支えた。その一方でリーグ戦では、この年にベテランの中西永輔が移籍加入した事もあり出場試合数こそ前年を下回ったものの、1stステージで先発起用された全3試合では相手攻撃陣を無失点に抑え勝利に貢献する など起用に応える働きを見せ、チームは前年に続きこのステージでも優勝を果たした。続く2ndステージでは序盤こそ試合出場はなかったが、勝ち切れない試合が続き順位を落とすと先発に起用されるようになり最終節までチームを支えた。最終的に2ndステージを6位で終えた為、このステージで優勝した古巣浦和とチャンピオンシップを戦う事が決定すると、河合はこの重要な2試合でフル出場し中澤佑二、松田直樹と共に3バックの一角を担い攻守に渡り欠かせない働きを見せる。12月5日の第1戦では後半21分に奥大介の右からのコーナーキックをヘディングシュートで決め、このゴールがチームを勝利に導く値千金の決勝点となり、同時に古巣浦和に初めて挙げた恩返しゴールとなった。守備でも浦和の攻撃陣を無失点に抑え、続く12月11日の第2戦でも、浦和に同点に追いつかれるも以降は延長戦に入っても追加点を許さずPK戦の末に勝利を収める。起用に応える活躍でチームを2年連続年間優勝に導く原動力となった。
2005年に入ると前年終盤の活躍と、多くの選手が代表招集や負傷で離脱していた事もあり2月のA3チャンピオンズカップに主力メンバーとして栗原勇蔵、中西永輔と共に3バックに起用され2試合で1失点に抑える活躍を見せていたが、発熱により最終戦を欠場すると チームは敗戦しこの大会を3位で終えた。リーグ戦ではチームが開幕戦からの2試合で3失点を喫すると、続く4月2日のJ1第3節新潟戦でスタメン起用され、1失点を喫するものの1ゴール1アシストの活躍で勝利に貢献する。河合にとってはこの得点がJリーグ初ゴールとなった。この活躍もあって以降も3バックの一角を担い多くの試合で先発起用された。リーグ戦と並行してACLの予選にも主力として3試合に起用されチームの守備を支え奮闘するも、5月11日の山東魯能では退席処分に見舞われるなどの不運もあり チームは2年連続で予選敗退が決定した。一方で、チームは過密日程の影響もあってリーグ戦の序盤から勝てない試合が続き苦戦を強いられると、7月からはボランチで起用される試合も見られ、終盤には4連勝を果たすも最終的に9位でシーズンを終える事となった。
2006年はリーグ戦の序盤こそサブメンバーに留まったが、3月18日J1第3節C大阪戦の後半30分にマグロンと替わり途中出場を果たし、限られた出場時間の中で得点の起点となる活躍を見せ勝利に貢献すると、4月以降は主力として出場した試合では全てスタメンで起用され、ボランチでプレーする機会も多くなりマグロン、那須大亮、上野良治らとダブルボランチを組んだ。その一方でチームは前年同様に勝ち切れない試合が続きリーグ戦では下位に低迷し、8月23日のJ1第19節大宮戦で敗戦したのを受け監督の岡田が辞任。後任には水沼貴史が指揮を執る事になるが、同監督からは累積警告による出場停止で欠場を余儀なくされた試合を除く全試合に主にボランチとしてスタメンで起用されると、9月9日のJ1第22節川崎戦でシーズン初ゴールを挙げるなど 守備だけに留まらず攻撃の起点としても奮闘するが、チームの成績は一時的に持ち直すも低迷からの脱却までには至らず最終的に前年と同じ9位でシーズンを終えた。また、同年開催のヤマザキナビスコカップにも予選リーグから主力として起用されベスト4入りに貢献、天皇杯でも横浜FMが登場した4回戦以降の全試合に主力として起用されベスト8入りに貢献した。
2007年、前年をもって水沼が監督を退任し新しく早野宏史が就任すると、早野は攻撃的なフォーメーションに河合をボランチの軸に据える布陣を採用。ワンボランチで起用される試合も多く見られ、攻守の要としてリーグ戦の全34試合のうち累積警告による出場停止で欠場した1試合を除く33試合でスタメン起用された。3月3日のJ1開幕戦となった甲府戦でボランチとして先発に起用されると90分間戦い抜き勝利に貢献。河合にとってはこれがプロ11年目にして初の開幕スタメンフル出場となった。このシーズンは攻撃の起点としても欠かせない活躍を見せており 河合自身も多くの得点を決めた。4月22日J1第7節大分戦でシーズン初ゴールを挙げると、リーグ戦の後半の6月30日J1第18節大分戦でもゴールを挙げ、終盤の11月24日J1第33節新潟戦では決勝点となるゴールを挙げ勝利に貢献。河合にとってはこの試合でJ1リーグ戦通算100試合出場を達成しており、自らのゴールでメモリアルに花を添える形となった。これらの活躍もあり最終的にチームは前年を上回る7位でシーズンを終え、同年のヤマザキナビスコカップの予選では河合を温存した試合も見られたが、出場した試合ではボランチとして欠かせない働きを見せ、予選グループを1位通過。決勝トーナメントにも主力として起用され前年に続くベスト4入りに貢献した。また、天皇杯でも主力として起用され5回戦進出を果たした。
2008年からは前年をもって退団した上野良治が長きに渡り背負っていた背番号6を継承し、また、横浜FMのキャプテンを中澤佑二より引き継いだ。この年から新監督に就任した桑原隆からも主力ボランチとして活躍が期待されたが、開幕前のキャンプで左ひざの怪我を負い離脱するとリーグ戦前半の多くの試合を欠場する事となった。5月17日J1第13節京都戦の後半23分に松田直樹に替わり途中出場で公式戦復帰を果たし、以降は最終節まで出場停止で欠場した試合を除く全試合にスタメンで起用された。一方、リーグ戦でチームは5月から7月まで1勝も出来ず降格圏に低迷する事態に陥ってしまい、この間に監督が木村浩吉に交替すると河合はセンターバックとして起用される試合も見られたが、8月からボランチとして起用されるようになるとチームの調子も上向き、リーグ戦の終盤には河合自身も得点を重ねた。11月8日J1第31節京都戦でシーズン初ゴールを挙げると、12月6日のJ1最終節浦和戦では後半1分にミドルシュートを決めたのを皮切りに続く同35分にも得点を挙げ勝利に貢献。河合にとってこれがプロ入り後初の1試合2ゴールとなった。また、同年開催のヤマザキナビスコカップではシーズン中盤の不振もあってベスト8に留まったが、天皇杯にも主力として起用されベスト4入りに貢献した。
2009年、前年に続きこの年もキャプテンを務め、主力ボランチとして活躍を期待されたが、リーグ戦の開幕直前に右内側側副靭帯損傷の大けがを負い長期離脱を余儀なくされた。この負傷の影響は大きく、監督の木村がコンディション重視の起用方針を取っていた事と 選手に複数ポジションの収得を求めた事から、河合が不在の間に同ポジションでは松田直樹をはじめ、山瀬功治、小椋祥平、兵藤慎剛、天野貴史、プロ3年目の長谷川アーリアジャスールら多くの選手が起用され、コンディションを取り戻し公式戦の復帰を果たすまでには実に半年を要する事になった。8月16日のJ1第21節F東京戦でベンチ入りすると、続く8月19日のJ1第22節大宮戦でスタメンに起用されシーズン初出場を果たし、以降はスタメンに定着し最終節までリーグ戦を戦い抜いた。決勝戦進出がかかる重要な試合となったヤマザキナビスコカップ川崎戦では9月2日の第1戦と9月6日の第2戦の共に先発で起用され攻守を支えたものの敗退。天皇杯にも横浜FMが登場した2回戦以降全試合に先発起用されたが、4回戦でまたもや川崎と対戦し敗退を喫する事となった。
2010年、木村和司が新監督に就任するとこれまでと一転して出場機会が激減し河合にとっては苦しいシーズンとなる。2年務めたキャプテンを栗原勇蔵と兵藤慎剛に引き継ぎ、リーグ戦が始まると木村は前年に河合の穴を埋める活躍を見せていた小椋祥平をボランチの軸に起用。また、小椋とのダブルボランチには松田直樹、波戸康広、金井貢史に加え、攻撃的な狩野健太、兵藤慎剛、中村俊輔、清水範久らが起用され、リーグ戦の後半まで河合にはほとんど出場機会を与えられず控えメンバーに留まった。一方で、ヤマザキナビスコカップでは出場機会が与えられたが結果には結び付かず、勝てない試合が続き予選リーグの敗退が決定。横浜FMにとっては8年連続決勝トーナメント進出を逃す事となった。8月に入るとリーグ戦でも徐々に出場機会が増え、8月21日のJ1第20節京都戦では後半28分に松田に替わり途中出場し右サイドで起用されると試合終了間際に決勝点となるゴールを挙げチームを勝利に導き、限られた出場時間の中で決定的な働きを見せると9月からは最終節までコンスタントにスタメンで起用され続けていたが、11月30日には河合と共に、松田、山瀬、清水ら長年に渡り横浜FMを支えてきた功労者との契約非更新の旨がクラブから発表され、シーズン終了後には幾つかのJクラブから誘いを受ける中で、河合はJ2のコンサドーレ札幌のオファーを受諾。12月28日にコンサドーレ札幌へ移籍する事が横浜FM、札幌の双方のクラブから発表された。


=== コンサドーレ札幌 ===
2011年、背番号は前年に石川直樹が背負っていた4を与えられ、ミッドフィールダーとして登録された。この年の札幌は前年にこの石川以外にも守備陣を中心に多くの主力選手がチームを去り再編を余儀なくされていた事もあって、クラブから河合はチームの中心選手として期待され、監督の石崎信弘からの指名により 札幌加入初年度ながらキャプテンを任される事になった。リーグ戦では、最終ラインの要として期待されたチアゴが調整不足の為に起用出来ず、河合と同じくこの年に移籍加入した若手の山下達也と共に開幕戦から不動のセンターバックとして守備を支え続け、一時はチームの失点数もリーグ最少を記録する。その一方でリーグ戦開幕当初から深刻な得点力不足にも陥っており 序盤は下位に低迷した。6月に入ると主力ボランチとして起用されていた芳賀博信が度重なる負傷による戦線離脱を繰り返し、8月からは高卒新人の櫛引一紀がセンターバックとして成長を見せスタメンに定着するようになると、河合はボランチにポジションを移し芳賀不在の穴を埋めるだけに留まらず、宮澤裕樹、高木純平らとダブルボランチを組み攻撃の起点としても活躍する。また、河合自身も10月30日のJ2第33節熊本戦では前半13分に先制点となる豪快なミドルシュートを決め勝利に貢献。これが河合のJ2初ゴールであった。これらの活躍もあってチームは好調を維持し続け、リーグ戦の後半から一気に成績も上昇し一時は首位に浮上した。終盤には連敗を喫するものの12月3日のJ2最終節F東京戦で勝利を収めた事で3位が決定しJ1昇格を果たす。最終的にこのシーズンはリーグ戦の全38試合のうち累積警告により出場停止となった1試合を除く全試合にスタメンで起用され、出場時間もチームトップの山下達也に次ぐ3,326分に到達するなど、チームの中心選手として札幌のJ1昇格には欠かせない大活躍のシーズンとなった。
2012年は前年に続きこの年も札幌のキャプテンを務め、チームの中心選手として攻守を支え続けるも一向にチームの勝利には結びつかず、Jリーグ史上最速降格記録を更新するなど非常に厳しいシーズンとなる。リーグ戦が開幕すると、センターバックでは山下達也が退団するも、オーストラリア代表のノースの加入と、前年終盤に成長を見せた櫛引一紀、高卒新人の奈良竜樹の存在もあって、河合はほとんどの試合を、宮澤裕樹、この年に移籍加入した山本真希、高卒新人の前貴之らとダブルボランチを組んで戦った。開幕戦からスタメン起用され続けていた一方でチームは勝てず序盤から最下位に沈み、リーグ戦で初勝利を挙げられたのは5月3日のJ1第9節C大阪戦であり、河合はこの試合で攻守を支えC大阪の攻撃陣を無失点に抑え勝利に貢献した。8年間在籍した古巣との対戦となった5月6日のJ1第10節横浜FM戦にもボランチとして先発で起用されるが敗戦。7月7日J1第17節新潟戦で負傷退場を喫してしまい長期離脱を余儀なくされるも、戦列復帰後も主力選手として起用され続け、9月29日のJ1第27節川崎戦で敗戦しJ2降格が決定してしまうと、続く10月6日J1第28節浦和戦では、強力な浦和の攻撃を防いだのみならず攻撃でも古田寛幸の先制点の起点となるパスなどで貢献し、2002年まで在籍した古巣を相手に勝利を収めた。シーズンオフにはJ2降格による緊縮財政に伴い多くの主力選手が退団するが、河合は「移籍をすることは少しも考えなかった」として札幌残留を明言。12月28日には契約更新の旨がクラブから正式に発表され、翌シーズンも引き続き札幌で戦う事が決まった。
2013年、前年をもって石崎信弘が監督を退任し新たに財前恵一が就任するが、この年もキャプテンを任される事が決まり、1歳上の砂川誠と共に年長者として大幅に若返ったチームを牽引しながらJ1昇格を目指す事になった。リーグ戦では、宮澤裕樹、この年に札幌に復帰した上里一将、高卒新人の深井一希、堀米悠斗らとボランチのポジションを争いながら開幕戦から先発出場し以降も全試合にスタメン起用されていたが、若手中心の布陣という事もあり序盤は勝てない時期が続き下位に低迷した。また、河合自身も4月14日J2第8節徳島戦で負傷退場し長期離脱を余儀なくされると、この負傷の影響が長引きリーグ戦終盤までの多くの試合を欠場する事となった。河合が不在の間に戦術がチームに徐々に浸透していったのと三上陽輔、荒野拓馬ら若手選手が成長を見せた事もあって勝ち星を積み重ね、プレーオフ進出を射程圏内に捉えられるまで順位を上げていくと、10月には河合もコンディションを取戻しスタメンに復帰する。以降は最終節まで全試合で起用され11月以降の全試合を無失点に抑え続け、終盤にはチームとしてこのシーズン初めての3連勝を収めるなど攻守を支えたが、11月24日J2最終節北九州戦でスコアレスドローに終わり、チームは後一歩のところでプレーオフ進出を逃した。この年は多くの試合を欠場するもシーズン中の9月にはクラブから契約延長のオファーを受けた事が報道によって明らかになっており、シーズンオフの12月30日は正式にクラブから契約更新した事が発表された。
2017年11月18日に行われた第32節の清水エスパルス戦で、左足腓骨骨折、左足三角靱帯の損傷を負い、長期離脱を余儀なくされた。
2018年シーズンは、40歳となったが昨季の怪我から6月には実戦復帰するもなかなか試合には絡めず、浦和在籍時の2002年シーズン以来の公式戦無出場でシーズンを終えた。12月2日に契約満了により8年間在籍した札幌を退団する事が発表された。
2019年1月、現役引退と北海道コンサドーレ札幌のフロントスタッフに就任すると発表された。


=== 引退後 ===
引退後は前述の通りコンサドーレのフロント入りし、「コンサドーレ・リレーションズチーム・キャプテン（CRC）」の役職名で、クラブの広報やホームタウンとの連携などを担う仕事に就いた。
2022年2月、⼀般社団法⼈コンサドーレ北海道スポーツクラブのスポーツダイレクターに就任。男子サッカー以外に女子サッカーの「北海道リラ・コンサドーレ」や、バドミントン及びカーリングチームを統括することになった。なおCRCは引き続き兼任する。
2025年12月12日付で北海道コンサドーレ札幌のゼネラルマネージャーに就任することが発表された。


== 人物 ==
靴のサイズは30.5cmで、高校時代にはその足の大きさから「鬼足」と呼ばれていた。
好きなサッカー選手はパトリック・ヴィエラ。子供の頃はフランク・ライカールトに憧れていた。横浜FM時代のチームメイトである清水範久、大島秀夫、天野貴史を仲の良い選手に挙げており、このうち大島とは札幌でもチームメイトになった。一方で河合と同じくハードな守備を売りとし、河合からボランチのポジションを奪った小椋祥平の事はライバルとしている。
河合が所属した横浜M、札幌でキャプテンを務めており、かつて若手時代に先輩からしてもらって嬉しかった事に自ら先輩として率先して取り組み、若手選手にも積極的に声を掛けるという。ピッチ外でも積極的に交流を図るなど面倒見が良いとされ この事からも河合を慕う選手は多い。兵藤慎剛は横浜FMで最も影響力のあった人物に松田直樹と共に河合を挙げており、「試合中でも軽いプレーを見せると、すかさず激しい激が飛んで来てピリッと身が引き締まる」と語っている。長谷川アーリアジャスールは鶴ヶ島中学校の後輩に当たり、長谷川が横浜FMユース在籍時のトップチームの練習に参加した際に最初に声を掛けてくれたのが河合だったとしている。乾貴士は横浜FMに在籍した新人時代、才能を評価されながら出場機会に恵まれず苦しんでいた時期に河合らベテランの助言を受けており、これがC大阪への移籍の決め手になったとしており、後に乾はC大阪での活躍が評価され海外移籍を果たし日本代表に登り詰めた。2011年より加入が決まった札幌では、チーム合流後すぐに積極的にチームメイトとコミュニケーションを取り、自らがフォロー役を買って出て選手間で年齢関係なく何でも言い合える環境作りに尽力した。当時の河合をチームメイトの内村圭宏は「本当に頼もしい人が来てくれたと思いましたね」と後に述懐しており、中山雅史は「札幌で一緒にやってみたら、すごくチーム全体のことを考えるヤツなんだなって感心した」と語っている。また、堀米悠斗は高卒ルーキーながら札幌の副キャプテンを務めており、この異例の抜擢には河合の意向があったとされている。
私生活では浦和を契約満了となった2002年オフに現夫人と結婚。2006年8月16日に長男が誕生している。また、ボランティア活動にも積極的に取り組んでおり、NPOスポーツオフィス・ワンの活動にも参加している。


== 所属クラブ ==
FC鶴ヶ島 (鶴ヶ島市立鶴ヶ島第一小学校)
鶴ヶ島市立鶴ヶ島中学校
1994年 - 1996年 西武台高等学校
1997年 - 2002年  浦和レッドダイヤモンズ
2003年 - 2010年  横浜F・マリノス
2011年 - 2018年  コンサドーレ札幌


== 個人成績 ==

その他の公式戦

2004年
Jリーグチャンピオンシップ 2試合1得点

その他の国際公式戦

2005年
A3チャンピオンズカップ 2試合0得点
2000年5月22日 - プロ初出場 (Jリーグ) - 大宮アルディージャ戦 (大宮サッカー場)
2003年12月14日 - プロ初得点 (天皇杯) - 市立船橋高校戦 (三ッ沢球技場)


== タイトル ==
横浜F・マリノス
Jリーグ ディビジョン1 (2003年、2004年)
北海道コンサドーレ札幌
J2リーグ (2016年)


== 経歴・職歴 ==
2019年 - 北海道コンサドーレ札幌
2019年 - コンサドーレ・リレーションズチーム・キャプテン(C.R.C)
2022年 - 2025年 一般社団法人コンサドーレ北海道スポーツクラブ ダイレクター
2025年12月 - ゼネラルマネージャー
2025年 - 株式会社まちのミライ 代表取締役社長


== 脚注 ==
注釈

出典


== 外部リンク ==
河合竜二 - Soccerway.com (英語)
河合竜二 - FootballDatabase.eu (英語)
河合竜二 - WorldFootball.net (英語)
河合竜二 - Transfermarkt.comによる選手データ (英語)
河合竜二 - J.League Data Siteによる選手データ
河合竜二 - ウェイバックマシン（2018年1月19日アーカイブ分） - 北海道コンサドーレ札幌オフィシャルサイト
中高生部活マガジン (第参話・河合竜二)
Ryuji Kawai (@ryuji.kawai444) - Instagram
北海道コンサドーレ札幌C.R.C 河合竜二 (@c.r.c_ryuji_kawai) - Instagram",,,
29258,魚里 直哉,UOZATO Naoya,a,魚里直哉,unclear,U16,negation_or_candidate_language_present,U-16日本代表候補,,,
29263,山口 竜弥,YAMAGUCHI Tatsuya,a,山口竜弥,yes,U18|U20,negation_or_candidate_language_present,"U-18日本代表候補（2017年）
U-20日本代表
沖縄・宮崎トレーニングキャンプ（2019年）",,,
29290,郷家 友太,GOKE Yuta,a,郷家友太,yes,U18|U19|U20|U23|other,negation_or_candidate_language_present,"U-18日本代表
コパ・デル・アトランティコ（2017年）
U18リスボン国際トーナメント（2017年）
U19-Four Nations（2017年）
AFC U-19選手権2018・予選（2017年）
U-19日本代表
インドネシア遠征（2018年）
ロシア遠征（2018年）
メキシコ遠征（2018年）
AFC U-19選手権（2018年）
ブラジル遠征（2018年）
U-20日本代表
FIFA U-20ワールドカップ（2019年）
U-22日本代表
AFC U-23選手権2022・予選（2021年）
U-23日本代表候補
トレーニングキャンプ（2020年）",,,
29295,熊本 雄太,KUMAMOTO Yuta,a,熊本雄太,unclear,U18,negation_or_candidate_language_present,U-18日本代表候補,,,
29304,土居 柊太,Shuta DOI,a,土居柊太,unclear,U17,negation_or_candidate_language_present,U-17日本代表候補,,,
29330,浜下 瑛,Akira HAMASHITA,a,浜下瑛,unclear,university,negation_or_candidate_language_present,2015年 全日本大学選抜候補,,,
29382,上田 樹,UEDA Itsuki,a,上田樹,yes,U17|U18,negation_or_candidate_language_present,"U-17日本代表
U-18日本代表候補",,,
29387,西尾 隆矢,NISHIO Ryuya,a,西尾隆矢,yes,U15|U16|U17|U18|U19|U23|other,negation_or_candidate_language_present,"U-15日本代表
欧州遠征（2016年）
U-16日本代表
U-16インターナショナルドリームカップ（2017年）
U-17日本代表
日メコン U-17サッカー交流大会（2018年）
U-18日本代表
コパ・デル・アトランティコ（2019年）
SBSカップ 国際ユースサッカー（2019年）
スペイン遠征（2019年）
AFC U-19選手権・予選（2019年）
U-19日本代表
千葉トレーニングキャンプ（2020年）
U-21日本代表
ドバイカップ（2022年）
AFCアジアカップ（2022年）
欧州遠征（2022年）
U-22日本代表
JFA夢フィールドキャンプ（2022年）
AFC U23アジアカップ予選（2023年）
U-23日本代表
AFC U23アジアカップ（2024年）
パリオリンピック2024（2024年）
日本代表候補",,,
29448,池髙 暢希,Nobuki IKETAKA,a,池髙暢希,yes,U15|U16|U17,negation_or_candidate_language_present,"U-15日本代表候補
U-16日本代表候補
U-17日本代表
2017 FIFA U-17ワールドカップ",,,
3165,相馬 崇人,Takahito SOMA,a,相馬崇人,no,,negation_or_candidate_language_present,2007年　日本代表候補,,,
32296,草野 侑己,KUSANO Yuki,a,草野侑己,unclear,U15,negation_or_candidate_language_present,U-15日本代表候補,,,
32298,北村 知也,Tomoya KITAMURA,a,北村知也,yes,U17|university,negation_or_candidate_language_present,"北村 知也（きたむら ともや、1996年9月15日 - ）は、宮崎県出身のプロサッカー選手。ポジションはフォワード。


== 経歴 ==
3歳から7歳年上の兄の影響を受けサッカーを始め、1年生の時に地元宮崎県のサッカーチーム・綾錦原サッカースポーツ少年団に入部する。6年生の時にはキャプテンを務め、県大会では決勝点を決めてチームを優勝に導いた。中学時代は鵬翔高校の下部組織のクラブチームのセントラルFC宮崎に3期生として入団。3年生次にはキャプテンを務め、UMKグループ杯(高円宮杯宮崎県予選)では優勝に貢献した。
中学卒業後は鵬翔高校に進学。1年次から背番号10を背負い、第91回全国高校サッカー選手権では同校初の全国制覇に大きく貢献。1年生では唯一同大会の優秀選手に選出された他、2013年2月にはU-17日本代表候補のトレーニングキャンプメンバーにも選出された。
高校卒業後は宮崎産業経営大学に進学し、サッカー部に入部（同期に長谷川雄志）。大学2年次の2016年にはアジア大学サッカーチャンピオンシップに臨む九州大学選抜のメンバーに選出された、3年次には天皇杯本戦出場を果たした他、九州大学リーグではアシストランキング1位を記録。表彰式ではファイティングスピリッツ賞を受賞した。
2019年、J3・ロアッソ熊本に加入。6月にはリーグ月間最多の5得点を記録しチームの首位浮上に貢献、同月度の月間MVPを受賞した。シーズン後半は失速し出場機会を失ったが、最終的に28試合で11ゴールとチーム得点王になった。
2020年シーズンは他の選手の活躍が目立ったこと、自身の怪我が多かったこともあるが、チームが採用した4-3-3において自身の良さを出すプレーは難しく、結果として出番をほとんど得られなかった。
2021年シーズンは、J3リーグ13試合0得点、天皇杯0試合0得点。2021年12月6日、ロアッソ熊本の退団が発表。同年12月10日には、フクダ電子アリーナで行われたJリーグ合同トライアウトに出場した。
2022年、テゲバジャーロ宮崎へ加入。2024年12月5日、24シーズン限りでの契約満了と来季の契約更新を行わない事が発表された。
2025年、アトレチコ鈴鹿クラブに移籍。


== 所属クラブ ==
綾錦原サッカースポーツ少年団
セントラルFC宮崎
2012年 - 2014年 鵬翔高等学校
2015年 - 2018年 宮崎産業経営大学
2019年 - 2021年  ロアッソ熊本
2022年 - 2024年  テゲバジャーロ宮崎
2025年 -   アトレチコ鈴鹿クラブ


== 個人成績 ==

出場歴
Jリーグ初出場 - 2019年3月31日 J3第4節 いわてグルージャ盛岡戦 (いわぎんスタジアム)
Jリーグ初ゴール - 2019年4月13日 J3第6節 ガンバ大阪U-23戦 (万博記念競技場)


== タイトル ==


=== クラブ ===
鵬翔高校
全国高等学校サッカー選手権大会：1回（2013年）
宮崎産業経営大学
宮日旗・NHK杯宮崎県サッカー選手権大会（天皇杯宮崎予選）：1回（2017年）


=== 個人 ===
全国高等学校サッカー選手権大会・優秀選手：1回（2013年）
九州大学サッカーリーグ アシスト1位：1回（2017年）
九州大学サッカーリーグ ファイティングスピリッツ賞：1回（2017年）
J3リーグ 月間MVP：1回（2019年6月）


== 代表・選抜歴 ==
九州大学選抜
アジア大学サッカーチャンピオンシップ（2016年）
デンソーカップチャレンジ（2017年）


== 脚注 ==


== 関連項目 ==
宮崎県出身の人物一覧
ロアッソ熊本の選手一覧
テゲバジャーロ宮崎の選手一覧
アトレチコ鈴鹿クラブの選手一覧


== 外部リンク ==
北村知也 - Soccerway.com (英語)
北村知也 - FootballDatabase.eu (英語)
北村知也 - WorldFootball.net (英語)
北村知也 - Transfermarkt.comによる選手データ (英語)
北村知也 - J.League Data Siteによる選手データ
北村知也 - playmakerstats.com (英語)
北村知也 (@k_tomo.0915) - Instagram",,,
32300,中原 輝,NAKAHARA Hikaru,a,中原輝,unclear,U15,negation_or_candidate_language_present,U-15日本代表候補,,,
32685,瀬古 樹,Tatsuki SEKO,a,瀬古樹,unclear,U18,negation_or_candidate_language_present,U-18日本代表候補,,,
37551,安藤 翼,ANDO Tsubasa,a,安藤翼,unclear,U17,negation_or_candidate_language_present,"安藤 翼（あんどう つばさ、1996年5月12日 - ）は、大分県津久見市出身のプロサッカー選手。ポジションはフォワード。実弟はサッカー選手の安藤瑞季。


== 経歴 ==
駒澤大学から、2019年にJFLのホンダロックSCに加入した。
2019年に16得点をあげ、得点ランク2位に入り、JFL新人王とベストイレブンに選出された。この年にホンダロックSCからの退団を発表。
2020年、ヴァンラーレ八戸に移籍。2021年1月6日、SC相模原へ完全移籍により加入した。
2023年12月21日、松本山雅FCへの完全移籍が発表された。
2024年3月20日に行われたいわてグルージャ盛岡戦で移籍後初ゴールを決めた。
前半戦の折り返し地点の第19節の時点で1ゴールのみに留まっていたものの、第29節のカマタマーレ讃岐戦で負傷した浅川隼人の代わりとして途中出場し、2ゴールを挙げる活躍を見せるなど後半戦は躍動を見せ、チームの昇格プレーオフ出場に大きく貢献した。
2025年12月27日、SC相模原に3年ぶりに復帰。


== 所属クラブ ==
FC佐伯S-play MINAMI
長崎総合科学大学附属高校
駒澤大学
2019年  ホンダロックSC
2020年   ヴァンラーレ八戸
2021年 - 2023年  SC相模原
2024年 - 2025年  松本山雅FC
2026年 -   SC相模原


== 個人成績 ==

出場歴
Jリーグ初出場 - 2020年6月27日 J3第1節 福島ユナイテッドFC戦（とうスタ）
Jリーグ初得点 - 2020年7月5日 J3第2節 いわてグルージャ盛岡戦（プラスタ）


== 選抜・代表歴 ==
2013年 - U-17日本代表候補
2011-13年 - 国体長崎県選抜


== タイトル ==
2019年：JFL新人王、ベストイレブン


== 出典 ==


== 関連項目　 ==
兄弟スポーツ選手一覧
大分県出身の人物一覧
駒澤大学体育会サッカー部#主な出身者
ホンダロックSCの選手一覧
ヴァンラーレ八戸の選手一覧
SC相模原の選手一覧
松本山雅FCの選手一覧


== 外部リンク ==
安藤翼 - Soccerway.com (英語)
安藤翼 - FootballDatabase.eu (英語)
安藤翼 - WorldFootball.net (英語)
安藤翼 - Transfermarkt.comによる選手データ (英語)
安藤翼 - J.League Data Siteによる選手データ
安藤翼 - playmakerstats.com (英語)
安藤翼 -  ゲキサカ
安藤翼 (@tsubasa_ando17) - Instagram 
安藤翼 (@s10heart) - X（旧Twitter）",,,
37619,飯泉 涼矢,IIZUMI Ryoya,a,飯泉涼矢,unclear,U18,negation_or_candidate_language_present,U-18日本代表候補,,,
37646,末木 裕也,SUEKI Hiroya,a,末木裕也,unclear,U18,negation_or_candidate_language_present,U-18日本代表候補,,,
37648,阿野 真拓,ANO Mahiro,a,阿野真拓,yes,U16|U19,negation_or_candidate_language_present,"U-16日本代表候補
U-19日本代表（2022年）",,,
37818,小柏 剛,OGASHIWA Tsuyoshi,a,小柏剛,yes,U15,negation_or_candidate_language_present,"U-15日本代表
AFC U-16選手権・予選（2013年）
日本代表候補",,,
37833,西野 太陽,NISHINO Taiyo,a,西野太陽,unclear,U17,negation_or_candidate_language_present,U-17日本代表候補 (2019年),,,
37847,奈良坂 巧,NARASAKA Takumi,a,奈良坂巧,unclear,U18|other,negation_or_candidate_language_present,"2020年 日本高校サッカー選抜
2020年 U-18サッカー日本代表候補
2021年 U-22日本代表候補",,,
37852,櫻井 辰徳,SAKURAI Tatsunori,a,櫻井辰徳,yes,U17|U18|U20|other,negation_or_candidate_language_present,"U-17日本代表候補（2019年）
U-18日本代表候補（2020年）
U-20日本代表候補（2021年）
U-21日本代表候補（2022年）
U-22日本代表
AFC U-23選手権2022・予選（2021年、怪我で辞退）",,,
37942,鳥海 芳樹,TORIKAI Yoshiki,a,鳥海芳樹,unclear,U20,negation_or_candidate_language_present,"2016年 日本高校選抜
2017年 日本高校選抜
2017年 U-20日本代表候補",,,
37978,柳町 魁耀,YANAGIMACHI Kaiyo,a,柳町魁耀,unclear,U17,negation_or_candidate_language_present,2019年 U-17日本代表候補,,,
38028,大森 博,OMORI Hiroshi,a,大森博,unclear,U16,negation_or_candidate_language_present,2018年 U-16サッカー日本代表候補,,,
4287,加地 亮,Akira KAJI,a,加地亮,yes,A|U19|U20,negation_or_candidate_language_present,"1998年、U-19日本代表としてアジアユースに出場。黄金世代（79年組）の一員として、1999年にはU-20日本代表に選出され、FIFAワールドユース選手権（ナイジェリア大会）に出場し、準優勝を遂げた。
2003年10月、FC東京はナビスコカップ準々決勝で敗退していたが、同大会準決勝と日本代表の遠征の日程が重なっており、同代表候補の名良橋晃（鹿島アントラーズ）・山田暢久（浦和レッズ）・市川大祐（清水エスパルス）が前者を優先させたことから新戦力として、加地がA代表に抜擢された。チュニジア戦で国際Aマッチ初出場。加地は3バック全盛の当時においては希少な「本職」のサイドバックであり、MFを追い越して繰り返し全力で駆け上がる果敢なオーバーラップ が買われ、以後もジーコ監督率いる日本代表に定着し、2004年には中国開催のアジアカップに出場し優勝。
2005年6月、コンフェデレーションズカップ出場。ブラジル戦での「幻のゴール」（判定はオフサイド）や、好守の切り替えを怠らないプレーで評価を高めた。同年、ドイツワールドカップ最終予選のイラン戦で国際Aマッチ初得点を挙げ、日本のグループ1位通過及び本選出場に貢献。
2006年開催のワールドカップメンバーにも選出されたが、本大会直前に行われたドイツとの親善試合でバスティアン・シュヴァインシュタイガーから後方からの危険なタックルを浴びせられ負傷退場。第1戦の欠場を余儀なくされた。懸命のリハビリで第2戦に間に合わせ、2試合にフル出場した。ドイツ戦での負傷後、ジーコはシュヴァインシュタイガーを完全に卑劣なタックルだったと名指しで非難。2010年の南アフリカW杯においても「もっとも個人的に、彼（シュバインシュタイガー）のことは応援できない。4年前、加地に対してあんなプレイをした奴だからね。あれは不必要なプレイだった。」と語っている。
ジーコの後任監督であるイビチャ・オシムからも90分間スプリントできるスピードと持久力を高く評価され 出場を続けていたが、2008年に入り岡田武史体制となってからは内田篤人がスタメンに抜擢され、同年3月に右大腿部を挫傷し代表合宿を辞退。この際、クラブと代表が並行する過密日程を強い気持ちで戦い続けることが難しくなってきており、G大阪に専念したいという気持ちの整理を付け、加地自ら岡田へ日本代表引退の意思を伝えた。G大阪公式ウェブサイト上でも5月20日に正式に代表引退が発表された。

国際Aマッチ初出場 - 2003年10月8日 国際親善試合 vsチュニジア代表（チュニス・オリンピック・スタジアム）
国際Aマッチ初得点 - 2005年8月17日 2006 FIFAワールドカップ・アジア2次予選 vsイラン代表（横浜国際総合競技場）
国際Aマッチ50試合出場 - 2007年3月24日 キリンチャレンジカップ2007 vsペルー代表（横浜国際総合競技場）

U-19 / U-20日本代表
1998年 - AFCユース選手権1998
1999年 - 1999 FIFAワールドユース選手権
日本代表
2004年 - AFCアジアカップ2004
2005年 - FIFAコンフェデレーションズカップ2005
2006年 - 2006 FIFAワールドカップ
2007年 - AFCアジアカップ2007

国際Aマッチ 64試合 2得点 (2003年 - 2008年)



",,,
4366,中澤 佑二,Yuji NAKAZAWA,a,中澤佑二,yes,A|U23,negation_or_candidate_language_present,"A代表を兼務するフィリップ・トルシエの下、U-23代表に選出され存在感を示すと、1999年9月8日に行なわれたイランとの親善試合でフル代表デビューを果たす。翌2000年に行なわれたAFCアジアカップ2000予選のシンガポール戦で代表初得点を含む2得点。その後はシドニーオリンピックではレギュラーとして活躍し、AFCアジアカップ2000でも3試合に出場して優勝に貢献するなど、代表の常連となる。しかし2001年に入って怪我でコンフェデ杯を欠場すると、回復後もスランプに陥り、同ポジションの松田直樹の控えに甘んじることが増える。それでも2002 FIFAワールドカップ本大会のメンバー入りは有力と思われていたが、メンバー発表前最後の試合であるアウェイのノルウェー戦にフル出場(同年唯一のAキャップ)するも0-3で敗れると、秋田豊のサプライズ選出に押し出され落選。
その後しばらくの間招集されることはなかったが、2003年にマリノスを年間優勝に導く活躍から代表へと復帰を果たす。復帰してからしばらくは控えであったものの、ジーコ監督が本格的に3バックを導入した頃からレギュラーとして出場することが増え、AFCアジアカップ2004ではグループステージのタイ戦で決勝点を含む2得点、バーレーンとの準決勝では敗戦の危機を救う同点ゴールを決めるなど、玉田圭司と並んでチームトップタイの3得点を記録する活躍で優勝の原動力となり、大会ベストイレブンに選出された。その後もレギュラーとして出場を続け、2006 FIFAワールドカップ本大会ではグループステージ全3試合にフル出場し、ブラジル戦では累積警告で出場停止になった宮本恒靖の代わりに主将を務めたが、決勝トーナメント進出はならなかった。
ワールドカップ終了後に日本代表から引退することを発表し、2006年内は代表戦に出場しなかったものの、2007年2月千葉県内で行われる日本代表候補合宿のオシムジャパン体制でメンバーに初選出され、代表復帰を果たした。以降は代表監督が岡田武史に交代してからも不動のレギュラーとして君臨し、キャプテンも約２年間務める。2010 FIFAワールドカップでは大会直前にチームの悪い流れを変える手段のひとつとしてキャプテン交代はあったものの、田中マルクス闘莉王とともに鉄壁のセンターバックのコンビを組んでグループステージ3試合とノックアウトステージ1試合に先発出場し、日本代表の2大会ぶりとなる16強入りの原動力となった。大会終了後に公表されたFIFAの技術研究グループが作成した報告書では、空中戦の強さと視野の広さがあると評されている。彩の国功労賞を受賞。
日本代表では守備だけでなくセットプレーにおける得点源としても活躍し、通算得点数17は日本代表におけるDF登録の選手では史上最多記録である。
代表通算110試合で僅か警告5回、退場0回と、激しいプレーながらラフなプレーはほとんど無く、カードを提示されることは非常に少なかった。



2000年 シドニーオリンピック
2000年 AFCアジアカップ2000
2004年 AFCアジアカップ2004
2006年 2006 FIFAワールドカップ・ドイツ大会
2007年 AFCアジアカップ2007
2010年 2010 FIFAワールドカップ・南アフリカ大会

国際Aマッチ 110試合 17得点（1999年 -2010年）



",,,
44959,嵯峨 理久,SAGA Riku,a,嵯峨理久,unclear,U15,negation_or_candidate_language_present,2013年 - U-15日本代表候補,,,
4499,高木 和道,Kazumichi TAKAGI,a,高木和道,yes,A,negation_or_candidate_language_present,"2008年4月、日本代表候補合宿に初招集される。同年6月には怪我で離脱した阿部勇樹に代わり2010 FIFAワールドカップ・アジア3次予選に向けた日本代表に初選出される。同年8月20日に札幌ドームで行われたキリンチャレンジカップ2008・ウルグアイ戦で先発し国際Aマッチ初出場。2008年から2009年にかけて5試合に出場した。

国際Aマッチ初出場 - 2008年8月20日 キリンチャレンジカップ2008 vsウルグアイ代表（札幌ドーム）

日本代表
2008年 - 2010 FIFAワールドカップ・アジア3次予選
2008年 - 2010 FIFAワールドカップ・アジア4次予選
2009年 - AFCアジアカップ2011・最終予選



",,,
45032,笠柳 翼,KASAYANAGI Tsubasa,a,笠柳翼,unclear,U18|U19|U20,negation_or_candidate_language_present,"U-18日本代表候補（2021年）
U-19日本代表候補（2022年）
U-20日本代表候補（2023年）",,,
45117,市原 吏音,ICHIHARA Rion,a,市原吏音,yes,U15|U16|U17|U18|U19|U20|U23|other,negation_or_candidate_language_present,"2026年のAFC U23アジアカップ2026でU-21日本代表の主将を務めた。

2020年 - U-15日本代表候補
2021年 - U-16日本代表候補
2022年 - U-17日本代表、U-18日本代表
2023年 - U-19日本代表（モーリスリベロトーナメント(旧トゥーロン国際大会)）、U-18日本代表
2024年 - U-19日本代表
2025年 - U-20日本代表（AFC U20アジアカップ2025）
2025年 - U-22日本代表（イングランド遠征）
2026年 - U-23日本代表（AFC U23アジアカップ2026）",,,
49685,山本 宗太朗,YAMAMOTO Sotaro,a,山本宗太朗,unclear,U15|U17,negation_or_candidate_language_present,"U-15日本代表候補
U-17日本代表候補",,,
54780,望月 ヘンリー海輝,MOCHIZUKI Henry Heroki,a,望月ヘンリー海輝,yes,A|U18|U20,negation_or_candidate_language_present,"2019年 U-18日本代表候補
2021年 U-20日本代表候補
2024年 日本代表
2025年 日本代表
EAFF E-1サッカー選手権（2025年）

国際Aマッチ 5試合 1得点（2024年 - ）



",,,
54811,村上 陽介,MURAKAMI Yosuke,a,村上陽介,yes,U17|U18|U19,negation_or_candidate_language_present,"村上 陽介（むらかみ ようすけ、2002年2月4日 - ）は、東京都出身のプロサッカー選手。Jリーグ・RB大宮アルディージャ所属。ポジションはディフェンダー（DF）。


== 来歴 ==
大宮アルディージャU18在籍中に2019 FIFA U-17ワールドカップにU-17日本代表に選出された。
その後明治大学に進学。2023年3月に大宮アルディージャへの2024年加入が発表された。
2024年3月2日のJ3第2節 FC岐阜戦でJリーグ初出場を果たし、7月13日のカマタマーレ讃岐戦でプロA契約締結条件に達し、プロA契約を締結した。


== 所属クラブ ==
FCトッカーノ
FCトッカーノU-15
大宮アルディージャU18
明治大学
2024年 -  大宮アルディージャ / RB大宮アルディージャ


== 個人成績 ==

その他公式戦
2025年
J1昇格プレーオフ：1試合0得点
出場歴
Jリーグ初出場：2024年3月2日 J3第2節 FC岐阜戦（NACK5スタジアム大宮）
Jリーグ初得点：2025年4月13日 J2第9節 ブラウブリッツ秋田戦（ソユースタジアム）


== タイトル ==


=== クラブ ===
大宮アルディージャ
J3リーグ：1回（2024年）
埼玉県サッカー選手権大会：1回（2024年）


== 代表 ==
2019年 - U-17日本代表
2020年 - U-18日本代表
2020年 - U-19日本代表候補


== 脚注 ==


=== 出典 ===


== 関連項目 ==
RB大宮アルディージャの選手一覧


== 外部リンク ==
村上陽介 (@yosukemurakami38) - Instagram 
村上陽介 (@Murakami9898) - X（旧Twitter）
村上陽介 - Soccerway.com (英語)
村上陽介 - FootballDatabase.eu (英語)
村上陽介 - WorldFootball.net (英語)
村上陽介 - Transfermarkt.comによる選手データ (英語)
村上陽介 - J.League Data Siteによる選手データ
村上陽介 - playmakerstats.com (英語)",,,
5861,近藤 直也,Naoya KONDO,a,近藤直也,yes,A|U20|U23,negation_or_candidate_language_present,"2003年、U-20日本代表に選出され、2003 FIFAワールドユース選手権やトゥーロン国際大会に出場。FIFAワールドユース選手権ではダニエウ・アウヴェスやフェルナンジーニョ擁するブラジル代表に1-5の大差で破れてベスト8。トゥーロン国際大会ではポルトガルと対戦し、のちにバロンドールを獲得するクリスティアーノ・ロナウドを完封した。

2004年、U-23日本代表に選出され、アテネ五輪アジア最終予選を戦ったが、本大会メンバーには選出されなかった。
2007年5月には初めて日本代表候補に選出されたが、直後に負傷離脱。

2012年、日本代表に初選出され、同じ柏レイソル所属の田中順也と共にキリンチャレンジカップ・アイスランド戦で国際Aマッチ初出場。

国際Aマッチ初出場 - 2012年2月24日 キリンチャレンジカップ アイスランド戦（長居陸上競技場）

U-20日本代表
2003年 - 2003 FIFAワールドユース選手権、トゥーロン国際大会
U-23日本代表
2004年 - アテネ五輪アジア最終予選
日本代表
2012年 - キリンチャレンジカップ

国際Aマッチ 1試合 0得点（2012年）

",,,
6006,前田 遼一,Ryoichi MAEDA,a,前田遼一,yes,A|U18|U19|U20|U23|other,negation_or_candidate_language_present,"高校3年生時にU-18日本代表に選ばれ、2000年にはU-19日本代表の一員としてAFCユース選手権準優勝に貢献。1得点ながら柔軟なボールコントロールと閃きでチャンスを作り大会MVPに選出された。2001年には、U-20日本代表の一員としてワールドユースに出場した。
2001年10月、20歳にしてフィリップ・トルシエ率いるA代表の候補合宿に初選出された。翌2002年からのジーコ体制下の4年間は招集なし。
2004年はU-23日本代表としてアテネオリンピック最終予選に出場。既に磐田ではFWでのプレーを続けていたが、監督の山本昌邦からはMFに配された。本大会直前で メンバー選考から漏れ、予備登録に留まった。
2006年秋、イビチャ・オシム指揮の下、これまで候補止まりであったA代表に初選出された。オシムからは、運動量が非常に多く、個人技術に優れ、見た目にはそれほど速くは見えないが、いつの間にか相手にとって危険な地域にいる、日本に不足していたタイプと評され 大きな期待を寄せられた。2007年10月17日、エジプト代表戦に先発出場し、国際Aマッチ初ゴールを挙げた。
オシム後任の岡田武史からも高さ・足元の技術・守備意識を併せ持つ点を認められ、2008年の東アジア選手権に出場。北朝鮮代表戦で代表2得点目を挙げるも、古傷の右膝痛がぶり返したため大会途中で離脱。岡田はその後も招集の機会を探っていたが、コンディションが整わず選外が続いた。2009年に入って復調し、リーグ戦の活躍が評価されて同年9月に約1年3か月ぶりの代表復帰。しかし、2トップでのプレーを希望する前田に対し、岡田は1トップに入ることを要求。最終的には戦術不適合とされ、翌年開催のワールドカップ本戦では予備登録止まりでメンバーから外れた。
2010年、アルベルト・ザッケローニの監督就任以降は初采配時から代表に選ばれ、1トップに入りしぶとくポストプレーをこなして味方を助け、2011年1月開催のAFCアジアカップにも選出された。身体の強さと高さを発揮し、巧みにボールを引き出してチーム戦術に適応。同大会では全6試合に先発出場し、グループリーグサウジアラビア代表戦で2得点、準決勝韓国代表戦では同点に追いつくゴールを決め、日本代表の2大会ぶり4回目の優勝に貢献した。怪我の影響で一時選外となるが、同年11月に代表に復帰し、FIFAワールドカップアジア3次予選のタジキスタン代表戦には途中出場で1得点を挙げ、北朝鮮代表戦では先発出場した。同年の活躍により、日本代表のエースストライカーとも称された。
2012年もA代表に定着し、ザッケローニが海外でプレーするFWが見たいと明言して選抜した FIFAワールドカップアジア3次予選のウズベキスタン代表戦を除く予選全試合に招集されるも、同年10月の欧州遠征では練習中に左太腿裏を痛め、試合に出場しないまま途中離脱。FIFAワールドカップアジア最終予選では、1トップとして全試合に先発出場。前線の好連携で 攻撃のリズムを作り出し、自身も5試合で3得点を挙げる高い得点能力で予選突破を果たした。
2013年のFIFAコンフェレーションズカップでも、得点場面だけではない90分通しての貢献度を高く評価されて 全3試合に出場。ザッケローニからはイタリア代表戦においてアンドレア・ピルロ対策を完璧に行ったと賛辞され、元イタリア代表監督のアリゴ・サッキからも同試合で一番印象に残った選手として挙げられたが、好機を逸し 無得点に終わる。その後、代表経験の少ない選手中心で臨んだ東アジア選手権で柿谷曜一朗と大迫勇也が活躍すると、以降はその2人を起用する形となり、2014 FIFAワールドカップ本大会メンバーからも外れた。W杯メンバーからは外れたものの、メンバー発表後にザッケローニは通訳の矢野大輔を通じて電話で前田にこれまでの感謝の言葉を送っている。

2007年08月22日 - 国際Aマッチ初出場 (親善試合) - 対カメルーン戦 (九州石油ドーム)
2007年10月17日 - 国際Aマッチ初得点 (親善試合) - 対エジプト戦 (長居陸上競技場)

U-18日本代表
1999年 - フローニンゲン国際ユース大会 (9位)、SBSカップ (優勝)
U-19日本代表
2000年- テルボルグ国際ユース大会 (7位)、アジアユース (予選)、SBSカップ (優勝)、AFCユース選手権(準優勝)
U-20日本代表
2001年 - U-20トーナメント香港 (4位)、ジャパンユースカップ (優勝)、トゥーロン国際大会 (GL敗退)、FIFAワールドユース選手権 (GL敗退)
U-21日本代表
2002年 - トゥーロン国際大会 (離脱)、アジア競技大会 (準優勝)
U-22日本代表
2003年 - カタール国際ユーストーナメント (準優勝)、アテネオリンピックアジア2次予選
U-23年日本代表
2004年 - アテネオリンピックアジア最終予選、アテネオリンピック (予備登録)
日本代表
2001年 - 候補合宿
2002年 - 候補合宿
2006年 - AFCアジアカップ予選
2007年 - AFCアジアカップ (予備登録)、AFC アジア/アフリカ チャレンジカップ (優勝)
2008年 - FIFAワールドカップアジア3次予選、東アジア選手権 (準優勝)
2009年 - AFCアジアカップ予選
2010年 - FIFAワールドカップ (予備登録)
2011年 - AFCアジアカップ (優勝)、FIFAワールドカップアジア3次予選
2012年 - FIFAワールドカップアジア最終予選
2013年 - FIFAワールドカップアジア最終予選、FIFAコンフェデレーションズカップ (GL敗退)

国際Aマッチ 33試合 10得点 (2007年 - 2013年)



",,,
6274,大谷 秀和,Hidekazu OTANI,a,大谷秀和,no,,negation_or_candidate_language_present,"日本代表候補
2015年 - 東アジアカップ2015（※予備登録メンバー）
2016年 - 2018 FIFAワールドカップ・アジア3次予選（※予備登録メンバー）
2017年 - 2018 FIFAワールドカップ・アジア3次予選（※予備登録メンバー）",,,
6449,黒津 勝,Masaru KUROTSU,a,黒津勝,no,,negation_or_candidate_language_present,2007年 日本代表候補,,,
6476,川島 永嗣,KAWASHIMA Eiji,a,川島永嗣,yes,A|U18|U19|U20|U23,negation_or_candidate_language_present,"2002年、AFCユース選手権に出場するU-19日本代表に選出され、不動のレギュラーとして活躍。特に準決勝のウズベキスタン戦ではPK戦で2本止めるなどの活躍を見せた。2003年12月に行われたFIFAワールドユース選手権でも、イングランド戦、エジプト戦で数々の好セーブを見せ、チームのベスト8進出に貢献した。
2007年2月14日には山岸範宏、林彰洋らと共にフル代表候補合宿に初招集され、3月19日にはペルー戦以降ベンチ入りし、AFCアジアカップ2007でもメンバーに選ばれた。2008年2月17日、東アジアサッカー選手権・対北朝鮮戦でフル代表デビューを果たした。しかし、川崎のチームメイト（当時）である鄭大世にゴールを決められるデビューとなった。2008年になると川口能活の不振により楢﨑が正守護神に据えられるようになった。また、川口・楢﨑の不在時は主に都築龍太が起用されたため、この頃は代表でのスタメン機会には恵まれなかった。
2010年5月30日のFIFAワールドカップ・南アフリカ大会前のテストマッチ・対イングランド戦（1-2）では、敗れたもののフランク・ランパードのPKを阻止するなど強豪相手に好セーブを連発する活躍を見せ、楢﨑に代わり本大会での正GKの座を獲得した。本大会では、グループリーグ全3試合に出場。当時、テストマッチ全敗ということもあり前評判は低かったものの、初戦のカメルーン（1-0）で本田圭佑の決勝点を守りきり無失点で勝利すると、続くオランダ戦（0-1）では敗れたものの、ウェズレイ・スナイデルのスーパーゴールによる1失点に抑え、続くデンマーク戦（3-1）で勝利を収め、海外開催のワールドカップでは初となる決勝トーナメント進出を果たした。グループリーグは2失点（内、デンマークのヨン・ダール・トマソンのPKを防いで相手正面に弾いた際のこぼれ球による）という活躍でグループリーグ突破に貢献した。決勝トーナメント1回戦のパラグアイ戦では延長戦にもつれ込み120分間無失点に抑えたが、0−0のままPK戦となり、PK戦では5本全て決められ敗れた。
2011年に開催されたアジアカップでも正GKとして起用されるものの、グループリーグ第2戦シリア戦では不可解な判定で退場し、準々決勝のカタール代表戦でも2失点するなど出来が危ぶまれた。しかし、準決勝の韓国戦のPK戦では相手のシュートを2本止め、決勝のオーストラリア戦では多くの好セーブを見せて無失点に抑え、マンオブザマッチに選出される活躍で日本代表の2大会ぶりの優勝に貢献した。
2014年6月に開催された2014 FIFAワールドカップでは、日本代表史上初めて背番号「1」をつけて試合に出場した。2大会連続で全試合フル出場したが、チームは1勝も挙げられずグループリーグで敗退した。
2016年、6月3日に行われたブルガリア戦で約1年ぶりに日本代表として試合に出場し、2失点はしたものの試合終了間際のPKを止める活躍を見せた。
2018年5月、2018 FIFAワールドカップの出場メンバーに選出され自身3度目のワールドカップ代表入りを果たした。グループリーグ初戦のコロンビア戦では、キンテロの弾道の低いFKを止められず、失点した。第2戦のセネガル戦では、ボールをセネガルのサディオ・マネが居る所にパンチング、そのボールがマネに当たりそのままゴールしてしまうというミスを犯し、批判の的となった。控えの東口順昭や中村航輔を推す声も出た が、日本代表監督の西野朗がベテランの川島を信頼し、第3戦のポーランド戦ではキャプテンマークを巻いて出場し、カミル・グロシツキの決定的なヘディングシュートをゴールライン上、右手一本でストップするビッグセーブを見せるなど活躍。決勝トーナメント1回戦のベルギー戦では、数度の好守も見せた一方で、フェルトンゲンに決められたヘディングは、ポジションミスが原因という見解もあり、激闘の末、後半アディショナルタイムに失点し2-3で破れ、ベスト16という結果で終えた。3大会でW杯11試合出場は、長友佑都、長谷部誠と並び日本人最多出場となった。ミスで失点してしまうという点から批判されていたが、スポーツのデータ分析を手がける『Opta』によると7月6日（W杯期間中）までのロシアW杯のGKセーブ率ランキングで3位にランクインしている。
2019年6月、東京五輪世代中心で構成されたコパ・アメリカ2019のメンバーに選出された。初戦は、東京五輪世代の大迫敬介がスタメンに抜擢されるも、第2戦のウルグアイ戦でスタメン出場し、エディンソン・カバーニとの1対1でビッグセーブを見せるなど1年ぶりの代表戦で活躍。第3戦のエクアドル戦でも、ゴールマウスを守るもチームはグループリーグ敗退となった。
2022年カタールワールドカップの日本代表に選出。同じく代表に選ばれた長友と共に歴代4人目のタイ記録となる4度目のワールドカップ日本代表選出となった。しかし、日本代表が戦った4試合全てで権田修一が出場したため、本戦出場機会はなかった。12月15日、代表引退を発表した。

国際Aマッチ初出場 - 2008年2月17日東アジアサッカー選手権2008 vs北朝鮮代表（重慶市奥林匹克体育中心）
国際Aマッチ初完封 - 2009年10月10日 vsスコットランド代表（横浜国際総合競技場）

U-18日本代表（2001年）
U-19日本代表
AFCユース選手権2002（準優勝）
U-20日本代表
2003 FIFAワールドユース選手権（ベスト8）
U-23日本代表
アテネオリンピック予備登録
日本代表
2007年 - AFCアジアカップ2007（4位）
2008年 - 2010 FIFAワールドカップ・アジア3次予選、東アジアサッカー選手権2008（準優勝）、2010 FIFAワールドカップ・アジア4次予選
2010年 - 2010 FIFAワールドカップ（ベスト16）
2011年 - AFCアジアカップ2011（優勝）、2014 FIFAワールドカップ・アジア3次予選
2012年 - 2014 FIFAワールドカップ・アジア4次予選
2013年 - FIFAコンフェデレーションズカップ2013（グループリーグ敗退）
2014年 - 2014 FIFAワールドカップ（グループリーグ敗退）
2015年 - AFCアジアカップ2015（ベスト8）、2018 FIFAワールドカップ・アジア2次予選
2016年 - キリンカップサッカー2016（準優勝）、2018 FIFAワールドカップ・アジア3次予選
2018年 - 2018 FIFAワールドカップ（ベスト16）
2019年 - コパ・アメリカ2019（グループリーグ敗退）、2022 FIFAワールドカップ・アジア2次予選
2021年 - 2022 FIFAワールドカップ・アジア3次予選
2022年 - 2022 FIFAワールドカップ（ベスト16）

国際Aマッチ 95試合 0得点（2008年 -2022年）

",,,
6679,梶山 陽平,Yohei KAJIYAMA,a,梶山陽平,yes,U17|U18|U19|U20|U23|other,negation_or_candidate_language_present,"U-17日本代表
2002年 - 国際ユースサッカー in 新潟
U-18日本代表
テルボルグ国際ユース大会
国際ユースサッカー in 新潟 (優勝)
SBSカップ (優勝)
仙台カップ国際ユースサッカー大会
AFCユース選手権予選
U-20日本代表
U-19日本代表
トゥーロン国際大会
SBSカップ (準優勝)
AFC U-19選手権
マレーシア大会 (離脱)
U-20日本代表
ワールドユース選手権
オランダ大会 (ベスト16)
U-21日本代表
U-22日本代表
北京オリンピックアジア二次予選・最終予選
U-23日本代表 -
トゥーロン国際大会 (4位)
オリンピック・北京大会 (グループリーグ敗退)
日本代表候補
AFCアジアカップ2011予備登録",,,
6713,丹羽 竜平,Ryuhei NIWA,a,丹羽竜平,yes,U15|U19|U20|other,negation_or_candidate_language_present,"1998年 U-15日本代表候補
2004年 U-19日本代表候補
2005年 U-20日本代表
2006年 U-21日本代表候補",,,
7031,染谷 悠太,Yuta SOMEYA,a,染谷悠太,yes,U15|U16,negation_or_candidate_language_present,"2001年 U-15日本代表候補
2002年 U-16日本代表 - 北海道国際ユースサッカー大会",,,
7090,前田 俊介,Shunsuke MAEDA,a,前田俊介,yes,U15|U16|U17|U18|U19|U20|other,negation_or_candidate_language_present,"前田 俊介（まえだ しゅんすけ、1986年6月9日 - ）は、奈良県桜井市出身のサッカー選手、サッカー指導者。ポジションはフォワード。


== 来歴 ==
幼少期に、父親が指導者を務めていた桜井FCの練習について行っていたことをきっかけにサッカーを始める。小学校5年生の時「毎日サッカーが出来る」という理由で桜井FCより練習日の多い高田FCに移る。中学3年時に複数の高校やクラブチームからスカウトされ数チームに練習参加、当初は高校選手権への出場を夢見て高校サッカーへ行こうとしていたが、部活特有の厳しい上下関係や規律に馴染めず、それらに比べて自由な雰囲気のサンフレッチェ広島ユースに惹かれるようになる。


=== サンフレッチェ広島ユース ===
2002年、広島ユースに入団。ユースの同期に、広島下部組織出身の森脇良太、大屋翼、髙柳一誠、桒田慎一朗、前田同様に全国からスカウトされた佐藤昭大、髙萩洋次郎、藤井大輔、冨成慎司など。当初は主にトップ下を務めていたが、次第にストライカーとして頭角を表すようになる。
2003年、日本クラブユース選手権直前に腕を骨折、同大会と高円宮杯全日本ユース選手権は欠場。自分が不在のチームがクラブユース選手権初優勝、高円宮杯3位と快進撃を続けたことへの焦りと悔しさをバネに、復帰した同年末のJリーグユース選手権大会でチームを優勝に導き、自身も得点王となる。準決勝のセレッソ大阪U-18戦での、後方からのロングフィードをトラップすることなく右足で叩きこんだランニングボレーシュートは、映像が全国放送のテレビニュースで使用された。
2004年、10番を背負い、チームをクラブユース選手権と高円宮杯の優勝に導くとともに、前年のJリーグユース選手権大会から3大会連続の得点王に輝き、クラブユース選手権ではMVPも獲得した。クラブユース史上初の3冠を目指したJリーグユース選手権大会では、決勝で鹿島アントラーズユースにPK戦の末敗れ、準優勝となった。
また、この年は2種登録選手としてJ1に数試合出場、2ndステージジュビロ磐田戦でJリーグ初得点、チームの勝利とJ1残留を決定付ける決勝点を挙げた。


=== プロ入り後 ===
2005年にサンフレッチェ広島トップチームへ昇格する形で入団。同期は、ユースからの同時昇格である佐藤、森脇、髙柳、桒田と、入船和真、中尾真那、西河翔吾。第3節の名古屋グランパスエイト戦で初のベンチ入りと89分よりの交代出場を果たす。第5節の東京ヴェルディ1969戦では先発出場して1得点1アシストの活躍を見せ、開幕以来ナビスコカップを含めて6戦連続勝ち星のなかったチームに初勝利をもたらした。その後も途中出場が中心ながらコンスタントに試合出場を続け、3度の決勝点（うちロスタイムに2度）を挙げ、チームの上位進出に貢献した。
また、同年のU-20日本代表では2005 FIFAワールドユース選手権のメンバーに選出された。グループステージ・オーストラリア戦と決勝トーナメント初戦・モロッコ戦に交代出場。オーストラリア戦では、グループステージ敗退寸前に追い込まれたチームを決勝トーナメントへと導く貴重な得点を挙げた。尚、本大会にはリオネル・メッシも参戦している。
2006年、広島は新布陣が機能せず、クラブワーストとなるリーグ戦10試合未勝利を記録するなど低迷した。前田も、相手ラインの裏を取るプレーよりも徹底して足元でボールを受けて個人技で抜きにかかるプレースタイルが研究され、ボールを持って前を向くより先に囲まれて簡単にボールを奪われるシーンが目立った。結果として、ライン突破にかけては日本屈指の技術を誇りチームトップクラスのスコアラーである佐藤寿人とウェズレイの前に、前田はレギュラー争いで厚い壁に阻まれることになった。
2007年、佐藤寿人、ウェズレイの存在に加えて平繁龍一の台頭もあり、広島での出番を得られなくなった。同年6月、FWに怪我人が続出し得点力不足に陥っていた大分トリニータに期限付き移籍。その大分でも出場機会は多くなかったが、残留争いの大一番となった大宮アルディージャ戦で後半43分に決勝点を挙げ、大分のJ1残留へ向けて貴重な勝利をもたらした。
2008年、期限付き移籍延長の形で大分に残留。開幕当初は高松大樹や家長昭博の負傷もあり、多くの出場機会を得て活躍。また、必死でチェイスに走るなど、課題とされてきた前線守備にも成長が見られた。しかし継続した結果が出ず、シーズン途中には高松や家長の復帰、森島康仁の加入により、ポジションを奪われてベンチ入りすら出来ないことも増えた。
2009年、大分へ完全移籍。ウェズレイ、森島、高松らの怪我で期待されるも、運動量の少なさから前半での交代や、フォワードは住田貴彦と二人のみにもかかわらず、打開力のあるMF金崎夢生のFWのコンバートが優先され、ベンチ入りも叶わないなど苦闘を強いられ、チームもJ2降格を経験する事となった。
2010年はJ2に戦いの舞台を移したが、そこでも出番が少なく、8月11日、J1のFC東京への期限付き移籍が発表された。FC東京監督の大熊清は「前で時間を作れるタイプ」「（控え組主体の）練習試合をすると一番結果を出している」と評価し、第90回天皇杯4回戦対千葉戦で加入以来初の先発フル出場を果たした。期限付き移籍期間満了により同年限りで退団。
2011年は大分に復帰。森島と共に攻撃陣の中心として活躍し、リーグ戦では自己最多となる8得点を挙げた。9月3日の富山戦で2度の警告を受け退場を命じられた際、主審に暴力並びに異議行為を行ったとして、リーグ戦6試合・第91回天皇杯2回戦の計7試合の出場停止が言い渡された。
2012年、J1に昇格するコンサドーレ札幌に完全移籍した。札幌監督の石崎信弘が大分での活躍を高く評価したためである。シーズン序盤、そのキープ力から1トップとして期待され、第7節の川崎フロンターレ戦ではゴールを決める。しかし、前線で相手DFに潰され、その結果札幌の攻撃を滞らせる場面が目立った。その結果、7失点を喫した第12節の鹿島アントラーズ戦での前半途中での負傷退場（左太もも裏肉離れで全治3か月）を最後に出場機会が激減した。チームも低迷し、最終的に1年でのJ2降格となってしまった。
2013年、2014年、2015年と、札幌では2012年に加え4シーズンプレーした。
2016年、ガイナーレ鳥取へ移籍。2017年シーズン限りで契約満了。同年12月にはJリーグ合同トライアウトに出場した。
2018年、九州サッカーリーグに所属する沖縄SVへ加入。4得点11アシストの成績を残し、アシスト王とベストイレブンを受賞した。
2020年シーズンをもって現役引退と共に翌年から沖縄SVのトップチームコーチに就任。2022年シーズン終了後、コーチを退任。
2023年、古巣であるディアブロッサ高田FCに選手兼トップチームコーチ兼育成部門テクニカルコーチとして加入。


== 人物 ==
コンサドーレ札幌時代には、当時監督の石崎信弘に「あいつは天才じゃろ」と言わしめる高度な技術を持つ稀代のテクニシャンであった。
時折見せる曲芸的なドリブル、シュートからカルト的人気を集める。その一方で、運動量が少なく、守備を不得手とする選手としても知られ、広島在籍時のミハイロ・ペトロヴィッチ やFC東京在籍時の大熊清 からは、その姿勢に苦言を呈された。このプレースタイルもあってか、希有な才能を持ちながら、開花しなかった前田俊介を揶揄した「前俊を諦めない。」という言葉が生まれている。


== 所属クラブ ==
桜井FC
1997年 - 2001年 高田FC
2002年 - 2004年 サンフレッチェ広島ユース (広島県立吉田高校)
2004年 サンフレッチェ広島 (2種登録)
2005年 - 2008年 サンフレッチェ広島
2007年6月 - 2008年 大分トリニータ (期限付き移籍)
2009年 - 2011年 大分トリニータ
2010年8月 - 同年12月 FC東京 (期限付き移籍)
2012年 - 2015年 コンサドーレ札幌
2016年 - 2017年 ガイナーレ鳥取
2018年 - 2020年 沖縄SV
2023年 - ディアブロッサ高田FC


== 個人成績 ==

※2004年は2種登録選手として出場

その他の国際公式戦
2009年
パンパシフィックチャンピオンシップ 1試合0得点
スルガ銀行チャンピオンシップ 1試合0得点
ユース所属 (2004年)
公式戦初出場：2004年5月29日 ナビスコカップ 対東京ヴェルディ1969戦 (国立)
 66分駒野友一に代わって出場
Jリーグ初出場：2004年6月13日J1リーグ1stステージ第12節 対鹿島アントラーズ戦 (広島ビ)
 61分外池大亮に代わって出場
初先発：2004年11月14日天皇杯4回戦横浜FC戦 (ニッパ球)
フル出場
Jリーグ初得点：2004年11月20日J1リーグ2ndステージ第13節 対ジュビロ磐田戦 (広島ビ)
 81分大木勉に代わって出場、1得点(83分)
トップチーム (2005年-)
初出場：2005年4月2日J1リーグ第3節　対名古屋グランパスエイト戦 (豊田ス)
 89分大木勉に代わって出場
初得点：2005年4月13日J1リーグ第5節　対東京ヴェルディ1969戦 (味スタ)
先発、 66分池田昇平と交代・1得点(25分)、FKで1アシスト(62分森崎和幸)


== タイトル ==


=== クラブ ===
サンフレッチェ広島ジュニアユース

日本クラブユースサッカー選手権(U-15)大会：1回（2001年）
サンフレッチェ広島ユース

Jユースカップ：1回（2003年）
日本クラブユースサッカー選手権 (U-18)大会：1回（2004年）
高円宮杯全日本ユース(U-18)サッカー選手権大会 ：1回（2004年）
大分トリニータ

Jリーグカップ：1回（2008年）
沖縄SV

九州サッカーリーグ：1回（2019年）


=== 個人 ===
高円宮杯全日本ユース(U-18)サッカー選手権大会 MVP：1回（2004年）
Jユースカップ 得点王：1回（2003年）
日本クラブユースサッカー選手権 (U-18)大会 得点王：1回（2004年）
高円宮杯全日本ユース(U-18)サッカー選手権大会 得点王 ：1回（2004年）
九州サッカーリーグ アシスト王：1回（2018年）
九州サッカーリーグ ベストイレブン：1回（2018年）


== 代表・選抜歴 ==
2001年 U-15日本代表候補
2002年
U-16日本代表 - AFC U-17選手権2002予選及び本大会、豊田国際ユースサッカー大会
広島県選抜 - 国民体育大会サッカー競技
2003年
U-17日本代表 - サニックス杯国際ユースサッカー大会
U-18日本代表
2004年
U-18日本代表 - 国際ユースサッカー in 新潟
U-19日本代表 - SBSカップ
2005年 U-20日本代表 - カタール国際ユーストーナメント、2005 FIFAワールドユース選手権
2006年 U-21日本代表 カタール・アジア競技大会


== 指導歴 ==
2021年 - 2022年 沖縄SVコーチ
2023年 - ディアブロッサ高田FCトップチームコーチ兼育成部門テクニカルコーチ（選手兼任）


== 脚注 ==
  
注釈

出典


== 関連項目 ==
奈良県出身の人物一覧
サンフレッチェ広島F.Cの育成組織
サンフレッチェ広島F.Cの選手一覧
大分トリニータの選手一覧
FC東京の選手一覧
北海道コンサドーレ札幌の選手一覧
ガイナーレ鳥取の選手一覧


== 外部リンク ==
前田俊介 - Soccerway.com (英語)
前田俊介 - FootballDatabase.eu (英語)
前田俊介 - WorldFootball.net (英語)
前田俊介 - Transfermarkt.comによる選手データ (英語)
前田俊介 - FIFA主催大会成績 (英語)
前田俊介 - J.League Data Siteによる選手データ",,,
7119,永田 亮太,Ryota NAGATA,a,永田亮太,yes,university,negation_or_candidate_language_present,"永田 亮太（ながた りょうた、1985年5月17日 - ）は、京都府京都市出身の元サッカー選手。ポジションはミッドフィールダー（MF）。


== 来歴 ==

当時湘南ベルマーレの監督を務めていた菅野将晃から誘われ、Jリーグ入り。菅野には京都パープルサンガのジュニアユース時代にも指導を受けていた。
2015年よりカマタマーレ讃岐へ完全移籍により加入、2020シーズンをもって現役引退。2021年からカマタマーレ讃岐のU15アカデミースタッフへ就任する。


== 所属クラブ ==
ユース経歴
1993年 - 1995年 西京極JSC
1996年 紫光SC
1997年 京都パープルサンガジュニア
1998年 - 2000年 京都パープルサンガジュニアユース
2001年 - 2003年 京都パープルサンガユース (京都学園高校)
2004年 - 2007年 立命館大学
プロ経歴
2008年 - 2010年  湘南ベルマーレ
2011年  サガン鳥栖
2012年  モンテディオ山形
2013年 - 2014年  ザスパクサツ群馬
2015年 - 2020年  カマタマーレ讃岐


== 個人成績 ==


== 代表・選抜歴 ==
2006年 全日本大学選抜
2006年 ユニバーシアード日本代表候補


== 脚注 ==


== 関連項目 ==
京都サンガF.C.の選手一覧#アカデミー出身者
湘南ベルマーレの選手一覧
サガン鳥栖の選手一覧
モンテディオ山形の選手一覧
ザスパクサツ群馬の選手一覧
カマタマーレ讃岐の選手一覧


== 外部リンク ==
永田亮太 - Soccerway.com (英語)
永田亮太 - FootballDatabase.eu (英語)
永田亮太 - WorldFootball.net (英語)
永田亮太 - Transfermarkt.comによる選手データ (英語)
永田亮太 - J.League Data Siteによる選手データ
永田亮太 - playmakerstats.com (英語)",,,
7238,石原 直樹,Naoki ISHIHARA,a,石原直樹,no,,negation_or_candidate_language_present,2014年 日本代表候補,,,
7242,神山 竜一,Ryuichi KAMIYAMA,a,神山竜一,unclear,U19,negation_or_candidate_language_present,2002年 U-19日本代表候補,,,
7264,近藤 祐介,Yusuke KONDO,a,近藤祐介,yes,U18|U19|U20,negation_or_candidate_language_present,"近藤 祐介（こんどう ゆうすけ、1984年12月5日 - ）は、東京都江戸川区出身の元プロサッカー選手。ポジションはフォワード（FW）及びミッドフィールダー（MF）。


== 来歴 ==
小学校1年生の時にサッカーを始める。出身の東京都江戸川区に隣接する千葉県市川市内のクラブに所属し、2000年に千葉県のサッカー強豪高である習志野高校へと進学。本田裕一郎監督の下、同校で1年次からレギュラーとしてプレーしていたが、本田の転任に併せて2年次から流経大柏高校へと転校。この年にFWへとコンバートされ、力強いシュートを武器に活躍。3年次には千葉県選抜の背番号10を背負い、国体優勝を果たした。
2003年に高校を卒業。地元のJリーグクラブである柏レイソルなどから勧誘を受けていたが、先んじてオファーをしていたJ1・FC東京へと加入。同年開催のFIFAワールドユース選手権に臨むU-20日本代表の有力候補の一人であったが、大会直前の負傷により選外となった。Jサテライトリーグの活躍から強烈なシュートと突破力を認められていたものの、好不調の波があり、1トップの布陣を採用していたこともあって出場機会は限られ、2005年にはレギュラーのFWルーカスに代わって5試合に先発出場したが、1得点のみと結果を残せなかった。
2006年、J2・ヴィッセル神戸へ期限付き移籍。持ち前の強引な攻撃の仕掛けに加えて前線からの守備でも貢献し、主力の一角として活躍。同年末、神戸のJ1昇格が掛かる大一番となったJ1・J2入れ替え戦の第2戦では、チームをJ1昇格へ導く値千金のアウェーゴールを挙げた。移籍期間を延長し、2007年も神戸でプレー。同年4月にはイビチャ・オシム監督率いる日本代表候補に選出され練習合宿に参加した。
2008年よりFC東京へ復帰。しかし、同年3月に右足指骨折、7月には左膝半月板損傷のため手術するなど負傷が重なり別メニュー調整が続いた。シーズン終盤に復帰。2009年開幕戦で豪快なシュートを決め復調をアピールしたが、平山相太らとのポジション争いに敗れ、同シーズンをもって契約満了となり退団。
2010年よりJ2・コンサドーレ札幌に移籍。2011年よりMF（左サイドハーフ）にポジションを変え、攻撃の力強さを発揮。リーグ戦全38試合に出場しクラブのJ1昇格に大きく貢献した。膝と腰の痛みを抱えながらも奮戦を続けていたが、人件費削減の煽りを受け2012年限りで退団。
2013年、J2・栃木SCに完全移籍。シーズン序盤は2トップの一角として献身的な走りで相手守備陣のスタミナを削ぐ役割を担っていたが、FWサビアの先発定着に伴う布陣再編によって左SHへ配され、激しい上下動で攻守に大きく貢献した。2014年は不動の左SHとして「変な癖が無いので」素直に撃てるという左足のシュートで相手ゴールを脅かし、チーム最多にして最長出場。アシスト、シュート、スルーパス、タックル数でチーム最多を記録した。同年限りで栃木との契約を満了。
2015年、J2・ギラヴァンツ北九州へ完全移籍。同年7月にJ3・AC長野パルセイロへ完全移籍。
2016年J3第6節長野対YS横浜では、後半22分から途中出場し同23分に退場。ただし実際は投入直後のファーストプレーでレッドカードを提示されており、数秒の出場であった。同年7月、SC相模原へ期限付き移籍。同年末に移籍期間を満了し、現役を引退。
2017年、南葛SC加入。2017年シーズン終了後に退団が発表された


== エピソード ==
好きなサッカー選手にクリスティアン・ヴィエリやガブリエル・バティストゥータを挙げる。2005年のFC東京以来、着用が多かった背番号「32」はヴィエリに倣ってのもの。
大のネコ好きであり、クラブが発行するファンブック等には度々愛猫とともに登場。
プロボクサーの粟生隆寛とは習志野高校在学時のクラスメート。高校卒業後も親交は厚い。
ホームゲームでは選手入場時に娘を抱いていることが多い。自身のブログのURLは娘の名前から。


== 所属クラブ ==
ユース経歴
1991年 - 1993年 キンダFC (江戸川区立江戸川小学校)
1995年 - 1996年 江戸川ボウズFC (同上)
1997年 - 1999年 市川K・I FC カネヅカ (江戸川区立瑞江第三中学校、市川市立東国分中学校)
2000年 習志野市立習志野高等学校
2001年 - 2002年 流通経済大学付属柏高等学校
プロ経歴
2003年 - 2009年  FC東京
2006年 - 2007年  ヴィッセル神戸 (期限付き移籍)
2010年 - 2012年  コンサドーレ札幌
2013年 - 2014年  栃木SC
2015年 - 同年7月  ギラヴァンツ北九州
2015年7月 - 2016年  AC長野パルセイロ
2016年7月 - 同年12月  SC相模原 (期限付き移籍)
2017年  南葛SC


== 個人成績 ==

その他の公式戦
2006年
J1・J2入れ替え戦 2試合1得点
出場歴
2003年08月30日：Jリーグ初出場 - J1 2nd第3節 vs横浜F・マリノス (味スタ)
2003年09月20日：Jリーグ初得点 - J1 2nd第6節 vsベガルタ仙台 (仙台)
2008年03月08日：Jリーグ100試合出場 - J1第1節 vs ヴィッセル神戸 (味スタ)
2011年10月26日：J2 100試合出場 - J2第7節 vs 徳島ヴォルティス (鳴門大塚)
2012年10月27日：Jリーグ200試合出場 - J1第30節 vs FC東京 (味スタ)
2016年04月24日：Jリーグ300試合出場 - J3第06節 vs横浜スポーツ&カルチャークラブ (ニッパツ)


== 代表・選抜歴 ==
2001年 ナショナルトレセンU-17
2002年
U-18日本代表
U-19日本代表
千葉県選抜 - 国体・高知大会 (優勝)
2003年 U-20日本代表
2007年 日本代表候補


== 指導歴 ==
2017年 - 南葛SCスクールコーチ


== 脚注 ==

注釈

出典


== 関連項目 ==
FC東京の選手一覧
ヴィッセル神戸の選手一覧
北海道コンサドーレ札幌の選手一覧
栃木SCの選手一覧
ギラヴァンツ北九州の選手一覧
AC長野パルセイロの選手一覧
SC相模原の選手一覧


== 外部リンク ==

近藤祐介 - Soccerway.com (英語)
近藤祐介 - FootballDatabase.eu (英語)
近藤祐介 - WorldFootball.net (英語)
近藤祐介 - Transfermarkt.comによる選手データ (英語)
近藤祐介 - J.League Data Siteによる選手データ
近藤祐介オフィシャルブログ
近藤祐介 (@yusuke4412) - Instagram
【J1 注目選手スペシャルインタビュー】Vol.4:近藤祐介選手 (神戸) - J's GOAL (2007年8月29日)
プロフィール (2007年) - ウェイバックマシン（2008年3月23日アーカイブ分） - ヴィッセル神戸
プロフィール (2009年) - ウェイバックマシン（2009年12月2日アーカイブ分） - FC東京
プロフィール (2012年) - ウェイバックマシン（2012年12月13日アーカイブ分） - コンサドーレ札幌
プロフィール (2013年) , (2014年) - 栃木SC
プロフィール (2015年) - ウェイバックマシン（2015年4月2日アーカイブ分） - ギラヴァンツ北九州
プロフィール (2016年) - ウェイバックマシン（2016年3月15日アーカイブ分） - AC長野パルセイロ
プロフィール (2016年) - ウェイバックマシン（2016年9月14日アーカイブ分） - SC相模原",,,
7341,田所 諒,Ryo TADOKORO,a,田所諒,yes,university,negation_or_candidate_language_present,"田所 諒（たどころ りょう、1986年4月8日 - ）は、大阪府寝屋川市出身の元サッカー選手。ポジションは、MF（ボランチ）、DF（左サイドバック）。
豊富な運動量が特長。
2019年シーズンをもって現役を引退。


== エピソード ==
幼稚園児から、空手をやっており「戦う事は空手で植えつけられましたね」と語る。
豊富な運動量は、両親の負けず嫌いな性格が影響しているらしい。


== 所属クラブ ==
セレッソ大阪U-15
2002年 - 2004年 セレッソ大阪U-18
2005年 - 2008年 大阪体育大学
2009年 - 2015年 ファジアーノ岡山
2016年 - 2019年 横浜FC


== 個人成績 ==

Jリーグ初出場 - 2009年3月25日 J2第4節 vsサガン鳥栖 (ベアスタ)
Jリーグ初得点 - 2010年7月30日 J2第20節 vsコンサドーレ札幌 (カンスタ)


== 選抜歴 ==
2007年 関西大学選抜候補
2008年 関西大学選抜


== 指導歴 ==
2020年 - 横浜FC
2020年 ユース アシスタントコーチ
2021年 - 2024年 ユース コーチ
2025年 - トップチーム コーチ


== 出典 ==


== 関連項目 ==
大阪府出身の人物一覧
セレッソ大阪の選手一覧#アカデミー出身者
大阪学院大学の人物一覧
ファジアーノ岡山FCの選手一覧
横浜FCの選手一覧


== 外部リンク ==
田所諒 - Soccerway.com (英語)
田所諒 - FootballDatabase.eu (英語)
田所諒 - WorldFootball.net (英語)
田所諒 - Transfermarkt.comによる選手データ (英語)
田所諒 - Transfermarkt.comによる指導者データ (英語)
田所諒 - J.League Data Siteによる選手データ",,,
7454,岡本 英也,Hideya OKAMOTO,a,岡本英也,unclear,U19,negation_or_candidate_language_present,"U-16ナショナルトレセン
U-19日本代表候補(2006年)",,,
7456,平井 将生,Shoki HIRAI,a,平井将生,yes,U16|U20,negation_or_candidate_language_present,"平井 将生（ひらい しょうき、1987年12月4日 - ）は、徳島県徳島市出身の元サッカー選手。ポジションはフォワード。


== 経歴 ==
地元の徳島県でサッカーを始め、高校進学の際プロサッカー選手になるべく、中学まで過ごした故郷の徳島を離れ、ガンバ大阪のユースチームでプレーするために単身大阪へと渡った。ユース時代の3年次には前十字じん帯断裂という大怪我に見舞われるが、クラブは将来性と才能を見込んでトップ契約を結び、2006年にガンバ大阪ユースからトップチームに昇格。この年に同時に昇格した6人組（平井、安田理大、横谷繁、植田龍仁朗、伊藤博幹、岡本英也）にはクラブによって「G6」という愛称がつけられていた。
2007年、ゼロックススーパーカップに出場したが、リーグ戦では出場機会を得られなかった。2008年にリーグ戦初出場を果たし、7月2日のナビスコ杯準々決勝横浜F・マリノス戦で公式戦初ゴールを挙げた。将来のエースストライカー候補としてクラブからの期待は大きく、2009年に5年間の長期契約を結んだ。
2010年は、開幕からFWのポジション争いに打ち勝ちレギュラーを掴むと、ACLグループリーグ第3節シンガポール・アームド・フォーシズ戦ではプロ入り初のハットトリックを達成し、リーグ戦でもゴールを量産して得点王争いに加わり、チームトップ、日本人選手では前田遼一に次ぐリーグ5位タイの14得点を挙げる活躍を見せた。『Sports Graphic Number』2010年9月2日号では、トップスピードに到達するまでが早いと評された。2010年のシーズン終了後には、アジアサッカー連盟に提出するAFCアジアカップ2011の日本代表予備登録メンバー50名にも選ばれた。
2011年3月29日に開催されたチャリティーマッチ「東北地方太平洋沖地震復興支援チャリティーマッチ がんばろうニッポン!」では、Jリーグ選抜として出場。同シーズンは外国人FWの起用により、出場機会が減少し、スタメン起用された試合でも途中交代になるケースが多く、僅か5得点に留まった。
2012年よりアルビレックス新潟へ期限付き移籍。しかし新潟ではなかなか結果を出せずにチームも低迷。開幕当初は先発出場も多かったが次第に途中出場が多くなり、最終的にリーグ戦21試合に出場（うち先発4試合）して無得点に終わった。残留争いが佳境に入った25節以降の出場時間はわずか3分、30節以降の終盤4試合はベンチ入りメンバーからも外れた。この成績から新潟社長の田村貢からも「今年のFW補強は失敗」と断言されるが、本人は「試合には出られなかったが充実していた」とコメントを残した。
2013年、ガンバ大阪に復帰。J2第2節長崎戦では2得点を決めたが、その後はスタメンに定着することはできず、終盤は控えメンバーから外れることが多かった。シーズン終了後、契約満了により退団。
2014年、アビスパ福岡へ完全移籍。J1復帰後FWの軸として活躍するも1年で降格となった際契約満了となる。
2017年、同じ福岡県内のギラヴァンツ北九州へ完全移籍。しかし翌年は怪我もあり思うような活躍が出来なかったことから、7月にJFL・FCマルヤス岡崎へ期限付き移籍。シーズン終了後両クラブから岡崎へそのまま完全移籍となったことが発表された。
2021年12月、現役引退を発表。


== 人物・エピソード ==
徳島県出身であることから、ゴールパフォーマンスは阿波踊りだが、大宮アルディージャのホームゲームで披露したところ、その試合の実況を担当したTBSアナウンサーの土井敏之が徳島県出身だと知らなかったのか「それは藤本のものだー！ここは大宮のホーム。なんと大胆な…」と実況されてしまった。
2010年9月、タレントのもりちえみと結婚。
好きな背番号は2007年に西野朗監督に与えられた「14」で、メディアからは背番号にちなんで「浪速のアンリ」と呼ばれる。福岡移籍1年目に「7」を背負ったが、当時背番号14だった金森健志が7番を希望しており、平井も14番を付けることを望んだため翌年から背番号が交換された。北九州でも「14」を付けたが、当初期限付きの形で移籍した岡崎では「40」となった。


== 所属クラブ ==
ユース経歴
1994年 - 1999年 上八万SC (徳島市立上八万小学校)
2000年 - 2002年 プルミエール徳島SC (徳島市立上八万中学校)
2003年 - 2005年 ガンバ大阪ユース (向陽台高等学校)
プロ経歴
2006年 - 2013年  ガンバ大阪
2012年  アルビレックス新潟 (期限付き移籍)
2014年 - 2016年  アビスパ福岡
2017年 - 2018年  ギラヴァンツ北九州
2018年8月 - 年内  FCマルヤス岡崎 (期限付き移籍)
2019年 - 2021年  FCマルヤス岡崎


== 個人成績 ==

その他の公式戦

2007年
スーパーカップ 1試合0得点
2010年
スーパーカップ 1試合0得点
2018年
福岡県サッカー選手権大会 1試合0得点

その他の国際公式戦

2008年
スルガ銀行チャンピオンシップ 1試合0得点
Jリーグ初出場 - 2008年4月27日 J1第8節 vsヴィッセル神戸（ホームズスタジアム神戸）
公式戦初得点 - 2008年7月2日 ナビスコカップ準々決勝 vs横浜F・マリノス（石川県西部緑地公園陸上競技場）
Jリーグ初得点 - 2010年3月28日 J1第4節 vsベガルタ仙台（万博記念競技場）


== タイトル ==


=== クラブ ===
ガンバ大阪
J2リーグ：1回（2013年）
Jリーグカップ：1回（2007年）
天皇杯：2回（2008年、2009年）
ゼロックススーパーカップ：1回（2007年）
AFCチャンピオンズリーグ：1回（2008年）
パンパシフィックチャンピオンシップ：1回（2008年）
ギラヴァンツ北九州

福岡県サッカー選手権大会：1回（2017年）
FCマルヤス岡崎

愛知県サッカー選手権大会：1回（2020年）


=== 個人 ===
Jリーグ優秀選手賞：1回（2010年）


== 代表・選抜歴 ==
U-16日本代表
U-20日本代表
日本代表候補
AFCアジアカップ2011予備登録メンバー
Jリーグ TEAM AS ONE（2011年、Jリーグ選抜）


== 脚注 ==

Jリーグ出場記録
2006年、2007年、2008年、2009年、2010年、2011年、2012年、2013年


== 関連項目 ==
徳島県出身の人物一覧
ガンバ大阪の選手一覧
アルビレックス新潟の選手一覧
アビスパ福岡の選手一覧
ギラヴァンツ北九州の選手一覧
マルヤス工業フットボールクラブの選手一覧


== 外部リンク ==
平井将生 - Soccerway.com (英語)
平井将生 - FootballDatabase.eu (英語)
平井将生 - WorldFootball.net (英語)
平井将生 - Transfermarkt.comによる選手データ (英語)
平井将生 - FIFA主催大会成績 (英語)
平井将生 - J.League Data Siteによる選手データ
アビスパ福岡｜FW14 平井 将生
SHOKI's BLOG No 14 （公式ブログ 2010年7月23日 - ）
SHOKI's BLOG No 14 （旧ブログ 2008年9月27日 - 2010年7月23日）
平井将生 (@ShokiHirai) - X（旧Twitter）",,,
7459,安田 理大,Michihiro YASUDA,a,安田理大,yes,A|U15|U16|U17|U18|U19|U20|other,negation_or_candidate_language_present,"国際Aマッチ初出場 - 2008年2月17日 東アジアサッカー選手権2008 vs北朝鮮代表（重慶オリンピック・スポーツセンター）
国際Aマッチ初得点 - 2009年2月4日 キリンチャレンジカップ2009 vsフィンランド代表（国立競技場）

U-14日本選抜
U-15日本代表
U-16日本代表
U-17日本代表
U-18日本代表
2005年 - AFCユース選手権・予選
U-19日本代表
U-20日本代表
2007年 - FIFA U-20ワールドカップ
U-22 日本代表
五輪代表
2008年 - 北京オリンピック
日本代表
2008年 - 東アジアサッカー選手権、2010 FIFAワールドカップ・アジア3次予選
2011年 - キリンカップサッカー、2014 FIFAワールドカップ・アジア3次予選
2014年 - 日本代表候補

国際Aマッチ 7試合 1得点 (2008年 - 2011年)



",,,
7485,西 大伍,Daigo NISHI,a,西大伍,yes,A,negation_or_candidate_language_present,"2010年12月6日、アルベルト・ザッケローニ体制のAFCアジアカップ2011予備登録メンバーに選出。2011年6月1日、キリンカップのペルー代表戦で代表初出場を果たした。
2014年10月1日、ハビエル・アギーレ体制で、代表復帰を果たすも出場機会は無かった。2017年12月、ヴァイッド・ハリルホジッチ体制のEAFF E-1サッカー選手権2017メンバーにも選出されたが、負傷辞退。
2019年3月、森保一体制で代表復帰。同月26日に行われたボリビア代表戦に出場し、前回代表で出場してから2855日ぶりの試合出場は、Jリーグ発足後最長ブランク記録となった。

A代表初出場 - 2011年6月1日 キリンカップサッカー2011 対ペルー（東北電力ビッグスワンスタジアム）

日本代表候補
2010年 AFCアジアカップ2011予備登録メンバー
2015年 AFCアジアカップ2015予備登録メンバー
日本代表
2011年 キリンカップサッカー2011
2019年 キリンチャレンジカップ2019

国際Aマッチ 2試合 0得点（2011年 -2019年）

",,,
7647,青山 敏弘,Toshihiro AOYAMA,a,青山敏弘,yes,A|U18|other,negation_or_candidate_language_present,"2007年には北京オリンピックアジア予選メンバーに選ばれ最終予選対サウジアラビア戦ではMVP級の活躍をし同試合での予選突破に貢献するものの、同試合で右第二趾中節骨中枢を剥離骨折してしまい、リーグ終盤および入れ替え戦を欠場、結果広島はJ2へ降格した。
2011年8月、サッカー日本代表候補として代表合宿に初招集された。
2014年5月、2014 FIFAワールドカップの日本代表メンバーに選出された。本大会ではグループリーグ第3戦コロンビア代表戦のみ出場、スタメンで起用されたが途中交代に終わった。
2015年3月31日、JALチャレンジカップ対ウズベキスタン戦にフル出場し、前半6分に自身A代表初得点となる先制点を挙げた。
2018年5月、2018 FIFAワールドカップに向けた最終候補の一人として、ガーナ代表戦のメンバーに選出されたが、右膝の怪我により辞退、2大会連続のワールドカップ出場を逃した。同年8月に広島でも指揮を執った森保一体制の初陣のメンバーに選出され、9月11日のキリンチャレンジカップ対コスタリカ戦ではキャプテンとして出場した。
2019年1月、AFCアジアカップ2019のメンバーに選出され、グループリーグ第3戦のウズベキスタン戦でキャプテンマークを巻いてフル出場した。しかし、大会途中に怪我のため途中離脱となった。



U-18日本代表
仙台カップ国際ユースサッカー大会（2004年）※注：ケガのため辞退
U-21日本代表
ドーハアジア大会（2006年）
U-22日本代表
北京オリンピックサッカーアジア予選（2007年）
日本代表
東アジアカップ2013（2013年）
2014 FIFAワールドカップ（2014年）
キリンチャレンジカップ（2015年）
キリンチャレンジカップ（2018年）
AFCアジアカップ2019（2019年）

国際Aマッチ 12試合 1得点（2013年 - 2019年）



",,,
7689,増嶋 竜也,Tatsuya MASUSHIMA,a,増嶋竜也,yes,U17|U18|U19|U20|other,negation_or_candidate_language_present,"増嶋 竜也（ますしま たつや、1985年4月22日 - ）は、千葉県千葉市出身の元プロサッカー選手。サッカー指導者。YouTuber。ポジションはディフェンダー（DF）。妻は潮田玲子。2児の父。


== 来歴 ==
小学2年生の時に兄に誘われてサッカーを始める。
小学6年時にはジェフユナイテッド市原ジュニアユースのセレクションを受けるものの、1次テストで不合格となり地元の生浜中学に入学する。
チームでは1回戦負けが多く、目立った成績を収められなかったが、個人では千葉市トレセン、千葉県選抜や関東選抜に選出経験があった。1999年度の全国高校選手権を制した市立船橋高校に憧れ、中学3年の秋に受験した市立船橋のセレクションに不合格となったため、一般入試で2001年に同校へ進学。
1年生の7月に監督の布啓一郎に身体能力の高さを見込まれ、FWからDFにコンバート、右サイドバックのレギュラーとして同年のインターハイで優勝に貢献。1年生で唯一優秀選手に選出された。その後1学年上の大久保裕樹と入れ替わる形でセンターバックとして、2年時には全国高校選手権、3年時には高円宮杯で優勝し、高校生年代の3大タイトルを獲得した。高校No.1DFとして 多くのJリーグクラブが獲得に名乗りを上げる中、2003年10月にFC東京への加入内定が発表された。また、この年には主将としてチームを牽引し、同期の石井秀典、カレン・ロバート、佐藤優也、鈴木修人、高橋昌大らと共に冬の天皇杯で3回戦に進出。J1で優勝したばかりの横浜F・マリノスを相手に互角以上の闘いを演じたが、増嶋は後半終了間際に2度目の警告を受けて退場。その後PK戦までもつれチームは敗退。なお、この試合の退場による出場停止処分は、2週間後の全国高校選手権の初戦に課された。
2004年よりFC東京に加入。第1節の新潟戦で早速公式戦デビューを果たした。同年開催のAFCユース選手権ではU-19日本代表の主将を務め、3バックの中央に入り守備を統率。翌年のワールドユース出場権を確保したものの、増嶋にとってはPK失敗やオウンゴールなど苦い経験を味わった。大熊清U-20代表監督からの信頼は厚く、ワールドユースでも代表主将を務め、全試合に出場した。2006年、J1第6節横浜FM戦でFC東京での初得点を記録。後半ロスタイムに今野泰幸のヘディングからの落としをボレーで蹴りこんだ。同年8月より2008年のオリンピックを目指す日本代表が新たに発足し、増嶋も名を連ねたが、FC東京では茂庭照幸・ジャーンのCBコンビに阻まれ、起用は彼らの負傷時などに限定され、レギュラー奪取には至らなかった。
2007年、日本代表から遠ざかりつつあった状況に危機感を抱き、出場機会を求めヴァンフォーレ甲府へ1年間の期限付き移籍。中心選手との一角となり空中戦の強さを見せた。
2008年は京都サンガF.C.へと期限付き移籍。レギュラーを確保したが、代表復帰は果たせなかった。京都では右サイドバック（SB）でも起用され、新たな武器としてロングスローを放ち好機を演出した。2009年からは京都へ完全移籍。
2011年、地元千葉県でのプレーを望み柏レイソルへ完全移籍。開幕当初は右SBとして出場するも、その後はSB酒井宏樹の台頭やCB朴東赫の離脱により、CBとして出場機会が増えていった。最終的にリーグ戦では25試合に出場し、チームのJ1初優勝に貢献した。2012年も前年に続いてCBのレギュラーを確保し、キャプテンの大谷秀和からキャプテンマークを託されることもあった。2013年は鈴木大輔の加入や橋本和の負傷もあり、序盤は左SBとして出場することが多かった。夏場以降、鈴木の台頭や自身の負傷離脱 もあったが、最終的にリーグ戦25試合に出場。最終ラインの何処に入っても遜色のないプレーでチームを支えた。2014年は、シーズン半ばまで出場機会が得られなかったが、中盤戦以降はケガ人が出たチーム状況もあって先発出場の機会を増やし、公式戦20試合に出場。同年12月に両足関節遊離体除去手術に臨んだ。2015年開幕に復帰を間に合わせたものの、1st第2節仙台戦で前十字靭帯を損傷し長期離脱を強いられた。2016年開幕節で先発復帰。
2016年12月15日、ベガルタ仙台へ期限付き移籍することが発表された。移籍期間は2017年2月1日から2018年1月31日までの1年間。なお、2017シーズンにおける柏レイソルとの対戦には出場できない。
2017年12月27日、ジェフユナイテッド市原・千葉へ期限付き移籍することが発表された。2020年からは、完全移籍にて加入。
2020年12月10日に契約満了により千葉を退団する事が発表され、現役を続けるとコメントしていたが、同月20日に行われたシーズン最終節の日に引退を発表した。
2021年元旦、YouTuberへの転身を妻の潮田玲子が自身のInstagramで報告。家族4人の写真とともに「増嶋家ちゃんねる。」のチャンネル画像を投稿した。
2021年1月、市立船橋高校サッカー部のコーチに就任した。
2023年1月、SHIBUYA CITY FCの監督に就任した。
2026年6月、ジュビロ磐田のトップチームコーチに就任した。


== 人物・エピソード ==
現ディオッサ出雲FC監督であり、母校市立船橋や藤枝MYFC、ロアッソ熊本でもコーチを務めた増嶋真也は実弟。
2012年9月30日、元バドミントン日本代表・潮田玲子との入籍を発表。
ロックバンド・10-FEETのファンであることを公言しており、メンバーとも交流がある。彼らが主催している音楽フェス「京都大作戦」にも足を運んだことがある。


== 所属クラブ ==
生浜FC (千葉市立生浜西小学校)
千葉市立生浜中学校
2001年 - 2003年 船橋市立船橋高等学校 (体育科)
2004年 - 2008年  FC東京
2007年  ヴァンフォーレ甲府 (期限付き移籍)
2008年  京都サンガF.C. (期限付き移籍)
2009年 - 2010年  京都サンガF.C.
2011年 - 2019年  柏レイソル
2017年  ベガルタ仙台 (期限付き移籍)
2018年 - 2019年  ジェフユナイテッド市原・千葉 (期限付き移籍)
2020年  ジェフユナイテッド市原・千葉


== 個人成績 ==

その他の公式戦
2012年
スーパーカップ 1試合0得点
2013年
スーパーカップ 1試合0得点

その他の国際公式戦
2015年
AFCチャンピオンズリーグ2015 東地区プレーオフ 1試合0得点
出場歴
2004年3月13日 - Jリーグ初出場 J1・1st第1節 vs アルビレックス新潟 (味の素スタジアム)
2006年4月1日 - Jリーグ初得点 J1 第6節 vs 横浜F・マリノス (日産スタジアム)
2009年10月3日 - Jリーグ100試合出場 J1第28節 vs ヴィッセル神戸 (ホームズスタジアム神戸)
2013年8月3日 - Jリーグ200試合出場 J1第19節 vs サガン鳥栖 (日立柏サッカー場)


== 代表・選抜歴 ==
千葉県選抜
2002年 - 国民体育大会サッカー競技 (優勝)
U-17日本代表
2002年 - 国際ユースサッカーin新潟
U-18日本代表
2003年 - テルボルグ国際ユース大会、国際ユースサッカーin新潟 (優勝)、SBSカップ (優勝)、AFCユース選手権 (予選)
U-19日本代表
2004年 - トゥーロン国際大会 (GL敗退)、SBSカップ (準優勝)、AFCユース選手権 (3位)
U-20日本代表
2005年 - FIFAワールドユース選手権 (ベスト16)
U-21日本代表
2006年
U-22日本代表候補
2007年


== 指導歴 ==
2021年 - 2022年  船橋市立船橋高等学校サッカー部 コーチ
2023年 - 2026年6月  SHIBUYA CITY FC 監督
2026年6月 -  ジュビロ磐田 コーチ


== タイトル ==


=== クラブ ===
船橋市立船橋高等学校
全国高校総体（インターハイ）：(2001年)
全国高校サッカー選手権：(2002年)
高円宮杯全日本ユース(U-18)サッカー選手権大会：(2003年)
FC東京
Jリーグカップ：(2004年)
柏レイソル
J1リーグ：(2011年)
Jリーグカップ：(2013年)
FUJI XEROX SUPER CUP：(2012年)
天皇杯全日本サッカー選手権大会：(2012年)
スルガ銀行チャンピオンシップ：(2014年)


=== 代表・選抜 ===
国民体育大会サッカー競技 少年男子：(2002年)
国際ユースサッカーin新潟：(2003年)
SBSカップ：(2003年)


=== 個人 ===
全国高校総体（インターハイ） 優秀選手：(2001年), 2003
全国高校サッカー選手権 優秀選手：(2002年)


== 脚注 ==
注釈

出典


== 関連項目 ==
千葉県出身の人物一覧
FC東京の選手一覧
ヴァンフォーレ甲府の選手一覧
京都サンガF.C.の選手一覧
柏レイソルの選手一覧
ベガルタ仙台の選手一覧
ジェフユナイテッド市原・千葉の選手一覧


== 外部リンク ==
増嶋竜也 - Ameba Blog(2013年3月-)
増嶋竜也 (tatsuya.masushima.9) - Facebook
増嶋 竜也 (@masushima05) - X（旧Twitter）
増嶋竜也 (@masushima_tatsuya) - Instagram
増嶋家ちゃんねる。 - YouTubeチャンネル
特集
Interview No.959 (1/2) - ウェイバックマシン（2004年2月13日アーカイブ分） WEBサッカーマガジン (2004年1月28日)
同上 (2/2) - ウェイバックマシン（2004年4月10日アーカイブ分）
突撃! フリー聞っく!! (1/2) - ウェイバックマシン（2007年11月9日アーカイブ分） - 甲府市
同上 (2/2) - ウェイバックマシン（2007年11月9日アーカイブ分）
プロフィール・成績
増嶋竜也 - Soccerway.com (英語)
増嶋竜也 - FootballDatabase.eu (英語)
増嶋竜也 - WorldFootball.net (英語)
増嶋竜也 - Transfermarkt.comによる選手データ (英語)
増嶋竜也 - Transfermarkt.comによる指導者データ (英語)
増嶋竜也 - FIFA主催大会成績 (英語)
増嶋竜也 - J.League Data Siteによる選手データ
プロフィール - footcamp
PLAYER'S DATABASE - ウェイバックマシン（2007年10月25日アーカイブ分） - WEBサッカーマガジン (2007年2月13日)
プロフィール (2006年) - ウェイバックマシン（2007年1月12日アーカイブ分） - FC東京
プロフィール (2007年) - ウェイバックマシン（2007年11月16日アーカイブ分） - ヴァンフォーレ甲府
プロフィール (2010年) - ウェイバックマシン（2010年3月23日アーカイブ分） - 京都サンガF.C.
柏レイソル公式プロフィール
増嶋竜也 - ESPN FC（英語）",,,
7720,高橋 義希,Yoshiki TAKAHASHI,a,高橋義希,yes,U19|other,negation_or_candidate_language_present,"U-19日本代表候補
U-21日本代表
U-22日本選抜",,,
7817,森村 昂太,Kota MORIMURA,a,森村昂太,yes,U15|U16|U17|U18|U20,negation_or_candidate_language_present,"2003年 U-15日本代表
2004年 U-16日本代表 - モンテギュー国際大会、北海道国際ユースサッカー大会、AFC U-17選手権2004
2005年 U-17日本代表 - サニックス杯国際ユースサッカー大会
2006年 U-18日本代表 - 仙台カップ国際ユースサッカー大会
2007年 U-20日本代表候補",,,
7818,吉本 一謙,Kazunori YOSHIMOTO,a,吉本一謙,yes,U15|U16|U19|U20,negation_or_candidate_language_present,"2003年 U-15日本代表
2004年 U-16日本代表
2006年 U-19日本代表
2007年 U-20日本代表候補",,,
7849,梁 勇基,RYANG Yong Gi,a,梁勇基,yes,A,negation_or_candidate_language_present,"朝鮮民主主義人民共和国（北朝鮮）代表にたびたび招集され、2008年の東アジア選手権や2010 FIFAワールドカップ・アジア3次予選にも出場した。しかし、守備的戦術を採り体力と競り合いの強さを重視する代表の中では、持ち味の攻撃的センスを発揮することは難しく、また2部リーグでプレーしていることが軽んじられたため、重用されることはなかった。2009年に北朝鮮代表が東アジア選手権予選で敗退した際、同予選に出場した同じ在日朝鮮人の鄭大世が、梁の代表招集を待望するコメントを出している。
北朝鮮代表が44年ぶりのW杯に挑む2010年、いわゆるBチームであるが2年ぶりに代表に招集され、AFCチャレンジカップ2010優勝に貢献。大会得点王およびMVPを獲得した。同年5月に2010 FIFAワールドカップの北朝鮮代表候補（24名）に選出されたが、予備登録締め切り日までに手続きが遅れた影響で予備登録メンバーにも登録されず、直前合宿に参加したものの最終エントリーメンバーに残れなかった。金正勳監督に対して梁のメンバー入りを強く主張していた在日本朝鮮人蹴球協会の李康弘理事長は、選手枠に空きが無いならと役員枠での帯同を要求し、事実上のサポートメンバーとして引き続き同代表に帯同、南アフリカへ渡航した。
同年12月24日、AFCアジアカップ2011の北朝鮮代表に選出され、グループリーグ全3試合に出場した（うち2試合で先発）。2011年は2014 FIFAワールドカップ・アジア3次予選の北朝鮮代表に選出。日本戦（アウェイのみ）にも出場したが、同予選では特に目立った活躍はできず、チームも最終予選に進めなかった。なお、同大会において平壌・羊角島競技場で9月、10月に開催されたホーム戦2試合にも出場。9月6日に羊角島競技場で行われたタジキスタン戦では先発出場し、北朝鮮国内では初出場となった。
2014年12月16日、AFCアジアカップ2015の北朝鮮代表に選出され、グループリーグ全3試合に先発出場。第2戦のサウジアラビア戦で先制点を挙げた。
2017年9月、平壌にある金日成競技場で行われるAFCアジアカップ2019・3次予選のホーム・レバノン戦に臨む北朝鮮代表メンバーに約2年半ぶりに招集され、5日に行われた同試合に先発出場。なお、金日成競技場のピッチに立つのはこの日が初となった。

国際Aマッチ初出場 - 2008年2月6日 2010 FIFAワールドカップ・アジア3次予選 vsヨルダン代表（アンマン国際スタジアム）
国際Aマッチ初得点 - 2010年2月17日 AFCチャレンジカップ2010 vsトルクメニスタン代表（スガサダシュ・スタジアム）

東アジアサッカー選手権2008
2010 FIFAワールドカップ・アジア予選
AFCチャレンジカップ2010（スリランカ）
AFCアジアカップ2011 （カタール）
東アジアカップ2013 予選2次ラウンド（韓国）
AFCアジアカップ2015 （オーストラリア）
AFCアジアカップ2019・3次予選

国際Aマッチ 26試合 7得点（2008年 - 2017年）

",,,
7959,長谷川 アーリアジャスール,Ariajasuru HASEGAWA,a,長谷川アーリアジャスール,yes,A|U15|U18|U19|U20,negation_or_candidate_language_present,"長谷川 アーリアジャスール（はせがわ アーリアジャスール、波: آریا جسورو هاسگاوا、1988年10月29日 - ）は、埼玉県鶴ヶ島市出身の元プロサッカー選手。現役時のポジションはミッドフィールダー（MF）。元日本代表。
妻は元グラビアアイドルの滝川綾。


== 来歴 ==


=== プロ入り前 ===
父がイラン人で母が日本人。日本で育ち日本国籍を選択した。小学4年生のときにサッカーを始める。
小学時は長鶴サッカースポーツ少年団に在籍。中学時には坂戸ディプロマッツへ在籍。1学年上には小池純輝がいた。同3年時に、横浜F・マリノス専門スカウトが練習試合を直接訪れ、当時横浜FMユース監督を務めていた安達亮も獲得を望んだ事から横浜FMユース入団に至った。ユース時代はボランチの位置でゲームメーカーとしてプレー。ユース同期には斎藤陽介、田代真一、大久保翔、木村勝太、武田英二郎、森谷賢太郎などがいた。当時の憧れはブラジルのカカ。


=== 横浜F・マリノス ===
2007年、斉藤、田代と共に横浜FMトップチームへ昇格。早野宏史監督によって3月3日の開幕戦先発メンバーに抜擢されると、山瀬功治の決勝点をアシストする活躍を見せた。続くJ1第2節もフル出場。しかし、同月13日の練習中に右第5中足骨基部骨折し戦線を離脱。FIFA U-20ワールドカップ2007の出場を逃した。その後も負傷に苦しみ、以降は出場機会を得られなかった。2008年6月、プロA契約を締結。同年のJ1第33節・東京ヴェルディ戦では、後方から飛び出して相手のクリアボールをカットし、そのまま相手ゴールへ猛進。冷静にゴールマウスへ流し込み、プロ初得点を挙げた。2009年からは、本職のボランチに加えトップ下など攻撃的なポジションでもプレー。相手の守備ブロックの間に入り込み、シンプルなパスでチャンスを作った。2010年にはFWも務めた。2011年末、横浜FMから慰留される中、アルビレックス新潟、FC東京からオファーを受け争奪となった。


=== FC東京 ===
2012年よりFC東京へ完全移籍。シーズン前のスーパーカップやJ1第2節名古屋戦で早々と得点を挙げたことに加え、持ち前のパスとドリブルを織り交ぜた推進力がチームとかみ合ったことで 才能を開花させ、ランコ・ポポヴィッチ監督の下でスターティングメンバーに定着。ボランチ、サイドハーフ、トップ下と複数のポジションを柔軟に務め、相手からのプレスを受ける中でも安定した連係プレーで守備網を破った。自身にとって初参戦となったAFCチャンピオンズリーグでの活躍からイラン代表の候補にもリストアップされたが、5月、キリンチャレンジカップ・アゼルバイジャン戦に臨む日本代表に初招集され、ベンチ入りしたものの出場は無かった。2013年はFC東京での副主将に就任。同年9月、東慶悟の欠場に併せて左サイドハーフからトップ下へ移ると、躍動感溢れるプレーで同月のリーグ戦連勝を支え、クラブ初となるJリーグ月間MVP を受賞した。シーズン終了後にはFC東京との契約延長を基本合意。


=== セレッソ大阪 ===
2014年、長谷川が父と慕うポポヴィッチ はセレッソ大阪の指揮を執るに当たり、自身の戦術を体現する選手 として長谷川獲得を熱望。長谷川も自身の出場機会を重視したことで 移籍を決断し、1月に同クラブへの完全移籍が発表された。攻撃陣との好連携を築き、J1第4節鹿島戦では強烈なミドルシュートを突き刺して 移籍後初得点を記録した。その後はチームの不調もあって中盤でバランスを取る役割を強いられ、苦心のプレーが続いた。


=== レアル・サラゴサ ===
2015年7月、ポポヴィッチが指揮するスペイン2部のレアル・サラゴサへ完全移籍。同年8月の開幕節ミランデス戦で早速フル出場。同年12月のポポヴィッチ解任や外国籍枠を確保したいクラブ首脳陣の思惑により、2016年1月にサラゴサとの契約を解除。


=== 湘南ベルマーレ ===
2016年3月、湘南ベルマーレに加入。即座に適応し、攻撃のアクセントや 体を張る献身的プレーで貢献 するが、チームはJ2降格。


=== 大宮アルディージャ ===
2017年、地元クラブの大宮アルディージャへ完全移籍。大宮ではベンチ暮らしが長く、チームもJ2に降格した。


=== 名古屋グランパス ===
2018年より名古屋グランパスに完全移籍で加入。2019シーズンは主力としてリーグ戦30試合に出場したが、翌2020シーズンは1月のトレーニング中に右脛骨を骨折した 影響もあり、デビュー以来初の公式戦出場無しに終わった。


=== 町田ゼルビア ===
2021年よりポポヴィッチが指揮するFC町田ゼルビアに完全移籍で加入。
2022年11月3日、契約満了を発表。


=== ガイナーレ鳥取 ===
町田退団後の2023年は移籍先が決まらず、当時東京都リーグ1部所属のSHIBUYA CITY FCに練習参加していた が、4月からガイナーレ鳥取への移籍が決まった。
2024年シーズン終盤に現役を引退することを発表。同年11月17日開催のホーム最終戦（ツエーゲン金沢戦）終了後に引退セレモニーが設定された。
2025年より、ガイナーレ鳥取クラブアンバサダーに就任した。


== エピソード ==
レアル・サラゴサ時代を除き、Jリーグでは2014年から2017年までに所属した3クラブ連続でJ2降格するという憂き目に遭っている。
2014年 - セレッソ大阪 17位降格
2016年 - 湘南ベルマーレ 17位降格
2017年 - 大宮アルディージャ 18位降格
FC東京時代に作られた個人チャントは荻野目洋子の恋してカリビアン。これはC大阪、サラゴサ、名古屋、町田を除く後の移籍クラブでも継承されている。
C大阪時代は代々エースナンバー8番に受け継がれる同曲チャントが存在していたため不採用(ジ・エンターテイナーを採用)。名古屋には同曲チャントはないが不採用(ZIGGYのGLORIAを採用)。町田ではコロナ禍もあり制作せず。
2015年2月に元グラビアアイドルの滝川綾と入籍 同年10月に第一子の長男が、2019年1月に第二子の次男が誕生。2023年4月には第三子となる三男が誕生。
妻である滝川綾はモーニング娘。の生田衣梨奈のいとこである。


== 所属クラブ ==
1995年 - 2000年 長鶴サッカースポーツ少年団 (鶴ヶ島市立鶴ヶ島第一小学校)
2001年 - 2003年 坂戸ディプロマッツ (鶴ヶ島市立鶴ヶ島中学校)
2004年 - 2006年 横浜F・マリノスユース (横浜創英高校)
2007年 - 2011年  横浜F・マリノス
2012年 - 2013年  FC東京
2014年 - 2015年7月  セレッソ大阪
2015年 - 2016年1月  レアル・サラゴサ
2016年  湘南ベルマーレ
2017年  大宮アルディージャ
2018年 - 2020年  名古屋グランパス
2021年 - 2022年  FC町田ゼルビア
2023年4月 - 2024年  ガイナーレ鳥取


== 個人成績 ==

その他の公式戦

2012年
スーパーカップ 1試合1得点

2007年03月03日：Jリーグ初出場 - J1第1節 vsヴァンフォーレ甲府 (日産スタジアム)
2008年11月29日：Jリーグ初得点 - J1第33節 vs東京ヴェルディ (日産スタジアム)
2012年11月24日：J1・100試合出場 - J1第33節 vsガンバ大阪 (万博記念競技場)
2015年08月13日：セグンダ・ディビシオン初出場 - 第1節 vsCDミランデス (Estadio Municipal de Anduva) 


== タイトル ==
Jリーグ月間MVP (2013年9月)


== 日本代表歴 ==


=== 出場大会など ===
U-15日本代表
2003年 候補合宿
U-18日本代表
2005年 - SBSカップ (準優勝)
U-19日本代表
2006年 - SBSカップ (準優勝)
U-20日本代表
2007年 候補合宿
日本代表
2012年 - キリンチャレンジカップ
2014年 - 候補合宿


=== 試合数 ===
国際Aマッチ 0試合0得点 (2012年)


== 脚注 ==
注釈

出典


== 関連項目 ==
横浜F・マリノスの選手一覧
FC東京の選手一覧
セレッソ大阪の選手一覧
湘南ベルマーレの選手一覧
RB大宮アルディージャの選手一覧
名古屋グランパスエイトの選手一覧
FC町田ゼルビアの選手一覧
ガイナーレ鳥取の選手一覧
日本国外のリーグに所属する日本人サッカー選手一覧


== 外部リンク ==

長谷川アーリアジャスール - Soccerway.com (英語)
長谷川アーリアジャスール - FootballDatabase.eu (英語)
長谷川アーリアジャスール - WorldFootball.net (英語)
長谷川アーリアジャスール - Transfermarkt.comによる選手データ (英語)
長谷川アーリアジャスール - J.League Data Siteによる選手データ
長谷川アーリアジャスール - AS.com (スペイン語)
AriaJasuruHasegawa (@AriaJHasegawa) - X（旧Twitter）
Aria Hasegawa (aria.hasegawa) - Facebook
長谷川アーリアジャスール (@ariajhasegawa) - Instagram
TOKYO PLAYER INTERVIEWS #7 長谷川アーリアジャスール - YouTube - FC東京公式チャンネル
プロフィール - 日本サッカー協会
プロフィール (2013年) - ウェイバックマシン（2013年9月12日アーカイブ分） - FC東京
プロフィール (2015年) - ウェイバックマシン（2015年7月2日アーカイブ分） - セレッソ大阪
プロフィール (2015年) - ウェイバックマシン（2015年12月20日アーカイブ分） - レアル・サラゴサ（スペイン語）
プロフィール (2016年) - ウェイバックマシン（2016年10月2日アーカイブ分） - 湘南ベルマーレ
プロフィール - 大宮アルディージャ
長谷川アーリアジャスール - ESPN FC（英語）",,,
8146,興梠 慎三,Shinzo KOROKI,a,興梠慎三,yes,A|U18|U19|U20|U23|other,negation_or_candidate_language_present,"北京オリンピックの代表候補選手でありアジア予選のメンバーに選ばれていたが、本大会のメンバーには残れずメンバー外となった。 その後2008年日本代表に招集され、2008年10月9日に東北電力ビッグスワンスタジアムで開催された国際親善試合（キリンチャレンジカップ）UAE戦で代表デビューを果たした。2015年7月、EAFF東アジアカップ2015に出場する日本代表メンバーに選出され、約4年ぶりの代表復帰となった。背番号は「10」を任された。
2016年6月23日、リオデジャネイロオリンピックに出場するU-23サッカー日本代表のオーバーエイジ枠に内定したことが発表された。初戦のナイジェリア戦ではPKで得点を挙げた が、2戦目のコロンビア戦、3戦目のスウェーデン戦は試合には出場するも得点を挙げられず、チームはグループリーグ敗退となった。



U-18日本代表
第2回仙台カップ国際ユースサッカー大会
U-19日本代表候補
U-20日本代表
U-22日本代表
北京オリンピックサッカーアジア予選
U-23日本代表
2016年 - リオデジャネイロオリンピック（オーバーエイジ）
日本代表
2015年 - EAFF東アジアカップ2015

国際Aマッチ 16試合 0得点（2008年 - 2017年）

",,,
8206,永木 亮太,NAGAKI Ryota,a,永木亮太,yes,A,negation_or_candidate_language_present,"2015年末、日本代表候補合宿に初選出。2016年3月7日にも招集されていたMF米本拓司が負傷で離脱したため、日本代表候補合宿に追加招集された。同年9月29日、2018 FIFAワールドカップ・アジア3次予選に向けた日本代表に招集された。11月11日のキリンチャレンジカップ2016・オマーン戦でA代表デビューを果たした。



日本代表
2016年 - キリンチャレンジカップ

国際Aマッチ 1試合 0得点 (2016年)

",,,
8241,清武 弘嗣,KIYOTAKE Hiroshi,a,清武弘嗣,yes,A|U20|U23|other,negation_or_candidate_language_present,"2011年8月10日に札幌ドームで行われた韓国戦で前半36分に岡崎慎司に代わりA代表デビューを果たし、2アシストを挙げ、日本代表の勝利に貢献した。9月2日のW杯3次予選の北朝鮮戦では吉田麻也の決勝点をアシストした。また、U-22日本代表として出場したロンドンオリンピック・ アジア地区最終予選では、9月21日の対マレーシア戦（鳥栖スタジアム）で全得点に絡み、日本代表のオリンピック出場獲得に貢献した。この年、Jリーグベストイレブンにも選出された。
2012年8月に開催されたロンドンオリンピックではグループリーグ第2戦モロッコ戦で永井謙佑の決勝点をアシストした。全ての試合に出場するも、チームは4位に終わりメダルには届かなかった。
2012年11月14日、2014 FIFAワールドカップ・アジア4次予選・オマーン戦で代表初得点を決めた。
2014年5月12日にW杯ブラジル大会の日本代表メンバーに選出された。出場機会は第3戦コロンビア戦のみで、後半終了間際の8分のみであった。12月、AFCアジアカップ2015に臨む日本代表にワールドカップ以来の復帰。大会を通して先発出場する事はなく、チームは準々決勝で敗れた。
2018 FIFAワールドカップ予選では、香川真司に代わってトップ下で先発出場する試合も増えており、最終予選第5戦のサウジアラビア戦では先制ゴールを決めるなどと活躍した。しかしその後は所属先のセビージャで出場出来ていないことなどもあって、第7戦イラク戦のメンバーから落選すると、以降は代表に選出されず本大会のメンバーからも外れた。



U-20日本代表
U-22日本代表
2011年 - ロンドンオリンピック・アジア2次予選
2011年 - ロンドンオリンピック・アジア最終予選
U-23日本代表
2012年 - ロンドンオリンピック
日本代表
2012年 - 2014 FIFAワールドカップ・アジア4次予選
2013年 - FIFAコンフェデレーションズカップ2013
2014年 - 2014 FIFAワールドカップ
2015年 - AFCアジアカップ2015、2018 FIFAワールドカップ・アジア2次予選
2016年 - キリンカップサッカー2016、2018 FIFAワールドカップ・アジア3次予選
2017年 - EAFF E-1フットボールチャンピオンシップ2017 （怪我のため離脱）







",,,
8273,藤本 淳吾,Jungo FUJIMOTO,a,藤本淳吾,yes,A|U16|U17|U18|other,negation_or_candidate_language_present,"2007年に日本代表候補に初選出され、自身の誕生日である3月24日に行われたペルー戦でフル代表デビューを果たす。
2010年8月、2年10か月ぶりに代表に招集される。2011年アジアカップ決勝のオーストラリア戦では、決勝トーナメント準決勝の韓国戦で負傷帰国したエース香川に代わり先発メンバーに抜擢されるが、試合の流れを引き込むには至らず、後半途中に交代している。
2012年2月24日のキリンチャレンジカップ・アイスランド戦で代表初得点を挙げた。

国際Aマッチ初出場 - 2007年3月24日 キリンチャレンジカップ2007 vsペルー代表（横浜国際総合競技場）
国際Aマッチ初得点 - 2012年2月24日 キリンチャレンジカップ2012 vsアイスランド代表（大阪長居スタジアム）

2000年 U-16日本代表
2001年 U-17日本代表、U-18日本代表
2005年 ユニバーシアード日本代表、U-21日本代表
2007年 - 2012年 日本代表

国際Aマッチ 13試合 1得点(2007年 - 2012年)



",,,
8385,高木 駿,TAKAGI Shun,a,高木駿,yes,U16|U18|university,negation_or_candidate_language_present,"高木 駿（たかぎ しゅん、1989年5月22日 - ）は、神奈川県藤沢市・川崎市出身のプロサッカー選手。Jリーグ・北海道コンサドーレ札幌所属。ポジションはゴールキーパー(ゴールプレイヤー)。


== 来歴 ==


=== プロ入り前 ===
小学5年生次から東京ヴェルディの下部組織に入団。東京Vユースでは日本クラブユース選手権、高円宮杯全日本ユース選手権の2冠達成に貢献し、3年次の2007年にはU-18日本代表候補にも選出された。卒業後は明治大学へ進学し、体育会サッカー部へ入部（同期に宮阪政樹・丸山祐市・田中恵太など）。1年次のリーグ戦からレギュラーポジションをつかむと、2年次にはインカレ優勝を果たし最優秀ゴールキーパーに選出される。3年時には関東大学リーグ制覇、ベストイレブンにも2年連続で選出された。4年次の2011年には田中恵太と共に副主将を務めた。また、全日本大学選抜にも安定して招集され、第26回ユニバーシアード競技大会では3試合に出場し優勝に貢献した。


=== プロ入り後 ===
2012年、前年に練習参加を経験したJ1・川崎フロンターレへ入団。プロ入り後、2年間は公式戦出場機会は無かった。
プロ3年目の2014年、J2・ジェフユナイテッド千葉へ期限付き移籍。同年8月20日の天皇杯3回戦・柏戦で公式戦初出場を果たすと、9月28日の東京V戦では先発でJリーグ初出場を記録した。その後は出場機会を確保し、リーグ戦初出場から4試合連続で無失点を記録するなど好調を維持。岡本昌弘からポジションを奪い、天皇杯準決勝とJ1昇格プレーオフ決勝でも先発フル出場を果たすが、共に山形に敗れ天皇杯決勝進出とJ1昇格を逃す形となった。翌2015年シーズンも期限付き移籍を継続。レギュラーとしてリーグ戦31試合に出場した。
2016年、川崎へ復帰。9月25日の2nd第13節・横浜F・マリノス戦（等々力陸上競技場）の後半開始早々に、先発GKの新井章太が脳震盪を起こしプレー続行が不可能となり、交代出場でJ1デビューを果たした。翌節の2nd第14節・神戸戦は先発で出場したが、3失点で敗戦。残りの公式戦では出場機会が無かった。
2017年、J2・大分トリニータへ完全移籍。加入当初はGKを起点としてビルドアップをしていく大分のサッカースタイルへの戸惑いを見せながらも、開幕節・福岡戦と第2節・東京V戦と2試合連続で先発出場を果たした。翌第3節・山口戦からは大学時代にユニバー代表の座を争った上福元直人がGKのスタメンとなり、以後第41節・徳島戦まで出場機会無く計4試合の出場に留まった。ただ、試合に出られなかった期間にピッチの外から試合を観て気付いた課題を練習で試す事をルーティンとして繰り返したことで「パスを受けて、どこを見て、どこが空いているのかが分かるようになった。初めは自分と近いポジションの選手しか見えなかったが、今では最前線の選手からサイドの選手まで見ることができるようになった」と語っている。
2018年、上福元が東京Vに移籍したこともあり開幕戦から先発の座に定着し、リーグ戦全42試合にフルタイム出場。積極性が裏目に出て失点に絡んだシーンもあったが、好セーブにより数多くの試合でチームを勝利に導き、チーム6年振りとなるJ1昇格に貢献した。
自身3年振りのJ1でのプレーとなった2019年も、定位置を譲らず2年連続でリーグ戦フルタイム出場を達成し、リーグ3位のセーブ率（75.2％）を記録した。しかし、2020年は新型コロナウイルスによるリーグ戦の中断が開けた夏場に5連敗と低迷し、それを機に中盤戦はムン・キョンゴンに先発の座を譲るなどリーグ戦17試合の出場にとどまった。
2021年、チームのキャプテンに就任。この年は開幕から正GKとして出場していたが、昨季と同じくチームの状況が上向かなかったことから、シーズン中盤前にポープ・ウィリアムにポジションを奪われた。しかしポープ起用後も敗戦が多かったこともあって、再びポジションを奪い返してシーズン終了まで出場した。12月12日に行われた天皇杯準決勝・川崎フロンターレ戦では、28本のシュートを受けながらも失点を1に抑え、続くPK戦ではシュートを2本ストップしチームの決勝進出に貢献した。
2023年8月16日、北海道コンサドーレ札幌へ完全移籍することとなった。


== 所属クラブ ==
本町SC
2000年 - 2001年 ヴェルディジュニア (藤沢市立本町小学校)
2002年 - 2004年 ヴェルディジュニアユース (藤沢市立第一中学校)
2005年 - 2007年 東京ヴェルディ1969ユース (神奈川県立麻生高等学校)
2008年 - 2011年 明治大学 (文学部)
2012年 - 2016年 川崎フロンターレ
2014年 - 2015年 ジェフユナイテッド千葉 (期限付き移籍)
2017年 - 2023年8月 大分トリニータ
2023年8月 - 北海道コンサドーレ札幌


== 個人成績 ==

その他の公式戦

2014年
J1昇格プレーオフ 1試合0得点
2022年
J1参入プレーオフ 1試合0得点
Jリーグ初出場 - 2014年9月28日 J2第34節 東京ヴェルディ戦（フクダ電子アリーナ）


== タイトル ==


=== クラブ ===
ヴェルディユース
日本クラブユースサッカー選手権 (U-18)大会（2005年）
高円宮杯全日本ユース(U-18)サッカー選手権大会（2005年）
明治大学体育会サッカー部
全日本大学サッカー選手権大会（2009年）
関東大学サッカーリーグ戦1部（2010年）
東京都サッカートーナメント（天皇杯東京都予選）（2009年）


=== 代表 ===
ユニバーシアード日本代表
ユニバーシアード（2011年）


=== 個人 ===
関東大学サッカーリーグ戦 ベストイレブン：2回（2010年、2011年）
全日本大学サッカー選手権大会 ベストGK（2009年）


== 代表・選抜歴 ==
U-16日本代表
2005年
ユニバーシアード日本代表
ユニバーシアード（2011年）
全日本大学選抜
デンソーカップサッカー（2010年、2011年）


== 脚注 ==


== 関連項目 ==
神奈川県出身の人物一覧
川崎市出身の人物一覧
東京ヴェルディ1969の選手一覧#アカデミー出身者
明治大学の人物一覧
川崎フロンターレの選手一覧
ジェフユナイテッド市原・千葉の選手一覧
大分トリニータの選手一覧
北海道コンサドーレ札幌の選手一覧


== 外部リンク ==
高木 駿 - 北海道コンサドーレ札幌オフィシャルサイト
高木駿 - Soccerway.com (英語)
高木駿 - FootballDatabase.eu (英語)
高木駿 - WorldFootball.net (英語)
高木駿 - Transfermarkt.comによる選手データ (英語)
高木駿 - J.League Data Siteによる選手データ
高木駿 - playmakerstats.com (英語)
高木駿 (@shuntakagishun) - X（旧Twitter）
高木駿 (@shun_takagi_1) - Instagram",,,
8386,河野 広貴,Hiroki KAWANO,a,河野広貴,yes,U15|U16|U17|U19|U20,negation_or_candidate_language_present,"U-15日本代表候補
U-16日本代表
AFC U-17選手権2006 - 優勝 (4試合2得点)
U-17日本代表
コパ・チーバス
国際ユースサッカーin新潟 (チーム事情により離脱)
2007 FIFA U-17ワールドカップ - グループリーグ敗退 (3試合1得点)
U-19日本代表
第6回仙台カップ国際ユースサッカー大会 - 2位 (3試合1得点)
AFC U-19選手権2008 - 準々決勝敗退 (3試合0得点)
U-20日本代表
カタール国際ユーストーナメント2009 - 3位 (4試合1得点)
第5回東アジア競技大会 - 準優勝 (3試合0得点)",,,
8394,大竹 洋平,Yohei OTAKE,a,大竹洋平,unclear,U19|U20|U23,negation_or_candidate_language_present,"2008年
U-19日本代表候補
U-23日本代表候補
2009年 U-20日本代表候補",,,
8403,椋原 健太,Kenta MUKUHARA,a,椋原健太,yes,U15|U16|U18|U19|U20|other,negation_or_candidate_language_present,"2004年 U-15日本代表
2005年 U-16日本代表
2007年 U-18日本代表 - オーストラリアユースオリンピックフェスティバル、SBSカップ、仙台カップ国際ユースサッカー大会、AFC U-19選手権予選
2008年 U-19日本代表
2009年 U-20日本代表候補
2011年 U-22日本代表候補 - ロンドンオリンピックアジア最終予選予備登録",,,
8409,大谷 幸輝,OTANI Koki,a,大谷幸輝,yes,U16|U20|other,negation_or_candidate_language_present,"U-16日本代表候補
U-20日本代表
2009年 水原国際ユース
U-21日本代表
2010年 トゥーロン国際大会",,,
8616,六反 勇治,ROKUTAN Yuji,a,六反勇治,unclear,A|U20,negation_or_candidate_language_present,"六反 勇治（ろくたん ゆうじ、1987年4月10日 - ）は、鹿児島県霧島市出身の元プロサッカー選手。ポジションはゴールキーパー (GK) 。元日本代表。


== 来歴 ==


=== プロ入り前～アビスパ福岡 ===
幼少時にサッカーを始め、熊本国府高校時代に本格的にゴールキーパーに転向。両親とも教師という家庭に育ち自身も教師となるため大学進学を考えていたが、Jクラブの練習に参加するうちにプロ入りへの意欲を持つようになり、2006年にアビスパ福岡に加入。
福岡に加入して4年目、2009年9月2日のJ2第37節ファジアーノ岡山戦でJリーグ初出場。それまで正GKだった吉田宗弘から定位置を奪い、このシーズンは15試合に出場した。
2010年も開幕戦から第7節まで先発出場。その後は長期の負傷から復帰した神山竜一の控えに回った。
クラブがJ1に昇格した2011年、当初は神山の控えとしてベンチに座っていたが、シーズン途中からは六反が正GKとしてJ1リーグ戦17試合に出場した。しかしシーズン終盤は負傷により戦列を離れ、チームも1年でJ2降格となった。


=== 横浜F・マリノス ===
2012年、横浜F・マリノスに完全移籍。2013年、第1GKである榎本哲也の負傷によりJ1リーグ戦2試合に出場。しかし、榎本と飯倉大樹の壁は厚く、横浜FMに在籍した3年間でリーグ戦の出場はこの2試合に留まった。


=== ベガルタ仙台 ===
2015年、ベガルタ仙台に完全移籍。リーグ開幕戦は関憲太郎に正GKを譲った ものの、移籍後初出場となった3月18日のナビスコ杯・横浜FM戦では伊藤翔のPKを止めるなど無失点勝利に貢献。以降は関からポジションを奪い、残りのリーグ戦32試合すべてでスタメン起用された。また、同年5月には日本代表候補トレーニングキャンプメンバーに初招集されると、7月には東アジアカップ2015代表メンバーに追加招集され、初のA代表入りを果たした。2016年は開幕スタメンを勝ち取ったものの、1st第2節のFC東京戦で負傷し離脱。その後復帰したが、2ndステージは関にポジションを奪われ、結局この年はリーグ戦13試合の出場に留まった。


=== 清水エスパルス ===
2017年、清水エスパルスに完全移籍。同年は開幕戦から先発出場を続け、リーグ戦全34試合にフルタイム出場を果たした。
2018年11月24日、J1第33節・ヴィッセル神戸戦で、スコア2-3の後半90+14分に清水がCKを得た場面で相手ペナルティエリアまで上がると、キッカーの石毛秀樹が蹴ったボールにヘディングで合わせ、同点弾となるゴールを挙げた。J1リーグでのGKによる得点は、1996年11月9日に田北雄気（浦和レッズ）が横浜フリューゲルス戦でPKにより記録して以来、22年ぶり2人目、Jリーグ全体でも9人目の快挙であった。ナビスコカップやJ2、J3、J1昇格プレーオフなどでもGKによるゴールが記録されたが、J1では22年間例がなかった。昨シーズンに引き続きリーグ戦全試合出場を果たした。
2019年も開幕から第10節までは先発出場を続けていたが、6月の練習中に左足甲を負傷し離脱。西部洋平・大久保択生にポジションを奪われ、8月に改めてオーバートレーニング症候群と診断され、シーズン中の復帰は絶望となった。10月末からは清水に籍は置いたまま、藤枝MYFCでトレーニングを行った。


=== 横浜FC ===
2020年、清水エスパルスより横浜FCに期限付き移籍で加入。
開幕スタメンを勝ち取るなどと即レギュラーに定着したが、ベテラン南雄太もまだ健在であり、ポジション争いを繰り広げた。出場数は南を上回るなどと、横浜の勝利に大きく貢献した。
2020年12月23日、横浜FCに完全移籍することが発表された。この年も開幕スタメンに抜擢されたが、5失点と不調なスタートを切り、以降は南や若手の市川暉記とポジションを争いながら出場を続けていたが、夏にオリンピックドイツ代表のスベンド・ブローダーセンが加入すると一気に出場が限られポジションを奪われる形となり、セカンドキーパーに降格した。2023年は出場はなかった。


=== FC琉球 ===
2024年1月6日、FC琉球に期限付き移籍が発表された。


=== 藤枝MYFC ===
2025年、藤枝MYFCに完全移籍。
2026年1月9日、現役引退を発表。


== 人物・エピソード ==
「僕の知識の9割は本からです」と話すほどの読書家で、キャンプ中でも読書を欠かさない。「ゴールキーパーとして見方は多い方が良い」という考え方から、ジャンルに捉われず多くの本を読む。
横浜FM時代、毎日のように居残りで元日本代表・中村俊輔のシュート練習に対応し技術を磨いた。なお、仙台移籍後の中村との初対戦（2015年のJ1・2ndステージ第13節）で直接フリーキックを決められている。
横浜FMを退団する際、「キーパーは出場機会が限られているポジションです。今年はいつもよりも2割り増しでいいので、椋大、潤人を応援してあげてください」と、当時の同僚であった鈴木椋大、田口潤人を気遣う優しさを見せた。
仙台在籍時の2015年J1リーグ1stステージ第12節・新潟戦で、味方の茂木駿佑に注意した際の一連の言動が、主審の佐藤隆治によって反スポーツ的行為と見なされ、警告を受けた。味方に対する反スポーツ的行為での警告は珍しいが、六反は「（茂木の）成長のためと思えば、安いもんですよ」と答えている。


== 所属クラブ ==
スパイダ加治木（隼人町立小浜小学校）
ディアマントFC（隼人町立隼人中学校）
鹿屋市立田崎中学校
熊本国府高等学校
2006年 - 2011年  アビスパ福岡
2012年 - 2014年  横浜F・マリノス
2015年 - 2016年  ベガルタ仙台
2017年 - 2020年  清水エスパルス
2020年  横浜FC（期限付き移籍）
2021年 - 2024年  横浜FC
2024年  FC琉球（期限付き移籍）
2025年  藤枝MYFC


== 個人成績 ==

Jリーグ初出場 - 2009年9月2日 J2 第37節 対ファジアーノ岡山戦 (桃太郎スタジアム)
Jリーグ初得点 - 2018年11月24日 J1 第33節 対ヴィッセル神戸戦 (IAIスタジアム日本平)


== タイトル ==


=== クラブ ===
横浜F・マリノス
天皇杯 JFA 全日本サッカー選手権大会：1回（2013年）


== 代表・選抜歴 ==
 熊本県選抜（2004年 - 2005年）
 U-20日本代表候補（2007年）
 日本代表（2015年）
EAFF東アジアカップ2015
2018 FIFAワールドカップ・アジア2次予選


== 出演 ==


=== MV ===
岡野昭仁「光あれ」（2021年）


== 脚注 ==


== 関連項目 ==
鹿児島県出身の人物一覧
アビスパ福岡の選手一覧
横浜F・マリノスの選手一覧
ベガルタ仙台の選手一覧
清水エスパルスの選手一覧
横浜FCの選手一覧
FC琉球の選手一覧
藤枝MYFCの選手一覧
得点を記録したゴールキーパー一覧


== 外部リンク ==
六反勇治 - Soccerway.com (英語)
六反勇治 - FootballDatabase.eu (英語)
六反勇治 - Transfermarkt.comによる選手データ (英語)
六反勇治 - J.League Data Siteによる選手データ
六反勇治 - playmakerstats.com (英語)
六反勇治 公式サイト
六反勇治 (@rokutan_13) - Instagram 
六反勇治 (@rokutan_yuji) - X（旧Twitter）",,,
8646,山下 達也,Tatsuya YAMASHITA,a,山下達也,yes,U19,negation_or_candidate_language_present,"2006年 U-19日本代表
2014年 日本代表候補",,,
8649,橋内 優也,Yuya HASHIUCHI,a,橋内優也,unclear,U18,negation_or_candidate_language_present,"橋内 優也（はしうち ゆうや、1987年7月13日 - ）は、滋賀県栗東市出身の元プロサッカー選手、サッカー指導者。現役時のポジションはディフェンダー。
元サッカー選手の橋内竜真は実弟。


== 来歴 ==
中学時代までは地元滋賀県でサッカーをしていたが、高校は福岡県の東海大学付属第五高等学校（現・東海大学付属福岡高校）に越境入学。同期に藤田直之、実弟の竜真も同校出身。高校時代から持ち前の身体能力を活かしてDFだけでなくFWとしても活躍。2年時の2004年にサンフレッチェ広島ユースと対戦、同チームで最も才能を評価されていた前田俊介をマンマークしたプレーぶりが評価され、広島に入団するきっかけとなった。
2006年、サンフレッチェ広島に入団、同期は柏木陽介・槙野智章・趙佑鎮。同シーズン4月から暫定で監督を務めた望月一頼は、橋内をプレス要員としてFWで起用。同年5月3日J1対大宮アルディージャ戦にてFWとして出場、広島のシーズン初勝利に貢献した。
監督がミハイロ・ペトロヴィッチに交代した以降は右CBあるいは右アウトサイドとしてプレーしたが、怪我がちで出場機会に恵まれなかった。2008年末、移籍を前提に他チームに練習参加していたがまとまらなかった。翌2009年、引き続き広島に在籍、同年6月3日に若手主体となったナビスコ杯対大分トリニータ戦にてプロ初得点を決める。
2009年9月より、JFL・ガイナーレ鳥取へ期限付き移籍。センターバックとしてすぐにレギュラーを掴み、DFながら10試合で4得点を挙げる活躍を見せたものの、チームのJ2昇格には貢献できなかった。
2010年より、徳島ヴォルティスへ期限付き移籍。2011年より、同チームへ完全移籍。
2017年、松本山雅FCへ完全移籍。
2025年1月5日、現役引退並びに松本山雅FCアカデミーロールモデルコーチに就任。


== 人物 ==
50m走は5秒台、垂直跳びで75cm以上飛べる、高い身体能力を持ち合わせた選手。基本ポジションはセンターバックや右サイドバックだが、FWとしても起用された事がある。
若手のリーダー役として、Jサテライトリーグでキャプテンを務めた。
顔が実年齢よりもかなり老けて見えるため、18歳でサンフレッチェ広島に入団した当初から「おっさん」の愛称で呼ばれている。本人も悪い気はしていない が、松本山雅FC移籍後の新体制発表会では「奥さんが悲しむので『ハシ』と呼んでください。」「おっさん以外なら何でもいいです。お父さんなら大丈夫です。」と答えている。


== エピソード ==
なだぎ武がTwitterで「顔が自分に似ているらしいサッカー選手」として、橋内を挙げたことがある。


== 所属クラブ ==
草津FC
2000年 - 2002年 栗東市立栗東西中学校(滋賀県)
2003年 - 2005年 東海大学付属第五高等学校(福岡県)
2006年 - 2010年  サンフレッチェ広島
2009年9月 - 同年12月  ガイナーレ鳥取 (期限付き移籍)
2010年  徳島ヴォルティス (期限付き移籍)
2011年 - 2016年  徳島ヴォルティス
2017年 - 2024年  松本山雅FC


== 個人成績 ==

その他公式戦

2013年
J1昇格プレーオフ 2試合0得点
初ベンチ入り：2006年4月26日 ナビスコカップ ジェフユナイテッド千葉戦 (広島スタジアム)
プロ初出場：2006年5月3日 J1第11節 大宮アルディージャ戦 (駒場スタジアム)
75分 佐藤寿人に代わり途中出場、81分 八田康介に途中交代
プロ初得点：2009年6月3日ナビスコカップ 大分トリニータ戦 (九州石油ドーム)
先発フル出場、39分ゴール
Jリーグ初得点：2012年7月8日 J2第23節 アビスパ福岡戦 (レベルファイブスタジアム)


== 代表・選抜歴 ==
国民体育大会 福岡県代表 (2004年、2005年)
U-18日本代表候補 (2005年)


== 脚注 ==
  


== 関連項目 ==
滋賀県出身の人物一覧
兄弟スポーツ選手一覧
サンフレッチェ広島F.Cの選手一覧
ガイナーレ鳥取の選手一覧
徳島ヴォルティスの選手一覧
松本山雅FCの選手一覧


== 外部リンク ==
橋内優也 - Soccerway.com (英語)
橋内優也 - FootballDatabase.eu (英語)
橋内優也 - WorldFootball.net (英語)
橋内優也 - Transfermarkt.comによる選手データ (英語)
橋内優也 - J.League Data Siteによる選手データ
橋内優也 - playmakerstats.com (英語)",,,
8699,石櫃 洋祐,Yosuke ISHIBITSU,a,石櫃洋祐,no,,negation_or_candidate_language_present,"2008年 日本代表候補
日本代表候補・強化合宿",,,
8701,長谷川 悠,Yu HASEGAWA,a,長谷川悠,yes,U17|U18|U19,negation_or_candidate_language_present,"2002年 U-15ストライカーキャンプ参加
2004年 U-17日本代表
2005年 U-18日本代表候補
2006年 U-19日本代表候補",,,
8708,丸橋 祐介,Yusuke MARUHASHI,a,丸橋祐介,yes,U15|other,negation_or_candidate_language_present,"2005年 U-15日本代表
2011年 U-22日本代表
2011年 日本代表候補
AFCアジアカップ2011予備登録メンバー",,,
8774,島川 俊郎,SHIMAKAWA Toshio,a,島川俊郎,yes,U15|U16|U17|U20,negation_or_candidate_language_present,"2005年 U-15日本代表 (AFC U-17選手権予選1試合出場0ゴール)
2006年 U-16日本代表候補
2009年 U-20日本代表候補",,,
8951,小宮山 尊信,Takanobu KOMIYAMA,a,小宮山尊信,yes,U18|university,negation_or_candidate_language_present,"2002年 U-18日本代表
2005年 全日本大学選抜（ユニバーシアード日本代表）
2007年 日本代表候補

ユニバーシアード日本代表
2005年夏季ユニバーシアード（優勝）",,,
8953,磯村 亮太,Ryota ISOMURA,a,磯村亮太,unclear,U18,negation_or_candidate_language_present,"2009年 - U-18日本代表候補
2012年 - 日本代表（キリンチャレンジカップ）",,,
9011,今井 智基,IMAI Tomoki,a,今井智基,no,,negation_or_candidate_language_present,2014年 日本代表候補,,,
9090,岡本 賢明,Yasuaki OKAMOTO,a,岡本賢明,unclear,U16,negation_or_candidate_language_present,U-16日本代表候補,,,
9096,谷口 堅三,Kenzo TANIGUCHI,a,谷口堅三,unclear,U16,negation_or_candidate_language_present,U-16日本代表候補 (2004年),,,
9102,廣井 友信,Tomonobu HIROI,a,廣井友信,unclear,U18|other|university,negation_or_candidate_language_present,"廣井 友信（ひろい とものぶ、1985年1月11日 - ）は、東京都日野市出身の元プロサッカー選手。ポジションはディフェンダー。


== 来歴 ==
青山直晃は高校の2年後輩に当たる。清水では同ポジションを争った。
大学リーグではNo.1DFと言われた。原一樹、巻佑樹とは駒澤大学サッカー部での同期。
2011年はロアッソ熊本に期限付き移籍、副キャプテンに就任した。怪我で開幕には間に合わなかったが、怪我から復帰後は安定したプレーを見せていた。2012年も清水と契約を延長した上で、熊本への期限付き移籍を延長した。
2013年には期限付き移籍から清水エスパルスへと復帰した。
2015年にツエーゲン金沢に入団。2022年、同シーズン限りで現役を引退することが発表された。現役最後の試合となった北國新聞・北國銀行ドリームマッチでは、試合終了後のスタジアム周回で対戦相手のセレッソ大阪のサポーターから廣井コールを受けた。「まさかの出来事でアッサリ挨拶してますが、実はとても感動してました本当にありがとうございました」と明かした。


== 所属クラブ ==
程久保SC (日野市立程久保小学校)
FC杉野 (日野市立日野第三中学校)
2000年 - 2002年 前橋育英高等学校
2003年 - 2006年 駒澤大学
2007年 - 2014年  清水エスパルス
2009年8月 - 同年12月  東京ヴェルディ (期限付き移籍)
2011年 - 2012年  ロアッソ熊本 (期限付き移籍)
2015年 - 2022年  ツエーゲン金沢


== 個人成績 ==

その他の公式戦

2016年
J2・J3入れ替え戦 2試合0得点
プロ初出場 - 2008年5月31日 ナビスコカップ予選リーグ 対FC東京 (アルウィン)
Jリーグ初出場 - 2009年7月4日 J1リーグ 第10節 対京都サンガF.C. (アウスタ)
Jリーグ初得点 - 2012年3月25日 J2リーグ 第5節 対湘南ベルマーレ (KK WING)


== タイトル ==


=== クラブ ===
駒澤大学
総理大臣杯全日本大学サッカートーナメント (2003年、2004年)
全日本大学サッカー選手権大会 (2004年)
関東大学サッカーリーグ戦 (2005年)


=== 代表 ===
ユニバーシアード日本代表
ユニバーシアード イズミル大会 (2005年)


== 代表・選抜歴 ==
2003年 U-18日本代表候補
2004年 - 2005年 ユニバーシアード日本代表
2006年 全日本大学選抜、U-21日本代表候補


== 出典 ==


== 関連項目 ==
東京都出身の人物一覧
駒澤大学の人物一覧
清水エスパルスの選手一覧
東京ヴェルディ1969の選手一覧
ロアッソ熊本の選手一覧
ツエーゲン金沢の選手一覧


== 外部リンク ==
廣井友信 - Soccerway.com (英語)
廣井友信 - FootballDatabase.eu (英語)
廣井友信 - WorldFootball.net (英語)
廣井友信 - Transfermarkt.comによる選手データ (英語)
廣井友信 - J.League Data Siteによる選手データ
廣井友信 (@hiroi111) - X（旧Twitter）
廣井友信チャンネル - YouTubeチャンネル",,,
9116,米倉 恒貴,YONEKURA Koki,a,米倉恒貴,yes,A|U20,negation_or_candidate_language_present,"国際Aマッチ初出場 - 2015年8月9日 EAFF東アジアカップ2015 vs中国代表（武漢体育中心）

U-20日本代表候補（2007年）
日本代表
2015年 - EAFF東アジアカップ2015
2015年 - 2018 FIFAワールドカップ・アジア2次予選兼AFCアジアカップ2019・2次予選

国際Aマッチ 2試合（2015年）

",,,
9122,井上 平,Taira INOUE,a,井上平,unclear,U19,negation_or_candidate_language_present,U-19日本代表候補,,,
9147,遠藤 康,Yasushi ENDO,a,遠藤康,yes,U15|U16|U17|U18|U20,negation_or_candidate_language_present,"2003年にU-15日本代表に、翌2004年にはU-16日本代表に選出されてモンテギュー国際ユース大会や北海道国際ユース大会に出場したが、AFC U-17選手権2004に出場する代表チームには選出されなかった。2006年にはU-18日本代表に選出されて仙台カップに出場。2007年2月にはU-20日本代表候補に選出されてトレーニングキャンプに参加した。
2015年5月7日、日本代表候補トレーニングキャンプ（5/12～13＠千葉）メンバーに初選出された。同年5月3日の事前記者会見にてバヒド・ハリルホジッチ監督は遠藤の選出理由について「遠藤康はクラブとポジションが異なるが、真ん中(での起用)を考えている。テクニックのクオリティーが高く、少し中村俊輔に似ているかなと思う。フィジカルに成長の余地はあるが、興味深い選手だ。」とコメントしている。また同年5月11日の報道陣の取材にて遠藤についてハリルホジッチ監督は「右サイドでプレーすることが多いと思うんですけど、FWの後ろでプレーしたらどうなるのか」「左足のテクニックも素晴らしく、プレーのビジョンやパスも素晴らしい。彼も他の部分を向上させることができるということで呼びました」と遠藤を評価した。7月11日、引き続き東アジア杯の日本代表予備登録メンバーに選出された。
2017年3月25日、ロシアＷ杯アジア最終予選の予備登録メンバーに選出されたが、本大会のメンバーからは外れた。

U-12宮城県トレセン
U-16宮城県トレセン（2003年）
U-15日本代表（2003年）
U-16日本代表（2004年）
JFAナショナルトレセンU-16 （2004年）
U-18東北選抜（2004, 2005年）
国民体育大会成年男子宮城県選抜（2006年）
U-18日本代表（2006年）
日本代表候補（2015, 2016, 2017年）",,,
9151,小川 佳純,Yoshizumi OGAWA,a,小川佳純,no,,negation_or_candidate_language_present,2008年 日本代表候補,,,
9253,平 智広,TAIRA Tomohiro,a,平智広,unclear,university,negation_or_candidate_language_present,"平 智広（たいら ともひろ、1990年5月10日 - ）は、東京都東久留米市出身の元プロサッカー選手。ポジションはディフェンダー（DF）。


== 来歴 ==
横河武蔵野FCジュニアユース、東京ヴェルディユースを経て、法政大学へ進学。
2013年より、大学で同期の真野亮二と共にFC町田ゼルビアへ入団。
2016年、東京ヴェルディに完全移籍。
2024年7月、ツエーゲン金沢に完全移籍することが発表された。
2026年2月4日、現役引退を発表。同年2月21日に味の素スタジアムで行われた東京ヴェルディvs町田戦で引退セレモニーが行われた。


== 人物 ==
2016年11月に一般女性と結婚。2018年3月に第一子の長男が、2020年9月に第二子の次男が誕生。


== 所属クラブ ==
東久留米ひばりSC (東久留米市立第五小学校)
横河武蔵野FCジュニアユース (東久留米市立南中学校)
東京ヴェルディユース (東京都立清瀬高等学校)
法政大学
2013年 - 2015年  FC町田ゼルビア
2016年 - 2024年7月  東京ヴェルディ
2024年7月 - 2025年  ツエーゲン金沢


== 個人成績 ==

その他の公式戦

2013年
東京都サッカートーナメント 1試合0得点
2014年
東京都サッカートーナメント 1試合0得点
2015年
東京都サッカートーナメント 2試合0得点
J2・J3入れ替え戦 2試合0得点
2017年
J1昇格プレーオフ 1試合0得点
2018年
J1参入プレーオフ 3試合1得点
2023年
J1昇格プレーオフ 2試合0得点
Jリーグ初出場 - 2014年3月9日 J3第1節 藤枝MYFC戦 (町田市立陸上競技場)
Jリーグ初得点 - 2016年10月2日 J2第34節 FC町田ゼルビア戦 (町田市立陸上競技場)


== 選抜歴 ==
2011年 関東大学選抜候補


== 脚注 ==


== 関連項目 ==
東京都出身の人物一覧
法政大学の人物一覧
FC町田ゼルビアの選手一覧
東京ヴェルディ1969の選手一覧
ツエーゲン金沢の選手一覧


== 外部リンク ==
平智広 - Soccerway.com (英語)
平智広 - FootballDatabase.eu (英語)
平智広 - WorldFootball.net (英語)
平智広 - Transfermarkt.comによる選手データ (英語)
平智広 - J.League Data Siteによる選手データ
平智広 - playmakerstats.com (英語)
平智広 (heichihiro) - Facebook
平智広 (@heichihiro2) - X（旧Twitter）",,,
9382,阿部 巧,Takumi ABE,a,阿部巧,yes,U17|U18|U19|other,negation_or_candidate_language_present,"阿部 巧（あべ たくみ、1991年5月26日 - ）は、東京都大田区出身の元サッカー選手、サッカー指導者。ポジションはディフェンダー（左サイドバック）、ミッドフィールダー（左ウイングバック）。


== 来歴 ==
大田区立矢口東小学校1年生（6歳）の時にサッカーを始める。同6年次に東京U-12に選出される。その後、FC東京と横浜FMのU-15チームのセレクションを受けたのち、FC東京U-15深川への入団を決める。2007年にFC東京U-18に昇格。それまではFWやトップ下など攻撃的な位置でプレーしていたが、U-18昇格後は倉又寿雄監督により左サイドバック（SB）へとコンバートされた。U-18での1年目からトップのサテライトリーグに抜擢され出場し、その試合後にトップチーム監督（当時）の原博実が「今日はユースの子（阿部）が一番良かったね」と述べるなど、そのプレー振りが高く評価された。2009年秋、U-18の同期である重松健太郎、平出涼とともに翌年からのFC東京トップチーム昇格が発表された。
2010年5月22日のナビスコカップ第3節新潟戦で初のベンチ入りをするも、出場機会を得ることはできず、同年7月より横浜FCへ期限付き移籍。横浜では左SBのレギュラーに定着した。岸野靖之監督からは長所として積極性と運動量、短所としてヘディングの競り方を挙げられた。期限付き移籍期間満了のため、同年限りで横浜FCを退団した。
2011年はFC東京へ復帰。シーズン序盤は左足からのクロスを武器に 左SBのレギュラーとして奮闘したが、平山相太・高松大樹といった長身FWの離脱による戦術変更 を機に控えに追いやられた。
2012年、再び横浜FCへ期限付き移籍。長距離を走り抜く力を高く評価され、リーグ戦での出場時間はチーム内で最長を記録した。
2013年、FC東京に復帰。太田宏介らとのポジション争いに臨むも 公式戦の出場はなく、同年8月より複数受けたオファーの中から松本山雅FCへ完全移籍。3バックを採用する松本では 左ウイングバック（WB）として出場を続け、運動量と攻撃力でサイドを活性化させた。
2014年、アビスパ福岡へ完全移籍。同年入籍。チーム屈指の体力で 4バック時には左SB、3バック時には左WBとしてサイドでの上下動を続けた。
2017年、ザスパクサツ群馬へ完全移籍。2018年シーズン終了後、契約満了により退団。
2019年、SC相模原へ完全移籍。
2020年、栃木シティFCへ完全移籍。同年シーズン、関東サッカーリーグ1部ベストイレブンに選出される活躍を見せた。
2022年11月22日、現役引退を発表。
2022年12月16日、栃木シティFCのトップチーム強化担当およびU-25コーチ就任が発表された。
2025年1月17日、栃木シティFCのフットボール事業本部 強化部課長兼アカデミーダイレクターに就任した。


== 人物 ==
ザスパクサツ群馬へ移籍後、クラブ発行のマッチデープログラム内インタビューで、ブラックコーヒーが飲めるようになったことと、タイピングの練習を始めたことを告白している。


== 所属クラブ ==
1998年 - 2003年 徳持FC (大田区立矢口東小学校)
2004年 - 2006年 FC東京U-15深川 (大田区立蓮沼中学校)
2007年 - 2009年 FC東京U-18 (日出高等学校)
2010年 - 2013年8月  FC東京
2010年7月 - 同年12月  横浜FC (期限付き移籍)
2012年  横浜FC (期限付き移籍)
2013年8月 - 同年12月  松本山雅FC
2014年 - 2016年  アビスパ福岡
2017年 - 2018年  ザスパクサツ群馬
2019年  SC相模原
2020年 - 2022年  栃木シティFC


== 個人成績 ==

その他の公式戦

2012年
J1昇格プレーオフ 1試合0得点
Jリーグ初出場・初得点 - 2010年7月17日 J2第18節 vs柏レイソル (ニッパツ三ツ沢球技場)


== タイトル ==
東京都選抜
国民体育大会サッカー競技 (2007年)
FC東京U-18
Jリーグユース選手権大会 (2007年、2009年)
高円宮杯U-18サッカーリーグ プリンスリーグ関東 (2008年、2009年)
日本クラブユースサッカー選手権 (U-18)大会 (2008年)
FC東京
Jリーグ ディビジョン2 (2011年)
天皇杯全日本サッカー選手権大会 (2011年)
世代別日本代表
国際ユースサッカー in 新潟 (2008年)
SBSカップ (2009年、2010年)


== 代表・選抜歴 ==
2005年 JFAエリートプログラムU-14日本選抜 - フランコ・ガッリーニ国際トーナメント
2006年 東京都選抜
2007年 東京都選抜 - 秋田国体 (優勝)
2008年 U-17日本代表 - コパ・チーバス、国際ユースサッカー in 新潟 (優勝)
2009年 U-18日本代表 - コパ・チーバス、SBSカップ (優勝)、AFC U-19選手権予選
2010年 U-19日本代表 - ダラスカップ (グループリーグ敗退)、ミルクカップ (5位)、SBSカップ (優勝)、AFC U-19選手権2010 (ベスト8)
2011年 U-22日本代表候補 - ロンドンオリンピックアジア最終予選予備登録


== 指導歴 ==
2023年 - 栃木シティFC
2023年 - 2024年：強化担当・U-25コーチ
2025年 - 強化部課長兼アカデミーダイレクター
2025年 - 栃木県(青年男子) 監督


== 脚注 ==


== 関連項目 ==
東京都出身の人物一覧
FC東京の選手一覧
横浜FCの選手一覧
松本山雅FCの選手一覧
アビスパ福岡の選手一覧
ザスパクサツ群馬の選手一覧
SC相模原の選手一覧
栃木シティフットボールクラブの選手一覧


== 外部リンク ==

阿部巧 - Soccerway.com (英語)
阿部巧 - FootballDatabase.eu (英語)
阿部巧 - WorldFootball.net (英語)
阿部巧 - Transfermarkt.comによる選手データ (英語)
阿部巧 - J.League Data Siteによる選手データ
プロフィール (2012年版) - ウェイバックマシン（2013年3月10日アーカイブ分） - 横浜FC
プロフィール (2013年版) - ウェイバックマシン（2013年5月2日アーカイブ分） - FC東京
プロフィール (2013年版) - 松本山雅FC
TOKYO PLAYER INTERVIEWS #14 阿部巧 - YouTube - FC東京公式チャンネル",,,
9388,平出 涼,Ryo HIRAIDE,a,平出涼,yes,U16|U18|U19|other,negation_or_candidate_language_present,"2007年 U-16日本代表 - モンテギュー国際大会 (8位)
2009年 U-18日本代表 - SBSカップ (優勝)、AFC U-19選手権2010 (予選)
2010年 U-19日本代表 - ダラスカップ (グループリーグ敗退)、フローニンゲン国際ユース大会 (準優勝)、ミルクカップ (5位)、SBSカップ (優勝)、仙台カップ (2位)、AFC U-19選手権2010 (ベスト8)
2011年 U-22日本代表候補 - ロンドンオリンピックアジア最終予選予備登録",,,
9467,都並 優太,TSUNAMI Yuta,a,都並優太,yes,U15|U16,negation_or_candidate_language_present,"U-15日本代表候補
U-16日本代表",,,
9546,刀根 亮輔,Ryosuke TONE,a,刀根亮輔,unclear,U18,negation_or_candidate_language_present,"刀根 亮輔（とね りょうすけ、1991年10月29日 - ）は、福岡県北九州市出身の元プロサッカー選手。登録ポジションはディフェンダー。マネジメント会社はジャパン・スポーツ・プロモーション（JSP）。


== 来歴 ==
福岡県北九州市で生まれ育ち、高校進学時に小学生年代から同じチームでプレーした、1学年上の東慶悟が在籍する大分トリニータU-18に入団。大分U-18ではディフェンダーの他、ボランチとしてもプレーを経験した。高校3年次にはキャプテンを務めた。2010年、トップチームへ昇格。過去に西川周作、梅崎司、東慶悟等が着用した背番号21を与えられた。ルーキーながら開幕戦の柏レイソル戦でベンチ入り、途中出場でプロデビューを果たすとその後はレギュラーに定着し、第6節のファジアーノ岡山戦ではCKからのヘディングでプロ初ゴールも記録した。翌節・ザスパ草津戦でも2試合連続のゴールを記録するなどシーズン前半戦は攻守に渡って貢献。第21節・カターレ富山戦で靭帯を損傷し負傷離脱 して以降は1試合の途中出場に留まった。2011年は新加入の阪田章裕と共に副キャプテンを務めた。
2012年、自身のプレーの幅を広げるため東京ヴェルディへ完全移籍。2年目の2013年には29試合にスタメン出場しブレークを果たした。
2014年、ディフェンダーが多く退団し、同年監督に就任した西野朗のリクエストもあり、本職のディフェンダーを求めていた名古屋グランパスにセンターバック、右サイドバックもこなせる点を買われ完全移籍。J1リーグで初のプレー機会を得たが、怪我もあり 出場機会に恵まれず公式戦4試合の出場に終わった。翌2015年はV・ファーレン長崎へ期限付き移籍。
2016年、中学時代までを過ごした北九州市をホームタウンとするギラヴァンツ北九州へ完全移籍。2017年には北九州のJ3リーグ降格により、J3でのプレーも経験するなど2年間で45試合に出場。
2018年、大分へ完全移籍。2011年以来7年振りの復帰となった。第4節・東京V戦にて大分復帰後初出場初先発を果たし、無失点に貢献した。同試合含め、以後9試合連続でリーグ戦に先発出場。一時3試合連続で先発から外れたが、第16節・甲府戦で先発復帰して以降は同試合含め7試合連続で先発し、大分の前半戦首位折り返しに貢献したが、7月12日のトレーニング中に負傷。全治8ヶ月の右膝前十字靭帯損傷と診断され、離脱することとなった。
2022年2月10日のトレーニング中に再び負傷し、全治8ヶ月の左膝前十字靱帯損傷と診断されチームから離脱。同シーズン中の復帰は叶わず、プロ入り後初めて公式戦出場機会無しに終わった。
2023年も前年に続き公式戦の出場機会無しに終わり、同シーズンを以て、契約満了により大分を退団した。
2024年1月9日、現役引退することを発表した。


== 所属クラブ ==
- 2003年 深町SC
2004年 - 2006年 北九州市立若松中学校
2007年 - 2009年 大分トリニータU-18（大分東明高校）
2010年 - 2011年 大分トリニータ
2012年 - 2013年 東京ヴェルディ
2014年 - 2015年 名古屋グランパス
2015年 V・ファーレン長崎 (期限付き移籍)
2016年 - 2017年 ギラヴァンツ北九州
2018年 - 2023年 大分トリニータ


== 個人成績 ==

J1初出場 - 2014年3月23日 第4節 ヴィッセル神戸戦（名古屋市瑞穂公園陸上競技場）
J2初出場 - 2010年3月7日 第1節 柏レイソル戦 (日立柏サッカー場)
初得点 - 2010年4月11日 第6節 ファジアーノ岡山戦 (大分銀行ドーム)
J3初出場 - 2017年3月26日 第3節 セレッソ大阪U-23戦（ミクニワールドスタジアム北九州）
初得点 - 2017年7月8日 第16節 グルージャ盛岡戦（ミクニワールドスタジアム北九州）


== 出場大会 ==
2009年度 第33回日本クラブユースサッカー選手権 (U-18)大会
2009年度 高円宮杯第20回全日本ユースサッカー選手権 (U-18)大会


== 代表・選抜歴 ==
2009年 U-18日本代表候補


== 脚注 ==


== 関連項目 ==
福岡県出身の人物一覧
北九州市出身の人物一覧
大分トリニータの選手一覧
東京ヴェルディ1969の選手一覧
名古屋グランパスエイトの選手一覧
V・ファーレン長崎の選手一覧
ギラヴァンツ北九州の選手一覧


== 外部リンク ==
刀根亮輔 - Soccerway.com (英語)
刀根亮輔 - FootballDatabase.eu (英語)
刀根亮輔 - WorldFootball.net (英語)
刀根亮輔 - Transfermarkt.comによる選手データ (英語)
刀根亮輔 - J.League Data Siteによる選手データ",,,
9610,富山 貴光,TOMIYAMA Takamitsu,a,富山貴光,yes,U17|other,negation_or_candidate_language_present,"2007年：U-17日本代表候補
2010年：U-21日本代表（アジア大会）
2011年：ユニバーシアードサッカー日本代表（ユニバーシアードサッカー競技）",,,
9660,永畑 祐樹,Yuki NAGAHATA,a,永畑祐樹,unclear,U18,negation_or_candidate_language_present,2007年 U-18日本代表候補,,,
9691,下田 光平,Kohei SHIMODA,a,下田光平,yes,U16|U17|U18|U19|U20|other,negation_or_candidate_language_present,"2005年 U-16日本代表 北海道国際ユースサッカー大会 (優勝)
2006年
U-17日本代表 サニックス杯国際ユースサッカー大会
U-18東北代表 仙台カップ国際ユースサッカー大会 (MIP・4位)
2007年
U-18日本代表 オーストラリアユースオリンピックフェスティバル
U-18東北代表 仙台カップ国際ユースサッカー大会 (2位)
2008年 U-19日本代表 SBSカップ、フルーナベイヘン国際ユース大会 (7位)、仙台カップ国際ユースサッカー大会 (2位)、AFC U-19選手権・サウジアラビア大会 (ベスト8)
2009年 U-20日本代表 カタール国際ユーストーナメント (3位)
2011年 U-22日本代表候補  ロンドンオリンピックアジア最終予選予備登録",,,
9702,古部 健太,Kenta FURUBE,a,古部健太,yes,other|university,negation_or_candidate_language_present,"2006年 U-21日本代表（候補）
2007年 全日本大学選抜
2007年夏季ユニバーシアード (5位)",,,
9844,佐々木 陽次,SASAKI Yoji,a,佐々木陽次,yes,U15|university,negation_or_candidate_language_present,"佐々木 陽次（ささき ようじ、1992年7月2日 - ）は、富山県出身の元プロサッカー選手。現役時代のポジションは主にミッドフィールダー（MF）。


== 来歴 ==
小学1年生時に兄の影響でサッカーを始める。中学生時までは地元富山のクラブチームでプレー。1期上の大﨑淳矢を目標に練習に励んだ。
長島裕明の勧誘を受け、2008年よりFC東京U-18に加入。同期に廣木雄磨、武藤嘉紀、江口貴俊、松藤正伸、三浦龍輝ら。最終学年では背番号10を背負い、ゲームメーカーとして高い技術を発揮した。2010年のU-18高円宮杯では決勝トーナメントで3試合連続得点を挙げ準優勝。また、同年トップチームに2種登録されている。
2011年、廣木と共に東京学芸大学へ進学。ボランチやサイドハーフに入り、エースとして攻守にチームを牽引した。
2015年、J2リーグ・徳島ヴォルティスに加入。
2017年、J3リーグ・カターレ富山に期限付き移籍。
2018年、カターレ富山へ完全移籍。
2025年9月24日に2025 シーズンをもって現役引退を発表。


== 所属クラブ ==
新庄スポーツ少年団 (現 富山新庄FCジュニア)
2005年 - 2007年 富山北FC
2008年 - 2010年 FC東京U-18 (東京都立砂川高等学校)
2010年  FC東京 (2種登録)
2011年 - 2014年 東京学芸大学蹴球部
2015年 - 2017年  徳島ヴォルティス
2017年  カターレ富山（期限付き移籍）
2018年 - 2025年  カターレ富山


== 個人成績 ==

2010年は2種登録選手。
出場歴
2015年3月14日：初出場 - J2第2節 vsギラヴァンツ北九州 (北九州市立本城陸上競技場)
2016年8月27日：公式戦初得点 - 天皇杯1回戦 vsFC徳島セレステ (鳴門大塚)


=== 出場大会など ===
2007年：富山県選抜 - 国民体育大会サッカー競技
2007年：U-15日本代表候補
2011年：関東大学選抜 - デンソーチャレンジカップ


== タイトル ==
富山県ミドルカップ (高円宮杯全日本ユース(U-15)サッカー選手権大会富山県予選) (2006年, 2007年)
JFAプリンスリーグU-18関東 (2008年、2009年、2010年)
日本クラブユースサッカー選手権 (U-18)大会 (2008年)
Jユース・サンスタートニックカップ (2009年)


== 脚注 ==


== 関連項目 ==
徳島ヴォルティスの選手一覧
カターレ富山の選手一覧


== 外部リンク ==
佐々木陽次 - Soccerway.com (英語)
佐々木陽次 - FootballDatabase.eu (英語)
佐々木陽次 - WorldFootball.net (英語)
佐々木陽次 - Transfermarkt.comによる選手データ (英語)
佐々木陽次 - J.League Data Siteによる選手データ
佐々木陽次 - playmakerstats.com (英語)
プロフィール - 徳島ヴォルティス
佐々木陽次 (@ijayoya) - X（旧Twitter）",,,
9920,宗近 慧,Kei MUNECHIKA,a,宗近慧,unclear,U17,negation_or_candidate_language_present,"宗近 慧（むねちか けい、1992年5月29日 - ）は、広島県出身のサッカー選手。関東サッカーリーグ1部・東邦チタニウム所属。ポジションはDF。


== 経歴 ==
サンフレッチェ広島ユース時代には主将として高円宮杯で優勝しており、U-17代表候補であった。
2015年1月24日、横浜スポーツ&カルチャークラブへの内定が発表された。初年度の背番号は15であった。2015年3月15日のFC琉球戦でスターティングメンバーとして起用され、初出場を果たした。初得点となったのは11月13日に行われたガイナーレ鳥取戦であった。
2023年、カマタマーレ讃岐に完全移籍。


== 所属クラブ ==
エスポワール向東JSC
サンフレッチェびんごジュニアユース
サンフレッチェ広島F.Cユース
法政大学
2015年-2022年横浜スポーツ&カルチャークラブ
2023年-2024年カマタマーレ讃岐
2025年- 東邦チタニウムサッカー部


== 個人成績 ==

Jリーグ初出場 - 2015年3月15日  J3第1節 FC琉球戦（沖縄県陸上）
Jリーグ初得点 - 2015年11月13日 J3第38節 ガイナーレ鳥取戦（BMWスタ）


== 参考文献 ==


== 関連項目 ==
サンフレッチェ広島F.Cの育成組織
横浜スポーツ&カルチャークラブの選手一覧
カマタマーレ讃岐の選手一覧


== 外部リンク ==
宗近慧 (@kei_munechika) - Instagram 
宗近慧 (@kei_mune) - X（旧Twitter）
宗近慧 - Soccerway.com (英語)
宗近慧 - FootballDatabase.eu (英語)
宗近慧 - Transfermarkt.comによる選手データ (英語)
宗近慧 - J.League Data Siteによる選手データ
宗近慧 - playmakerstats.com (英語)",,,
9946,大森 晃太郎,Kotaro OMORI,a,大森晃太郎,yes,U15|U16|U17,negation_or_candidate_language_present,"U-15日本代表
U-16日本代表
U-17日本代表
日本代表候補　
2015年 - 東アジアカップ予備登録メンバー。",,,
9984,小野 裕二,ONO Yuji,a,小野裕二,yes,A|U15|U16|U17|other,negation_or_candidate_language_present,"神奈川県選抜
2008年 チャレンジ!おおいた国体少年サッカー競技
日本代表
2007年 U-15日本代表候補
2008年 U-16日本代表
2009年 U-17日本代表
2011年 U-22日本代表",,,
10008,キローラン 菜入,Niall KILLORAN,b,キローラン菜入,unclear,U16,negation_or_candidate_language_present,2008年 U-16日本代表候補,,,
10499,端山 豪,Go HAYAMA,b,端山豪,yes,U17|U18|university,negation_or_candidate_language_present,"U-17日本代表
U-18日本代表候補
全日本大学選抜
ユニバーシアード日本代表",,,
11042,田鍋 陵太,Ryota TANABE,b,田鍋陵太,yes,U16|U17|U18|U19|U20|other,negation_or_candidate_language_present,"U-16日本代表
U-17日本代表
U-18日本代表
U-19日本代表
AFC U-19選手権2012
U-20日本代表
2013年東アジア競技大会
U-22日本代表候補
2015年 AFC U-23選手権2016予選予備登録メンバー",,,
11254,須藤 貴郁,Takafumi SUDO,b,須藤貴郁,unclear,U19,negation_or_candidate_language_present,"須藤 貴郁（すどう たかふみ、1991年11月21日 - ）は、栃木県出身の元サッカー選手。ポジションはDF。


== 来歴 ==
矢板中央高校3年の時に第88回全国高校サッカー選手権に出場し、優秀選手に選ばれた。2010年に平成国際大学を進学。2012年にはFC町田ゼルビアの特別指定選手としてプレーした。2014年にヴァンラーレ八戸に加入した。
2018年は30試合全試合に出場。ヴァンラーレ八戸のJ3昇格に貢献し、JFLベストイレブンに選出された。
2020年をもって現役引退。


== 所属クラブ ==
鹿沼みなみ小サッカー部
鹿沼みなみS.C.
今市フットボールクラブアルシオ
今市フットボールクラブアルシオーネU-15
矢板中央高校
2010年 - 2013年 平成国際大学
2012年7月 - 同年12月 FC町田ゼルビア（特別指定選手）
2014年 - 2020年 ヴァンラーレ八戸


== 個人成績 ==

その他の公式戦

2015年
JFLチャンピオンシップ 2試合0得点
2012年は特別指定選手
Jリーグ初出場 - 2019年3月17日 明治安田生命J3第2節 対AC長野パルセイロ(長野Uスタジアム)
Jリーグ初得点 - 2019年6月16日 明治安田生命J3第12節 対いわてグルージャ盛岡(ダイハツスタジアム)


== 代表・選抜歴 ==
日本高校選抜
U-19日本代表候補
JFL選抜（2015年）ベトナム遠征


== タイトル ==
2018年 - JFLベストイレブン


== 脚注 ==


== 関連項目 ==
ヴァンラーレ八戸の選手一覧
特別指定選手としてJリーグクラブに登録された選手一覧


== 外部リンク ==
須藤貴郁 - Soccerway.com (英語)
須藤貴郁 - FootballDatabase.eu (英語)
須藤貴郁 - WorldFootball.net (英語)
須藤貴郁 - Transfermarkt.comによる選手データ (英語)
須藤貴郁 - J.League Data Siteによる選手データ",,,
11259,南野 拓実,Takumi MINAMINO,b,南野拓実,yes,A|U15|U16|U17|U18|U19|U23|other,negation_or_candidate_language_present,"2009年、U-15日本代表に選出され、AFC U-16選手権2010・予選グループリーグに出場。フィリピン戦でハットトリックを達成した。2010年のAFC U-16選手権2010ではベスト4まで勝ち進み、5得点を挙げて大会得点王となった。2011年、FIFA U-17ワールドカップを前にFIFA公式サイト上で「Japan's lethal weapon（日本の最終兵器）」と題した特集が組まれ、U-17日本代表のエースとして期待された。大会前から不調に陥り、自身は1得点に終わったが、チームは自国開催だった1993年大会以来となる18年ぶりのベスト8進出を果たした。
2014年1月、ベトナムで開催されたU-19日本代表で出場したヌティフードカップで大会MVPを獲得。同年4月、日本代表候補トレーニングキャンプに初参加。2014 FIFAワールドカップ日本代表メンバーからは落選し、小野伸二以来となる10代でのW杯日本代表入りは叶わなかったが、同予備登録メンバーに選出された。10月に出場したAFC U-19選手権では4試合4得点と気を吐いたが、勝てば2015 FIFA U-20W杯出場権獲得となる北朝鮮戦で、自らのPK失敗により敗退が決まった。
2015年10月の2018年ロシアW杯アジア2次予選・シリア戦とイラン戦のメンバーに選ばれ、日本代表初選出となった。10月13日、イランとの親善試合で代表初出場を果たした。
2016年、リオ五輪の予選も兼ねたAFC U-23選手権2016のメンバーに選出された。グループリーグ第3戦のサウジアラビア戦では右サイドからドリブル突破して井手口陽介の得点をアシスト。U-23日本代表は決勝まで駒を進めたが、所属クラブからの帰還要請により決勝を前にチームから離脱した。リオデジャネイロオリンピックのメンバーに選出され、8月4日の初戦ナイジェリア戦では、同点ゴールを決めるも4-5の打ち合いの末に敗戦した。グループリーグでは3試合全てに出場したが、チームはグループリーグ敗退となった。
2018年9月11日、キリンチャレンジカップのコスタリカ戦で日本代表初ゴールを決めた。10月12日、パナマ戦で前半42分に先制点を挙げ2試合連続ゴールを記録。10月16日、ウルグアイ戦で12分に先制点、66分に4点目となる追加点を挙げて3戦連発を記録。代表監督が新体制（森保一）となって初陣から3戦連発はJリーグ発足後に限り、1997年の呂比須ワグナー（岡田武史）、2015年の岡崎慎司（ヴァイッド・ハリルホジッチ）に次ぐ史上3人目。
2019年1月、AFCアジアカップ2019のメンバーに選出された。準決勝のイラン戦では、後半11分にスルーパスに反応した南野と相手DFが交錯して転倒。イランの選手はすぐにプレーを止め、主審に向かってノーファールと南野のシミュレーションをアピールした。しかし、主審は笛を吹いておらずプレーを流しており、南野はすぐに起き上がるとボールを追いかけシュートをしそのボールがゴールネットを突き刺した。このゴールのほかにもPK獲得やアシストをし、この試合すべての得点に絡んだ。決勝戦のカタール戦ではゴールを挙げるも、1-3で敗れて準優勝となった。
2021年6月、2022 FIFAワールドカップ・アジア2次予選のタジキスタン戦で、日本代表史上初のワールドカップ予選開幕からの7戦連続ゴールを達成した。これでW杯2次予選開幕から7試合連続ゴールとなり、2016年に本田圭佑がマークした出場7試合連続得点の記録に並ぶ歴代最長得点を記録したが、クラブ事情によりチームを離脱することになった。結局次戦のアジア最終予選・サウジアラビア戦では得点できず、記録は7でストップした。
最終予選では第1節、第2節を除く全8試合に出場(スタメン7試合、交代出場1試合)。所属クラブが2019年に世界一になった強豪リヴァプールであったことや、2次予選で主力として活躍したことから大きな期待がされたが、得点数・アシスト数共に1、決定機逸数がチーム内でワースト1位になった。
2022年11月1日、カタールW杯に臨む日本代表に背番号10で選出された。クラブや代表での低調なパフォーマンスからW杯メンバーから落選するのではないかとメディアなどから声があった中での選出だった。グループリーグ第1戦のドイツ戦では、森保監督によって途中出場で堂安律と共に2シャドーで起用されたことで好機を創出し、自身のシュートをマヌエル・ノイアーがはじいた流れから、堂安が得点を決めた。森保ジャパン発足以降練習試合を含めて一度も披露されなかったフォーメーションの中で、途中出場した全選手が得点に絡むなどチームメイトと共に久々にプレーに輝きを取り戻した。
決勝トーナメント1回戦のクロアチア戦でも途中出場。試合は延長戦の末PK戦となり、森保監督がキッカーの立候補を促したが、5秒間誰も手を挙げず南野が1番手に名乗りをあげた。しかし、そのPKはドミニク・リヴァコヴィッチに防がれ、その後の三笘薫、吉田麻也のPKも防がれチームは敗退を喫した（ワールドカップのPK戦での3回のセーブは、史上3人目、ドミニクは準々決勝のブラジル戦でもPK戦を制した）。その後、森保監督から「PK、1番に蹴ってくれてありがとう。大変な役回りになったけど、嫌な顔一つせず、チームを支えてくれてありがとう」と声をかけられ、日本代表のYouTubeチャンネルでロッカールームで下を向く南野に長友佑都が「ありがとうタキ。お前、勇気があるな」「勇気あるな、マジで。俺は蹴れん。マジありがとう」と声をかける姿が映っている。
その後は代表に招集されない事が続いていたが、2023年10月4日、カナダ及びチュニジアとの親善試合に臨む日本代表メンバーに選出され、カタールW杯以来の約10ヶ月振りの代表復帰となった。
2024年1月1日に行われたタイとの強化試合では、後半途中から出場。試合終盤に訪れたGKとの1対1のチャンスを逸すも、その直後にゴールを挙げ、約2年ぶりの代表での得点となった。
2024年1月14日に行われたベトナムとのAFCアジアカップ2023初戦では2ゴール1アシストに加えて献身的な守備を見せ、勝利に大きく貢献した。各メディアやファン投票でもMVPに選ばれ「タッキタキ」「主軸はこの男。2022年のワールドカップの後、彼は終わったかに思えた。しかし、キーパーソンになれる事を証明し、競争に火をつけた。」「守備でも抜群の存在感を発揮。高い位置でのボール奪取に貢献し、走り続けた。」と評された。
2026年北中米W杯アジア最終予選、中国との初戦では、2シャドーの一角で起用されファーサイドに決めるスーパーゴールなど、相手DF陣を翻弄する狭いスペースでのドリブル突破で2得点を決め、この試合の最優秀選手に選ばれた。11月のインドネシア戦で、得点を決め歴代10位となる代表Aマッチ通算24点目を記録した。
2025年10月14日に行われたブラジル戦では、キャプテンの遠藤航や副キャプテンを務めることの多かった板倉滉らが怪我で離脱していた中、キャプテンとして出場。2-0のビハインドから後半に1点目を決め、3-2の逆転勝利に貢献した。その後11月14日のガーナ戦でもキャプテンを務めており、1ゴールを獲得している。
2026年北中米W杯においては、前年の12月に負った左膝前十字靭帯損傷の大怪我からの回復が期待されたが、間に合わず2大会連続のメンバー入りは叶わなかった。しかし森保監督はこれまでの南野の代表への貢献度を高く評価し、南野自身も「どういう形であれチームと戦いたい」という強い思いを持っていたことから、メンバー外ではありながらもメンターとしてチームに帯同することが決定。現地時間の6月8日、ベースキャンプ地のアメリカ・ナッシュビルでチームに合流した。

国際Aマッチ初出場 - 2015年10月13日 - 国際親善試合 vsイラン代表（アザディ・スタジアム）
国際Aマッチ初得点 - 2018年9月11日 - キリンチャレンジカップ2018 vsコスタリカ代表（パナソニックスタジアム吹田）
国際Aマッチ50試合出場 - 2023年11月16日 - 2026 FIFAワールドカップ・アジア2次予選 vsミャンマー代表（パナソニックスタジアム吹田）

U-15日本代表
2009年 - AFC U-16選手権2010 (予選)
U-16日本代表
2010年 - 第38回モンテギュー国際大会、AFC U-16選手権2010
U-17日本代表
2011年 - FIFA U-17ワールドカップ
2012年 - 第16回国際ユースサッカーin新潟
U-18日本代表
2011年 - Traditional Winter Tournament Israel 2011
2013年 - AFC U-19選手権2014 (予選)
U-19日本代表
2014年 - ヌティフードカップ2014、AFC U-19選手権2014
U-21日本代表
U-22日本代表
2015年 - AFC U-23選手権2016 (予選)
U-23日本代表
2016年 - AFC U-23選手権2016
2016年 - トゥーロン国際大会
2016年 - リオデジャネイロオリンピック
日本代表
2014年 - FIFAワールドカップ・ブラジル大会 予備登録メンバー
2015年 - 2018 FIFAワールドカップ・アジア2次予選
2018年 - キリンチャレンジカップ
2019年 - AFCアジアカップ2019
2019年 - 2022 FIFAワールドカップ・アジア2次予選
2022年 - 2022 FIFAワールドカップ
2023年 - 2026 FIFAワールドカップ・アジア2次予選
2024年 - AFCアジアカップ2023
2024年 - 2026 FIFAワールドカップ・アジア3次予選
2025年 - 2026 FIFAワールドカップ・アジア3次予選、国際親善試合、キリンチャレンジカップ

国際Aマッチ 73試合 26得点（2015年 - ）



",,,
11443,坂田 良太,Ryota SAKATA,b,坂田良太,yes,U15|U16|university,negation_or_candidate_language_present,"2005年 U-15日本代表候補
2006年 U-16日本代表
2012年 九州大学選抜",,,
11878,大津 耀誠,Yosei OTSU,b,大津耀誠,yes,U16|U17|U18|U19,negation_or_candidate_language_present,"2011年 U-16日本代表
2012年 U-17日本代表
2013年 U-18日本代表候補
2014年 U-19日本代表候補",,,
11920,井上 和馬,Kazuma INOUE,b,井上和馬,yes,U16|U17|university,negation_or_candidate_language_present,"2006年：U-16日本代表
2007年：U-17日本代表
2008年：関東大学選抜 候補
国体神奈川県少年選抜選手",,,
12125,邦本 宜裕,Takahiro KUNIMOTO,b,邦本宜裕,yes,U18|U19|U20,negation_or_candidate_language_present,"U-18日本代表
SBSカップ 国際ユースサッカー（2015年）
U-19日本代表
バーレーンU-19カップ（2016年）
U-20日本代表候補（2017年）",,,
130,永井 秀樹,Hideki NAGAI,b,永井秀樹,no,,negation_or_candidate_language_present,"1992年 バルセロナオリンピックアジア最終予選日本代表
1999年 日本代表候補",,,
1403,小針 清允,Kiyomitsu KOBARI,b,小針清允,yes,U17|U18|U20|U23|other,negation_or_candidate_language_present,"U-17、U-18日本代表 (1993-1995)
1993年 FIFA U-17選手権 日本大会 (ベスト8)
U-20、U-22日本代表 (1997-1999)
1997年 FIFAワールドユース マレーシア大会 (ベスト8)
1999年 シドニーオリンピック アジア地区1次予選
U-23サッカー日本代表候補(2000)",,,
15948,古波津 辰希,Tatsuki KOHATSU,b,古波津辰希,yes,U18|university,negation_or_candidate_language_present,"古波津 辰希（こはつ たつき、1993年9月11日 - ）は、沖縄県出身の元サッカー選手。ポジションはMF。


== 来歴 ==
流通経済大学在学中の2015年に栃木SCの特別指定選手としてプレーした。
2016年に栃木SCに正式加入した。2019年シーズン終了後、契約満了で栃木SCを退団。
2020年、栃木シティFCへ完全移籍。
2021年シーズンには、関東サッカーリーグ1部ベストイレブンに選出された。
2022年1月6日、現役引退及びクラブスタッフに就任を発表。


== 所属クラブ ==
高良フットボールクラブ
那覇市立小禄中学校
流通経済大学付属柏高等学校
流通経済大学
2015年8月 - 同年12月 栃木SC（特別指定選手）
2016年 - 2019年  栃木SC
2020年 - 2021年  栃木シティFC


== 個人成績 ==

2015年は特別指定選手
Jリーグ初出場 : 2016年3月20日 J3第2節 対AC長野パルセイロ (南長野運動公園総合球技場)


== 代表・選抜歴 ==
2011年 - U-18日本代表候補
2013年 - デンソーカップチャレンジ関東選抜B・全日本大学選抜
2014年 - デンソーカップチャレンジ関東選抜A


== 脚注 ==


== 関連項目 ==
栃木SCの選手一覧
栃木シティフットボールクラブの選手一覧
特別指定選手としてJリーグクラブに登録された選手一覧


== 外部リンク ==
古波津辰希 - Soccerway.com (英語)
古波津辰希 - FootballDatabase.eu (英語)
古波津辰希 - WorldFootball.net (英語)
古波津辰希 - Transfermarkt.comによる選手データ (英語)
古波津辰希 - J.League Data Siteによる選手データ",,,
19180,積田 景介,Keisuke TSUMITA,b,積田景介,yes,U18|university,negation_or_candidate_language_present,"2011年 U-18日本代表候補
2012年 日本高校選抜
2014年 関東大学選抜",,,
19383,菅原 由勢,Yukinari SUGAWARA,b,菅原由勢,yes,A|U15|U16|U17|U18|U19|U20|other,negation_or_candidate_language_present,"国際Aマッチ初出場 - 2020年10月9日 国際親善試合 vsカメルーン代表（スタディオン・ハルヘンワールト）
国際Aマッチ初得点 - 2023年11月21日 2026 FIFAワールドカップ・アジア2次予選 vsシリア代表（プリンス・アブドゥッラー・アル・ファイサル・スタジアム）

U-15日本代表
日本・中央アジアU-15サッカー交流プログラム（2015年）
AFC U-16選手権2016予選（2015年9月）
U-16日本代表
U-16インターナショナルドリームカップ2016（2016年6月）
AFC U-16選手権2016（2016年9月）
U-17日本代表
サニックス杯2017（2016年3月）
FIFA U-17ワールドカップ（2017年10月）
U-18日本代表
SBSカップ 国際ユースサッカー（2018年）
U-19日本代表
ロシア遠征（2018年）
メキシコ遠征（2018年）
AFC U-19選手権（2018年）
ブラジル遠征（2018年）
U-20日本代表
欧州遠征（2019年）
FIFA U-20ワールドカップ（2019年）
U-22日本代表
キリンチャレンジカップ（2019年）
U-24日本代表候補
SAISON CARD CUP 2021（2021年）
日本代表
欧州遠征（2020年）
キリンチャレンジカップ（2023年）
2026 FIFAワールドカップ・アジア2次予選兼AFCアジアカップ 2027・予選（2023年、2024年）
AFCアジアカップ2023（2024年）
2026 FIFAワールドカップ・アジア3次予選 (2024年～)
2026 FIFAワールドカップ（2026年）

国際Aマッチ 25試合 2得点（2020年 - ）



",,,
19637,櫻庭 立樹,SAKURABA Riki,b,櫻庭立樹,yes,U15|U16|U18|university,negation_or_candidate_language_present,"櫻庭 立樹（さくらば りき、1999年10月13日 - ）は、北海道滝川市生まれ、札幌市出身のサッカー選手。ポジションは、ゴールキーパー
(GK)。Jリーグ・栃木SC所属。


== 来歴 ==
北海道コンサドーレ札幌アカデミー出身で2016年と2017年には北海道コンサドーレ札幌の2種登録選手として登録された。
その後筑波大学に進み、2022年に当時JFLだったFC大阪への加入が決まった。
2024年、ガイナーレ鳥取に移籍。
2026年、栃木SCに移籍。


== 所属クラブ ==
明苑Jr.FC
岩見沢Jr.FC1985（岩見沢市立南小学校) 
コンサドーレ札幌U-15（岩見沢市立光陵中学校）
北海道コンサドーレ札幌U-18（市立札幌開成中等教育学校）
2016年 - 2017年 北海道コンサドーレ札幌（2種登録選手）
筑波大学
2022年 - 2023年  FC大阪
2024年 - 2025年  ガイナーレ鳥取
2026年 -  栃木SC


== 個人成績 ==

2016年、2017年は2種登録選手で公式戦出場無し。
Jリーグ初出場 : 2024年2月25日 J3第1節 FC今治戦 (今治里山スタジアム)
その他の公式戦

2022年
大阪サッカー選手権大会 2試合0得点
2023年
大阪サッカー選手権大会 2試合0得点


== 選抜・代表歴 ==
2014年：U-15Ｊリーグ選抜、U-16日本代表
2017年：U-18日本代表候補
2018年：U-19全日本大学選抜EAST
2019年：デンソーカップチャレンジサッカー関東選抜A、U-20全日本大学選抜
2021年：デンソーカップチャレンジサッカー関東C・北信越選抜


== タイトル ==


=== クラブ ===
筑波大学

茨城県サッカー選手権大会：1回（2020年）


== 脚注 ==


== 関連項目 ==
FC大阪の選手一覧
ガイナーレ鳥取の選手一覧
栃木SCの選手一覧
北海道コンサドーレ札幌の選手一覧#アカデミー出身者


== 外部リンク ==
櫻庭立樹 - Soccerway.com (英語)
櫻庭立樹 - FootballDatabase.eu (英語)
櫻庭立樹 - WorldFootball.net (英語)
櫻庭立樹 - Transfermarkt.comによる選手データ (英語)
櫻庭立樹 - J.League Data Siteによる選手データ
櫻庭立樹 - playmakerstats.com (英語)
櫻庭立樹 (@sakurabariki) - Instagram 
櫻庭立樹 (@39rabariki) - X（旧Twitter）
櫻庭立樹 (sakura_ba_riki39) - note",,,
23116,清永 丈瑠,Takeru KIYONAGA,b,清永丈瑠,unclear,U17,negation_or_candidate_language_present,"清永 丈瑠（きよなが たける、1994年10月24日 - ）は、山口県周南市出身 の元サッカー選手。ポジションはMF。


== 来歴 ==
レオーネ山口U-15（現・レノファ山口FCアカデミーU-15）から鹿島アントラーズユースに入団。2012年の高円宮杯U-18プレミアリーグイーストで16試合に出場し、2ゴールを挙げた。また、2011年にU-17日本代表候補に選出されている。
2013年、関西大学に進学、背番号10番を背負い、鋭いドリブル突破や正確なキックで関西大をインカレベスト8に導いた。
2016年12月22日、レノファ山口FC加入が発表された。2020年シーズン終了後に契約満了で山口を退団。
2021年、ガイナーレ鳥取に移籍。
2022年シーズンは、負傷離脱した時期もあり出場機会は17試合にとどまった。同年11月18日、チームは契約期間の満了と来季に向けた契約更新をしないことを発表。同年11月28日、カンセキスタジアムとちぎで行われたJリーグ合同トライアウトに出場した。
2023年、オーストラリアのノースコート・シティFCへ移籍。
2024年、FC.AWJへ移籍。同年シーズン終了後に現役引退。


== 所属クラブ ==
レオーネ山口U-12
レオーネ山口U-15
鹿島アントラーズユース
関西大学/関大FC2008
2017年 - 2020年 レノファ山口FC
2021年 - 2022年 ガイナーレ鳥取
2023年  ノースコート・シティFC
2024年 FC.AWJ


== 個人成績 ==

Jリーグ初出場 - 2017年2月26日 J2第1節 FC岐阜戦（岐阜メモリアルセンター長良川競技場）
Jリーグ初得点 - 2021年4月11日 J3第5節 テゲバジャーロ宮崎戦（ユニリーバスタジアム新富）


== 脚注 ==


== 関連項目 ==
鹿島アントラーズのアカデミー
レノファ山口FCの選手一覧
ガイナーレ鳥取の選手一覧


== 外部リンク ==
清永丈瑠 - Soccerway.com (英語)
清永丈瑠 - FootballDatabase.eu (英語)
清永丈瑠 - WorldFootball.net (英語)
清永丈瑠 - Transfermarkt.comによる選手データ (英語)
清永丈瑠 - J.League Data Siteによる選手データ",,,
23126,林 祥太,Shota HAYASHI,b,林祥太,unclear,U17,negation_or_candidate_language_present,"U17日本代表候補
2019年：国民体育大会和歌山県代表",,,
23235,前田 央樹,Hiroki MAEDA,b,前田央樹,unclear,U17,negation_or_candidate_language_present,U-17日本代表候補,,,
23540,三笘 薫,Kaoru MITOMA,b,三笘薫,yes,A|U20|other|university,negation_or_candidate_language_present,"2021年7月、2021年に行われる東京オリンピックのU-24サッカー日本代表に選出された。8月6日の3位決定戦のU-24メキシコ戦では後半33分に1点を返すゴールを決めるも、チームは1-3で敗れ4位に終わった。
2021年11月、2022 FIFAワールドカップ・アジア3次予選に向けた日本代表に初選出された。11月17日、同予選のオマーン戦で後半から途中出場し、決勝点となる伊東純也のゴールをアシストした。
2022年3月25日、アウェーのオーストラリア戦では途中出場から決勝ゴールを含む2得点を決める活躍でワールドカップ出場に貢献した。
2022年11月1日、FIFAワールドカップに臨む日本代表に選出された。グループリーグ全3試合に出場。第3戦目のスペイン戦では、後半6分に堂安律が右サイドからグラウンダーのクロスを上げ、そのボールが逆サイドに流れてボールがラインを割る寸前で三笘が折り返し、そのボールを田中碧が押し込んだ。ボールがラインを割った可能性について2分間VARのチェックが入り、その結果得点が認められ田中の逆転ゴールをアシスト、チームは勝利し1位通過でグループステージを突破した。この得点は「三笘の1ミリ」として、日本国内だけでなく世界的にも話題を集め、最終的にはFIFAが公式サイトで説明を行った。決勝トーナメント1回戦でクロアチアと対戦。延長戦の後のPK戦でキッカーを務めたが、南野拓実、吉田麻也と同じく失敗、敗戦しベスト16で大会を終えた。この大会では全4試合に出場。スタメン出場は無かったが、全試合で途中出場から流れを変える活躍をしてベスト16進出に貢献した。冨安健洋、田中碧、前田大然と共にイギリスBBCによるGLベストイレブンにも選ばれた。
2023年3月、国際親善試合のコロンビア戦にて、守田英正からのクロスボールを頭で合わせ先制ゴールを決めた。
2023年6月、国際親善試合のペルー戦にて1ゴール1アシストの活躍。
2024年1月1日、アジアカップに臨む日本代表メンバーとして選出された。なお、12月21日に行われたプレミアリーグ第21節のクリスタル・パレス戦で左足首を負傷し全治4～6週間と診断された後の招集であり、ブライトンのロベルト・デ・ゼルビ監督はこの招集に驚きを示した。大会期間中もリハビリを継続していたが、初戦のベトナム戦後に全体練習に初参加した。決勝トーナメント1回戦のバーレーン戦で後半22分から途中出場しアジアカップデビューを果たした。準々決勝のイラン戦でも後半22分から途中出場したが、後半アディショナルタイムに逆転を許して敗退した。前述の怪我の影響もあり、大会を通して2試合の途中出場に留まった。
2024年9月5日、FIFAワールドカップ予選の中国戦でアジアカップ2023以来となる出場を果たした。前半終了直前に433日ぶりのゴールを決め、チームを大勝に導いた。
2026年4月1日、国際親善試合のイングランド戦にて先発出場。中村敬斗からのクロスボールを右足でダイレクトで合わせ得点を挙げた。このゴールが決勝点となり、チームはW杯優勝候補のイングランドに勝利した。
5月15日、FIFAワールドカップ2026に臨むサッカー日本代表のメンバーが発表されたが、直近のリーグ戦で負傷していた三笘は選外となった。

国際Aマッチ初出場 - 2021年11月16日 - 2022 FIFAワールドカップ・アジア3次予選 vsオマーン代表（スルタン・カーブース・スポーツ・コンプレックス）
国際Aマッチ初得点 - 2022年3月24日 - 2022 FIFAワールドカップ・アジア3次予選 vsオーストラリア代表（スタジアム・オーストラリア）

ユニバーシアード日本代表
2017年夏季ユニバーシアード（2017年）
2019年夏季ユニバーシアード（2019年）
U-20日本代表
M-150カップ（2017年）
U-21日本代表
スポーツ・フォー・トゥモロー（SFT）プログラム　南米・日本U-21サッカー交流（2018年）
トゥーロン国際大会（2018年）
アジア競技大会（2018年）
全日本大学選抜
デンソーカップサッカー（2019年）
DENSO CUP SOCCER 第16回大学日韓（韓日）定期戦（2019年）
U-22日本代表
トゥーロン国際大会（2019年）
ブラジル遠征（2019年）
キリンチャレンジカップ（2019年）
U-24日本代表
SAISON CARD CUP 2021（2021年）
東京オリンピック2020（2021年）
日本代表
2022 FIFAワールドカップ・アジア3次予選（2021年）
キリンカップサッカー2022（2022年）
2022 FIFAワールドカップ（2022年）
キリンチャレンジカップ2023（2023年）
AFCアジアカップ2023（2024年）

国際Aマッチ 31試合 9得点（2021年 - ）



",,,
2920,古賀 正紘,Masahiro KOGA,b,古賀正紘,yes,U17|U20|U23,negation_or_candidate_language_present,"1995年 U-17日本代表
1995 FIFA U-17世界選手権
1996年 - 1997年 U-20日本代表
AFCユース選手権1996
1997 FIFAワールドユース選手権
1998年 - 1999年 U-23日本代表
アジア競技大会
シドニーオリンピック最終予選（1999年）
2001年 日本代表候補",,,
29413,桑原 海人,Kaito KUWAHARA,b,桑原海人,yes,U15|U16,negation_or_candidate_language_present,"2015年 U-15日本代表候補
2016年 U-16日本代表",,,
29511,太田 龍之介,OTA Ryunosuke,b,太田龍之介,yes,U20|university,negation_or_candidate_language_present,"太田龍之介（おおた りゅうのすけ、2002年4月1日 - ）は、京都府出身のプロサッカー選手。Jリーグ・ジュビロ磐田所属。ポジションはフォワード。


== 来歴 ==
セレッソ大阪U-15を経てファジアーノ岡山U-18へ加入。トップチーム昇格とはならず、明治大学へ進学。1年次からリーグ戦に出場し、4年次のリーグ戦では同大学の中村草太とのコンビでゴールを量産し、7試合連続ゴールを含む14ゴールを記録。中村に次ぐ得点ランキング2位でベストイレブンにも選ばれた。また4年次のインカレは得点王に輝き、優勝に貢献した。
2023年5月23日、ファジアーノ岡山への2024年シーズンからの加入内定が発表された。本人にとってはU-18の時に所属した古巣への帰還であり、ファジアーノ岡山にとってもアカデミー出身の選手が大学を経て再加入するのは初であった。
2024年3月24日、ザスパクサツ群馬戦にてスタメンとしてJリーグ初出場を果たした。
2024年5月15日、右足関節外側不安定症および、右足関節前方インピンジメントと診断され約3か月の離脱となった。
2025年5月27日、栃木SCに育成型期限付き移籍を発表。
2025年12月24日、ヴァンフォーレ甲府に期限付き移籍することを発表。
2026年6月24日、ジュビロ磐田への期限付き移籍を発表。


== 所属クラブ ==
ForestFC京都
セレッソ大阪U-15
ファジアーノ岡山U-18
明治大学
2024年 - ファジアーノ岡山
2025年5月 - 同年12月 栃木SC（期限付き移籍）
2026年 - 同年6月 ヴァンフォーレ甲府（期限付き移籍）
2026年6月 - ジュビロ磐田（期限付き移籍）


== 個人成績 ==

出場歴
Jリーグ初出場 - 2024年3月24日 J2第6節 ザスパ群馬戦 (正田醤油スタジアム群馬)
Jリーグ初得点 - 2025年6月15日 J3第16節 福島ユナイテッドFC戦 (とうほう・みんなのスタジアム)


== 代表・選抜・受賞歴 ==
2021年 U20日本代表候補
2022年 全日本大学選抜
2023年 関東大学選抜B
明治安田Ｊリーグ百年構想リーグ 4月度 月間ベストゴールを受賞


== 脚注 ==


== 関連項目 ==
ファジアーノ岡山FCの選手一覧
栃木SCの選手一覧
ヴァンフォーレ甲府の選手一覧
ジュビロ磐田の選手一覧


== 外部リンク ==
太田龍之介 (@ryunosuke_ota0401) - Instagram 
太田龍之介 (@ryunosuke_ota) - X（旧Twitter）
太田龍之介 - Soccerway.com (英語)
太田龍之介 - WorldFootball.net (英語)
太田龍之介 - Transfermarkt.comによる選手データ (英語)
太田龍之介 - J.League Data Siteによる選手データ
太田龍之介 - playmakerstats.com (英語)",,,
3184,石川 直宏,Naohiro ISHIKAWA,b,石川直宏,yes,A|U19|U20|U23|other,negation_or_candidate_language_present,"石川 直宏（いしかわ なおひろ、1981年5月12日 - ）は、神奈川県横須賀市出身の元プロサッカー選手。現役時代のポジションはミッドフィールダー（サイドハーフ、オフェンシブハーフ）、フォワード（ウイング）。元日本代表。現在はFC東京のコミュニティジェネレーターを務めている。
サッカー選手の石川貢、石川扶は実弟。


== 来歴 ==


=== プロ入り前 ===
5歳の時にサッカーを始める。小学校時、地元の少年少女サッカークラブである横須賀シーガルスに所属。出身地の近い鈴木達也や、神奈川県内の大会で対戦した茂庭照幸とはこの頃から面識があった。中学に入ると横浜マリノスジュニアユース追浜に所属し、高校進学時に横浜マリノスユースに昇格。成長の遅れによる体格差 やクラムジーの発症、当時得意としたトップ下のポジションを争う同期・大橋正博の台頭、樋口靖洋監督による不慣れな右サイドへのコンバート、加えて横浜フリューゲルスとの合併による選手層拡大が重なるなど困難が続いたが、徐々にスピードを身に付けサイドアタッカーとしての能力を開花させ始めた。


=== 横浜F・マリノス ===
2000年には横浜F・マリノスのトップチームに昇格し、Jリーグデビュー。同年、U-19日本代表としてアジアユースに出場。
翌2001年にはU-20日本代表としてワールドユース アルゼンチン大会に背番号10を背負って出場。グループリーグで敗退するも、鋭い切り込みでゴールへ迫る姿勢 は高い評価を得た。この大会のテレビ解説を原博実が担当していたことが後にサッカー人生の契機となる。
しかし、横浜FMでは出場機会を失っていく。パスの出し手であるMF中村俊輔との呼吸がかみ合わず、チームの成績も低迷、監督交代が相次いだ。ラザロニ監督とは特に相性が合わず、石川は紅白戦での「Bチームの控え」にも入れてもらえず、2002年も引き続いてラザロニが指揮を執ることになった状況に危機感を持ち、自ら横浜FM強化部に出場機会を直訴。サンフレッチェ広島が移籍先の有力候補に挙がったが、この年にFC東京の監督に就任した原博実が石川の獲得を熱望したこともあり、4月にFC東京へのレンタル移籍が決定。


=== FC東京 ===
移籍発表からわずか3日後の駒沢でのナビスコカップ・清水戦で早速右のサイドアタッカーとして先発出場すると、ずば抜けたスピードによる突破で得点をアシスト。早々にチームにフィットし、同時期にFC東京の右サイドバックとして出場機会を与えられたDF加地亮とのコンビネーションで右サイドからの攻撃を担い、レギュラーを確保した。U-21日本代表としては、10月の釜山アジア大会では準優勝に貢献。
2003年8月、FC東京に完全移籍。同年のJリーグフェアプレー個人賞を受賞。また、アテネオリンピックを目指すU-22日本代表として活動する一方で、この年のキリンカップのためのA代表に初選出される。同年の東アジア選手権でもA代表に選出され、香港戦において国際Aマッチ初出場を記録（U-22代表から抜擢されたのは大久保嘉人、松井大輔と石川の3人）。
2004年には再び日本代表候補合宿に招集されていたが、日本サッカー協会のオリンピック優先という方針によりU-23日本代表に合流、アテネオリンピックアジア最終予選を突破する。アテネオリンピック本大会では同じ右サイドに攻撃を得意とする石川とともに守備的な徳永悠平が招集されており、山本昌邦監督は守備重視の戦術で大会に臨んだため、出場機会を得たのは消化試合となったグループリーグ第3戦からだった。この試合では攻撃を牽引したにもかかわらず後半早々に交代。消化不良のままグループリーグでの敗退が決定。競技場のサポーターに挨拶する際には号泣し、失意の帰国となった。クラブでは、リーグ戦での得点はなかったが、初選出されたオールスター戦でゴールを決め、MVPを受賞。ナビスコ杯では優勝を体験するが、決勝の浦和戦では退場者を出したことで更に運動量が求められ、自身初となる延長戦までの120分フル出場で走り回り奮闘したため足がつっており、決着をつけるPK戦のメンバーには入らなかった。
2005年8月にイタリア・セリエAに昇格したトレヴィゾから獲得オファーを受けるも、FC東京の苦戦が続いた時期と重なっていたこともあり、交渉最終段階にきてオファーを断った。その決断の直後の9月、日産スタジアムでの古巣・横浜FM戦の試合後半に右膝を傷め途中退場。検査の結果、右膝前十字靭帯損傷及び右膝外側半月板損傷・全治8ヶ月との診断を受け、長期のリハビリテーション期間を過ごすことになった。
2006年にガーロ監督が就任したが、その在任期間が右膝のリハビリの時期と重なっており、ガーロ体制下でのプレーは少なかった。同年7月19日のアビスパ福岡戦で305日ぶりの復帰を果たした。
2007年に倉又寿雄監督体制下から原監督が復帰したシーズンは、以前までのサイドから仕掛けるスタイルを求めた原に対し、石川は中へ切れ込んだり、引いてボールを受けたりという自身のプレーの幅の広がりを模索していたこともあってか調子が上がらず、出場機会が減った時期もあった。
2008年に就任した城福浩監督は攻撃の選手に流動性を求めており 自由度が増した結果、苦し紛れのパスは減り、課題であったパスやクロスの精度が向上し、安定感が増した。同タイプのプレーをする鈴木達也の新加入や大竹洋平などの台頭によるチーム内での競争の活性化もあってか、再び生き生きとしたプレーが見られるようになった。
2009年は、平山相太のポストプレーや羽生直剛の労を惜しまない運動量といったチームメートとの長所が噛み合い、5月2日のJ1大宮戦でプロ入り後初のハットトリックを決めるなど（この日は、年に一度しか来ない家族が見に行った日でもあった）、一時磐田のFW前田遼一と得点王の座を争う程ゴールを量産。チームのリーグ5位、ナビスコカップ決勝進出の原動力となり、同年10月には約5年半ぶりに日本代表に招集された。岡田武史代表監督からは切り札に指名され「ゲームの流れを変えるのに使える」と評価を得たが、同月17日の柏戦で得点直後に相手選手と接触し負傷離脱。チームが2度目の優勝を決めたナビスコカップ決勝には出場できなかった。12月のJリーグアウォーズでは活躍を評価され、初めてJリーグベストイレブンに選出された。
2010年、FIFAワールドカップ登録メンバー発表前の最後の国際Aマッチで「国内組（Jリーガー）の最終見極め」となったセルビア戦では、途中出場ながらチーム最多タイのシュートを放つなど 前線を活性化させたが、予備登録の7名に入るにとどまった。
2011年は、FC東京のベテラン代表として 副主将を務めた。この年は「シーズンの終わりまで石川を（負傷離脱などさせることなく）チームに置いておきたい」という大熊清監督の起用法により、出場時間は多くなかったものの、FC東京の連勝記録を塗り替える得点を挙げるなど 勝負所での活躍を見せた。
2012年、アルベルト・ザッケローニ日本代表監督から、攻撃面での「Velocità（スピード）」と「Imprevedibilità(en)（予測不可能性）」を併せ持つ選手として指名され、日本代表に復帰。FC東京では新監督のランコ・ポポヴィッチによって戦意を新たにし、AFCチャンピオンズリーグと並行する過密日程の中でも好調を維持。ゴールへ向かう積極性を発揮した。
2013年はFWルーカスが右SHに配されたことによって定位置を失い、「（東京加入以来）怪我以外で一番試合に出ていない」という苦しい1年を過ごす中、控え組を牽引し、チームを突き上げた。
2014年は腰椎椎間板ヘルニアにより前半戦の大半の欠場を余儀なくされる。夏場にかけて復調したが 完調には至らず、同年の公式戦先発出場はカップ戦の1試合に留まった。
2015年4月にはJ1第4節甲府で1年4か月振りのゴールを決めた。2トップのFWという新たな起用法の中、躍動感あふれるプレーを見せていたが、8月の親善試合E.フランクフルト戦で左膝前十字靭帯を断裂し（同箇所は2009年にも痛めており、石川自身は「よく（ここまで）もってくれた」と述懐。）長期離脱を強いられた。
2度の手術を経て2016年9月19日、FC東京U-23として参加しているJ3第22節秋田戦で418日ぶりに公式戦に出場。しかし年末にかけて状態が悪化。同年限りでの引退を考えたが、クラブからの強い慰留を受けて再起を期した。
2017年8月2日、今シーズン限りで引退をすることが発表された。12月2日、最終節のガンバ大阪戦では今季初出場を飾り、味の素スタジアムで最後の出場となった。次の日のJ3最終節セレッソ大阪U-23戦にもオーバーエージ枠として途中から出場し、原大智の得点をアシストしてラストマッチを勝利で飾った。


=== 引退後 ===
2018年1月、FC東京クラブコミュニケーターに就任。2018年3月、日本サッカー協会不服申立委員会委員に就任。2024年からFC東京コミュニティジェネレーターに就任。
2025年4月、立教大学大学院スポーツウエルネス学研究科に入学。


== エピソード ==
趣味はサーフィン。プロサーファー・鍋島庵莉との親交が厚い。
原博実の勧誘文句「今（FC東京に）来たら使っちゃうよ」は名言だと語る。
スタジアムでは東京スカパラダイスオーケストラの「Down Beat Stomp」のサビ部分に独自の歌詞をつけたものが応援歌となっている。石川とスカパラのベーシスト川上つよしは交友関係があり、それが縁で2003年、2004年、2018年シーズンの開幕戦ではスカパラがゲストとしてミニライブを行なったり、FC東京の応援ソング「スタジアムへ行こう」を楽曲提供するなどの交流が派生した。
雑誌「サッカーai」のあなたが選ぶBEST11で7号連続第1位を獲得している。
2003年度にJリーグ選手協会（後の日本プロサッカー選手会）支部代表、2004年度から2015年度（2016年6月）まで同会副会長を務めている。


== 所属クラブ ==
ユース経歴
000000 - 1993年 横須賀シーガルス (横須賀市立粟田小学校)
1994年 - 1996年 横浜マリノスジュニアユース追浜 (横須賀市立野比中学校)
1997年 - 1999年 横浜F・マリノスユース (横須賀市立横須賀高等学校)
プロ経歴
2000年 - 2003年7月  横浜F・マリノス
2002年4月 - 2003年7月  FC東京 (期限付き移籍)
2003年8月 - 2017年  FC東京


== 個人成績 ==

その他の公式戦

2012年
スーパーカップ 1試合0得点

その他の国際公式戦

2010年
スルガ銀行チャンピオンシップ2010 1試合0得点
2000年04月01日：Jリーグ初出場 - J1 1st第4節 vs 鹿島アントラーズ (国立霞ヶ丘競技場)
2001年03月17日：Jリーグ初得点 - J1 1stステージ第2節 vs ガンバ大阪 (万博記念競技場)
2003年08月02日：J1・050試合出場 - J1 1stステージ第15節 vs ジュビロ磐田 (ヤマハスタジアム)
2005年08月27日：J1・100試合出場 - J1第21節 vs ジュビロ磐田 (ヤマハスタジアム)
2008年03月08日：J1・150試合出場 - J1第01節 vs サンフレッチェ広島F.C (味の素スタジアム)
2010年04月04日：J1・200試合出場 - J1第05節 vs 川崎フロンターレ (等々力陸上競技場)
2012年10月27日：J1・250試合出場 - J1第30節 vs コンサドーレ札幌 (味の素スタジアム)


== タイトル ==


=== クラブ ===
横浜F・マリノスユース
ジャパンユースカップ (2001年)
横浜F・マリノス
Jリーグカップ (2001年)
FC東京
Jリーグカップ (2004年、2009年)
スルガ銀行チャンピオンシップ (2010年)
Jリーグ ディビジョン2 (2011年)
天皇杯全日本サッカー選手権大会 (2011年)


=== 個人 ===
Jリーグ優秀選手賞 (2003年、2009年)
Jリーグフェアプレー個人賞 (2003年)
JOMOオールスターサッカー 最優秀選手賞(MVP) (2004年)
Jリーグベストイレブン (2009年)


== 選抜・代表歴 ==
2003年12月7日：国際Aマッチ初出場 - 東アジアサッカー選手権2003 vs 香港代表 (埼玉スタジアム2002)


=== 出場大会など ===
神奈川県選抜
1998年 国民体育大会
U-19日本代表
2000年 SBSカップ (優勝)、AFCユース選手権2000 (準優勝)
U-20日本代表
2001年 ジャパンユースカップ2001 (優勝)、2001 FIFAワールドユース選手権 (グループリーグ敗退)
U-21日本代表
2002年 トゥーロン国際大会 (3位)、2002年アジア競技大会 (準優勝)
U-22日本代表
2003年
U-23日本代表
2004年 アテネオリンピック (グループリーグ敗退)
日本代表
2003年 東アジアサッカー選手権2003 (準優勝)
2004年
2009年 アジアカップ2011予選
2010年 2010 FIFAワールドカップ 予備登録
2011年 2014 FIFAワールドカップ・アジア予選 予備登録
2012年


=== 試合数 ===
国際Aマッチ 6試合 0得点 (2003年 - 2012年)


=== 出場 ===


== 書籍 ==


=== 関連書籍 ===
小宮良之『アンチ・ドロップアウト 簡単に死なない男たちの物語』集英社、2010年3月。ISBN 4087805646。 
馬場康平『石川直宏 - まっすぐに平常心』出版芸術社、2010年5月。ISBN 4882933934。 
いとうやまね『プロフットボーラーの家族の肖像』カンゼン、2013年7月。ISBN 4862551904。 


== 作品 ==


=== DVD ===
『スピードスター・石川直宏』（2010年）


=== CD ===
2020年11月25日
「#渋谷から世界へ」渋谷109のアパレル店員からレディ・ガガとの共演までを果たした今注目のアーティストKIMIKAと共作した楽曲「freedom feat. Nao Ishikawa」を配信開始・MV公開。


== 脚注 ==

注釈

出典


== 関連項目 ==
ソル・スポーツマネージメント - 所属マネジメント会社
横浜F・マリノスの選手一覧
FC東京の選手一覧
2004年アテネオリンピックの日本選手団
兄弟スポーツ選手一覧


== 外部リンク ==

公式
石川直宏オフィシャルサイト
石川直宏 オフィシャルブログ 「70TV」
石川直宏 (naohiro.ishikawa.7) - Facebook
石川直宏 (@sgss18) - X（旧Twitter）
石川直宏 (@sgss.18) - Instagram
TOKYO PLAYER INTERVIEWS #1 石川直宏 - YouTube - FC東京公式チャンネル (2013年3月6日)
個人成績
石川直宏 - Olympedia (英語)
石川直宏 - Sports-Reference.com (Olympics) のアーカイブ (英語)
石川直宏 - National-Football-Teams.com (英語)
石川直宏 - Soccerway.com (英語)
石川直宏 - FootballDatabase.eu (英語)
石川直宏 - WorldFootball.net (英語)
石川直宏 - Transfermarkt.comによる選手データ (英語)
石川直宏 - FIFA主催大会成績 (英語)
石川直宏 - J.League Data Siteによる選手データ
石川直宏 - ESPN FC（英語）
特集
石川直宏「覚醒したスピードスター」 (1/2) , (2/2) - Number web (2009年7月10日)
石川直宏が愛される最高の組合せ。柔和さと、リミッターを越える感情。(1/5) , (2/5) , (3/5) , (4/5) , (5/5) - Number web (2016年9月29日)
J1 6月度MIP受賞インタビュー 石川直宏選手 (F東京) (archive) - J's GOAL (2009年7月30日)
J1 3月度MIP受賞インタビュー 石川直宏選手 (F東京) (archive) - J's GOAL (2012年5月29日)
駆ける魂 (上)、(下) - 日本経済新聞 (2010年3月2日、3日)
石川直宏のちょっと「清清しい」話 （サッカー/FC東京）(1/2) , (2/2) - OCNスポーツ (2010年4月16日)
石川直宏（FC東京）特別な存在 (1/3) , (2/3) , (3/3) - OCNスポーツ、Jリーグサッカーキング (2011年10月31日)
石川直宏 (FC東京) 運命の日を前にしてもスピードスターは自然体 - チケットぴあ (2010年5月6日)
【Jリーグ】石川直宏「代表に関しての時間は止まったままだった」(1/2) , (2/2) - Sportiva (2012年5月12日)
石川直宏選手［FC東京］(1/2) , (2/2) - 中高生部活応援マガジン ヒーローインタビュー (2013年1月15日)
FC東京 石川直宏選手から学ぶドリブル上達の極意 (1/3) , (2/3) , (3/3) - ジュニアサッカーを応援しよう! (2013年2月22日)
生と死を強く考えさせられた石川直宏選手の「2011」(1/9) , (2/9) , (3/9) , (4/9) , (5/9) , (6/9) , (7/9) , (8/9) , (9/9) - ジュニアサッカーを応援しよう! (2014年3月11日)
FC東京・石川直宏選手が紹介するファンとの交流を楽しむアプリ =前編=、=後編= - R25 (2013年10月4日、11日)
赤すぐ20周年記念 Jリーグ 石川直宏選手 - 赤すぐ (2014年3月26日)",,,
32382,伊藤 元太,ITO Genta,b,伊藤元太,unclear,U16,negation_or_candidate_language_present,U-16日本代表候補,,,
32389,清川 流石,Sasuga KIYOKAWA,b,清川流石,unclear,U15,negation_or_candidate_language_present,U-15日本代表候補,,,
32492,森田 凜,MORITA Rin,b,森田凜,yes,U15|U17,negation_or_candidate_language_present,"U-15日本代表
U-17日本代表候補",,,
32730,後東 尚輝,GOTO Naoki,b,後東尚輝,unclear,U17|U18,negation_or_candidate_language_present,"2019年 U-17日本代表候補
2020年 U-18日本代表候補",,,
37661,木戸 柊摩,KIDO Shuma,b,木戸柊摩,unclear,U16|U19,negation_or_candidate_language_present,"U-16日本代表候補 (2018年)  
U-19日本代表候補 (2022年)",,,
38021,越道 草太,KOSHIMICHI Sota,b,越道草太,yes,U15|U17|U18,negation_or_candidate_language_present,"越道 草太（こしみち そうた、2004年4月3日 - ）は、広島県広島市安佐南区出身のプロサッカー選手。Jリーグ・サンフレッチェ広島所属。ポジションはミッドフィールダー（サイドハーフ、ウイングバック）。


== 来歴 ==
広島市立川内小学校1年生時にサッカーを始め、同区内にある広島広域公園陸上競技場（広島ビッグアーチ → エディオンスタジアム広島）にも観戦に通った。中学校からはサンフレッチェ広島ジュニアユース・同ユースに所属し、世代別日本代表でもプレーすると共に、トップチームの練習参加も経験した。
2022年にユースの同期では唯一、翌年のサンフレッチェ広島トップチームへの昇格が内定した。4月15日、第8節の横浜FC戦でリーグ戦初アシストを記録した。


== 人物・プレースタイル ==
スピードに乗ったドリブル突破でチャンスを演出する。左右両足を使い分けてのクロス・カットインからのシュートが武器。


== 所属クラブ ==
佐東南FC（広島市立川内小学校）
サンフレッチェ広島F.Cジュニアユース（広島市立城南中学校）
サンフレッチェ広島F.Cユース（広島県立吉田高等学校）
2021年 - 2022年  サンフレッチェ広島F.C（2種登録選手）
2023年 -  サンフレッチェ広島F.C


== 個人成績 ==

Jリーグ初出場
2023年2月26日 J1第2節 対アルビレックス新潟（Eスタ）


== タイトル ==


=== クラブ ===
サンフレッチェ広島
Jリーグカップ：1回（2025年）


== 代表・選抜歴 ==
2019年　U-15日本代表候補
2021年　U-17日本代表
2022年　U-18日本代表


== 脚注 ==


== 関連項目 ==
広島県出身の人物一覧
サンフレッチェ広島F.Cの選手一覧


== 外部リンク ==
越道草太 (@s.kossy_32) - Instagram 
越道草太 (@S_kossy11) - X（旧Twitter）
越道草太 - Soccerway.com (英語)
越道草太 - FootballDatabase.eu (英語)
越道草太 - WorldFootball.net (英語)
越道草太 - Transfermarkt.comによる選手データ (英語)
越道草太 - J.League Data Siteによる選手データ
越道草太 - playmakerstats.com (英語)",,,
45104,石渡 ネルソン,ISHIWATARI Nelson,b,石渡ネルソン,yes,U15|U16|U18|U19|U20|U23|other,negation_or_candidate_language_present,"2020年 U-15日本代表候補
2021年 U-16日本代表候補
2022年 U-18日本代表
スペイン遠征（11月）
2022年 U-19日本代表候補
2023年 U-20日本代表候補
2025年 U-22日本代表
イングランド遠征（11月）
2026年 U-23日本代表
AFC U23アジアカップ",,,
47656,末永 透瑛,SUENAGA Toa,b,末永透瑛,no,,negation_or_candidate_language_present,"末永 透瑛（すえなが とうあ、2005年10月13日 - ）は、山口県山口市出身のサッカー選手。Jリーグ・レノファ山口FC所属。ポジションはフォワード（FW）。


== 来歴 ==
6歳の頃からサッカーを始め、レノファ山口FC育成組織の前身となるスクールに加入する。そのままレノファの育成組織に入り、2022年にはU-18のプリンスリーグ中国昇格に貢献。同年には2年生ながらトップチームに2種登録された。
2023年8月18日、翌シーズンからのトップチーム昇格と同年の2種登録が発表された。ユースからのトップチーム昇格は伊東稜晟、河野孝汰に続く3人目。
2024年3月13日に行われたJリーグYBCルヴァンカップ1回戦・松本山雅FC戦に途中出場し公式戦デビュー、その試合で得点を決め公式戦初得点となった。この年は高卒1年目ながら、公式戦は24試合1058分出場した。11月12日、J2月間ヤングプレーヤー賞を受賞した。

2024年12月に行なわれたU-19サッカー日本代表候補の国内合宿メンバーに選ばれたが、同合宿メンバーから選考されたAFC U-20アジアカップ2025の代表メンバーには選ばれなかった。


== 所属クラブ ==
レノファ山口FC U-12
レノファ山口FC U-15（野田学園中学校）
レノファ山口FC U-18（野田学園高等学校）
2024年 -  レノファ山口FC


== 個人成績 ==

2022年（背番号46）・2023年（背番号42）は2種登録選手（いずれも公式戦出場機会無し）
公式戦初出場・初得点 - 2024年3月13日 JリーグYBCルヴァンカップ1回戦 vs松本山雅FC（サンプロ アルウィン）
Jリーグ初出場 - 2024年3月17日 J2第4節 vsV・ファーレン長崎（維新みらいふスタジアム）
Jリーグ初得点 - 2024年5月19日 J2第16節 vs藤枝MYFC （維新みらいふスタジアム）


== タイトル ==


=== 個人 ===
J2月間ヤングプレーヤー賞（2024年10月）


== 脚注 ==


== 関連項目 ==
レノファ山口FCの選手一覧


== 外部リンク ==
末永透瑛 (@toasuenaga) - Instagram 
末永透瑛 (@toa10138) - X（旧Twitter）
末永透瑛 - Soccerway.com (英語)
末永透瑛 - WorldFootball.net (英語)
末永透瑛 - Transfermarkt.comによる選手データ (英語)
末永透瑛 - J.League Data Siteによる選手データ
末永透瑛 - playmakerstats.com (英語)",,,
49330,下田 栄祐,SHIMODA Yoshihiro,b,下田栄祐,yes,U15|U16|U17|U18,negation_or_candidate_language_present,"2019年 U-15日本代表候補
2020年 U-16日本代表候補
2021年 U-17日本代表
2022年 U-18日本代表",,,
49648,大迫 塁,OSAKO Rui,b,大迫塁,yes,U15|U16|U17,negation_or_candidate_language_present,"U-15日本代表
欧州遠征（2019年）
AFC U-16選手権・予選（2019年）
スペイン遠征（2019年）
U-16日本代表
トルコ遠征（2020年）
SBSカップ 国際ユースサッカー(2020年）
U-17日本高校選抜（2021年）
U-17日本代表候補（2021年）
日本高校選抜（2022年）",,,
49717,中島 洋太朗,NAKAJIMA Yotaro,b,中島洋太朗,yes,U15|U16|U17|U19|U20,negation_or_candidate_language_present,"中島 洋太朗（なかじま ようたろう、2006年4月22日 - ）は、広島県広島市出身のプロサッカー選手。Jリーグ・サンフレッチェ広島所属。ポジションはミッドフィールダー（MF）。
父は2009年 - 2013年に広島でプレーした元プロサッカー選手の中島浩司。兄の中島永弥もポーランドでプロサッカー選手として活動している。


== 来歴 ==
広島市立牛田新町小学校3年生時にサンフレッチェ広島ジュニアに加入。以降、ジュニアユース・ユースへとステップアップを果たし、世代別日本代表招集やトップチーム練習・キャンプへの参加を経験する。
2023年9月、弱冠17歳4ヶ月にしてサンフレッチェ広島トップチームとのプロ契約を締結した。17歳でのプロ契約締結はクラブ史上最速。2024年はユースで背番号10を着用し中心選手としてプレーする傍ら日々の活動ではトップチームに帯同する機会が増え、J1初出場・初先発を経験し、VfBシュトゥットガルトとの親善試合（Jリーグインターナショナルシリーズ2024）でプロ初ゴールを記録した。


== 人物・プレースタイル ==
父と同じ守備的MFのポジションを主戦場とし、一発のパスで局面を打開するプレーを得意とする。足下の技術、状況判断に優れる。
ファンタジスタと呼ばれるようなプレーが特徴的
24年、早くも海外のクラブ（ ブンデスリーガ のFCケルン）からオファーが届くが、断った。（なお、本人の海外挑戦の意思は強い。）


== 所属クラブ ==
サンフレッチェ広島F.Cジュニア（広島市立牛田新町小学校）
サンフレッチェ広島F.Cジュニアユース（広島市立牛田中学校）
サンフレッチェ広島F.Cユース（広島県立吉田高等学校）
2023年9月 - 2024年  サンフレッチェ広島F.C（プロ契約・2種登録選手）
2025年 -   サンフレッチェ広島F.C


== 個人成績 ==

Jリーグ初出場
2024年3月30日 J1第5節 対ガンバ大阪（Eピース）


== 代表・選抜歴 ==
2020年 U-15日本代表候補
2021年 U-15日本代表候補
2022年 U-16日本代表
2023年 U-17日本代表
2024年 U-19日本代表
2025年 U-20日本代表（AFC U20アジアカップ2025）


== 獲得タイトル ==


=== クラブ ===
サンフレッチェ広島
FUJIFILM SUPER CUP：1回（2025年）
Jリーグカップ：1回（2025年）


=== 個人 ===
Jリーグカップ・ニューヒーロー賞（2025年）


== 脚注 ==


== 関連項目 ==
広島県出身の人物一覧
サンフレッチェ広島F.Cの選手一覧


== 外部リンク ==
中島洋太朗 - Soccerway.com (英語)
中島洋太朗 - WorldFootball.net (英語)
中島洋太朗 - Transfermarkt.comによる選手データ (英語)
中島洋太朗 - J.League Data Siteによる選手データ
中島洋太朗 - playmakerstats.com (英語)",,,
49741,山内 日向汰,YAMAUCHI Hinata,b,山内日向汰,yes,U23|university,negation_or_candidate_language_present,"山内 日向汰（やまうち ひなた、2001年5月30日 - ）は、神奈川県川崎市出身のプロサッカー選手。Jリーグ・柏レイソル所属。ポジションはミッドフィールダー（MF）。


== 来歴 ==


=== プロ入り前 ===
神奈川県川崎市生まれ。3歳時に父の転勤で名古屋市へ転居し、幼稚園時にサッカーを始める。小学校1年時に横浜市へ転居。2年生時に川崎フロンターレのセレクションを受け、約600人の参加者のうち山内と久保建英を含む3人が合格。以降は川崎Fの下部組織に所属するが、トップチーム昇格は叶わず桐蔭横浜大学へ進学。大学では2年時からレギュラーを掴み、関東大学サッカー1部リーグでアシスト王のタイトルを獲得。1・2年生の選手で出場した第5回全日本大学サッカー新人戦では決勝進出するが専修大学に敗れ準優勝。第36回デンソーカップチャレンジサッカー福島大会ではU-20全日本選抜に選出。2022年の3年次には中心選手として活躍し、天皇杯 JFA 第102回全日本サッカー選手権大会2回戦の北海道コンサドーレ札幌戦で2アシストを記録、延長戦までもつれたが3-4で敗戦。12月の第71回全日本大学サッカー選手権では同大学初の全国優勝を果たす。


=== 川崎フロンターレ ===
2023年2月に川崎フロンターレへの加入内定が発表され、同年5月に特別指定選手認定。4月にはU-23日本代表候補へ初選出され、10月に韓国で行われたDENSO CUP SOCCER第22回⼤学⽇韓（韓⽇）定期戦では全日本大学選抜のメンバーとして10番を付け参加し、先制点を決めチームとしても初のアウェイ勝利を挙げた。
2024シーズンから川崎フロンターレへ加入。2024年2月17日、FUJIFILM SUPER CUP 2024のヴィッセル神戸戦にてプロ初先発出場。同年3月30日、FC東京との多摩川クラシコで、82分から出場しJリーグ初出場。その直後の83分、高井幸大のパスから木本恭生を抜かし、同じく途中交代で出場の桐蔭横浜大学の1年先輩・同じ5月30日が誕生日で親友である山田新のゴールをアシストした。
2025年2月15日、第1節の名古屋グランパス戦でプロ初ゴールを決めた。


=== ベガルタ仙台 ===
2025年7月22日、ベガルタ仙台へ期限付き移籍することが発表された。8月31日、第28節アウェイ愛媛FC戦でインサイドハーフとして途中出場し、移籍後初ゴールを決めた。9月27日、移籍後5試合目で初の先発出場となった第31節アウェイ北海道コンサドーレ札幌戦では、プロ入り後初めて直接フリーキックを決めた。


=== 柏レイソル ===
2025年12月29日、ベガルタ仙台への期限付き移籍期間の満了が発表され、2026年1月3日に、柏レイソルへの完全移籍が発表された。


== 所属クラブ ==
アクアジュニアFC兼シルフィード（名古屋市立上社小学校）
横浜バディ（横浜市立南山田小学校）
横浜港北SC
2011年 - 2013年 川崎フロンターレU-12（横浜市立北山田小学校）
2014年 - 2016年 川崎フロンターレU-15（横浜市立東山田中学校）
2017年 - 2019年 川崎フロンターレU-18（神奈川県立新栄高等学校）
2020年 - 2023年 桐蔭横浜大学
2023年5月 - 同年12月  川崎フロンターレ（特別指定選手）
2024年 - 2025年  川崎フロンターレ
2025年7月 - 同年12月  ベガルタ仙台（期限付き移籍）
2026年-  柏レイソル


== 個人成績 ==

2023年は特別指定選手（出場なし）
Jリーグ初出場：2024年3月30日 J1第5節 vs FC東京（Uvanceとどろきスタジアム by Fujitsu）
Jリーグ初得点：2025年2月15日 J1第1節 vs 名古屋グランパス（Uvanceとどろきスタジアム by Fujitsu）


== 代表・選抜歴 ==
2022年 U-20全日本選抜
第36回デンソーカップチャレンジサッカー福島大会
2023年 U-23日本代表候補
2023年 全日本大学選抜
DENSO CUP SOCCER第22回⼤学⽇韓(韓⽇)定期戦


== タイトル ==


=== クラブ ===
桐蔭横浜大学
神奈川県サッカー選手権大会 : 1回 (2022年)
全日本大学サッカー選手権大会 : 1回 (2022年)
川崎フロンターレ
FUJIFILM SUPER CUP : 1回 (2024年)


=== 個人 ===
2021年 関東大学サッカーリーグ1部 アシスト王


== 脚注 ==


== 関連項目 ==
神奈川県出身の人物一覧
桐蔭横浜大学サッカー部#主な出身選手
特別指定選手としてJリーグクラブに登録された選手一覧
川崎フロンターレの選手一覧
ベガルタ仙台の選手一覧
柏レイソルの選手一覧


== 外部リンク ==
山内日向汰 (@hinata_yamauchi_26) - Instagram 
山内日向汰 (@yamauchi_hinata) - X（旧Twitter）
川崎フロンターレによる公式プロフィール
山内日向汰 - Soccerway.com (英語)
山内日向汰 - FootballDatabase.eu (英語)
山内日向汰 - WorldFootball.net (英語)
山内日向汰 - Transfermarkt.comによる選手データ (英語)
山内日向汰 - J.League Data Siteによる選手データ
山内日向汰 - playmakerstats.com (英語)",,,
49755,川合 徳孟,KAWAI Tokumo,b,川合徳孟,yes,U15|U16|U17|U23|other,negation_or_candidate_language_present,"2022年 U-15日本代表候補
2022年 U-16日本代表
2023年 U-17日本代表
2025年 U-22日本代表
Mirabror Usmanov Memorial Cup
2026年 U-23日本代表
AFC U23アジアカップ",,,
49782,横山 夢樹,YOKOYAMA Yumeki,b,横山夢樹,yes,U18|U23|other,negation_or_candidate_language_present,"2023年 - U-18日本代表候補
2025年 - U-22日本代表
2026年 - U-23日本代表",,,
50490,モヨ マルコム強志,MOYO Malcolmtsuyoshi,b,モヨマルコム強志,unclear,U19|U20,negation_or_candidate_language_present,"2020年 U-19日本代表候補
2021年 U-20日本代表候補",,,
54760,坂岸 寛大,SAKAGISHI Kanta,b,坂岸寛大,yes,other|university,negation_or_candidate_language_present,"坂岸 寛大（さかぎし かんた、2002年1月18日 - ）は、神奈川県出身のプロサッカー選手。Jリーグ・高知ユナイテッドSC所属。ポジションはミッドフィールダー。


== 経歴 ==
新潟医療福祉大学から2024年にJ2のいわきFCに加入した。
横浜創英高校時代の2018年には神奈川県選抜。
2023年全日本大学選抜、U-22日本代表候補。
2026年、高知ユナイテッドSCに期限付き移籍。


== 所属クラブ ==
FCムサシ
さぎぬまSC
大豆戸FC
横浜創英高等学校
新潟医療福祉大学
2024年 -  いわきFC
2026年 -  高知ユナイテッドSC（期限付き移籍）


== 個人成績 ==

出場歴
Jリーグ初出場 - 2024年3月3日 J2第2節 ファジアーノ岡山戦 (ハワイアンズスタジアムいわき)


== 代表・選抜歴 ==
2018年　神奈川県選抜
2023年 - U-22日本代表,全日本大学選抜


== 出典 ==


== 関連項目 ==
いわきFCの選手一覧
高知ユナイテッドSCの選手一覧


== 外部リンク ==
坂岸寛大 (@kanta_sakagishi) - X（旧Twitter）
坂岸寛大 (@kanta_sakagishi) - Instagram
坂岸寛大 - Soccerway.com (英語)
坂岸寛大 - WorldFootball.net (英語)
坂岸寛大 - Transfermarkt.comによる選手データ (英語)
坂岸寛大 - J.League Data Siteによる選手データ
坂岸寛大 - playmakerstats.com (英語)",,,
5877,森 勇介,Yusuke MORI,b,森勇介,no,,negation_or_candidate_language_present,2007年 日本代表候補,,,
5923,高松 大樹,Daiki TAKAMATSU,b,高松大樹,yes,A|U23|other,negation_or_candidate_language_present,"

U-22日本代表
2003年
U-23日本代表
2004年 アテネオリンピックアジア最終予選、キリンチャレンジカップ2004、アテネオリンピック
日本代表
2006年 AFCアジアカップ2007 (予選)
2007年 キリンチャレンジカップ2007
日本代表候補
2008年

国際Aマッチ 2試合 0得点 (2006年 - 2007年)

",,,
6028,水谷 雄一,Yuichi MIZUTANI,b,水谷雄一,unclear,U23,negation_or_candidate_language_present,"1998年 日本高校選抜
2000年 U-23日本代表候補",,,
61767,川上 航立,KAWAKAMI Kotatsu,b,川上航立,yes,university,negation_or_candidate_language_present,"川上 航立（かわかみ こうたつ、2002年9月7日 - ）は、大阪府出身のプロサッカー選手。Jリーグ・水戸ホーリーホック所属。ポジションはミッドフィールダー(MF)。


== 来歴 ==
帝京長岡高校在学中の2021年に日本高校サッカー選抜に選出、その後立正大学へ進学。同年にU-20全日本大学選抜候補にも選ばれた。2024年には全日本大学選抜に選ばれた。
大学在籍中の2024年7月に、2025年から水戸ホーリーホックへの加入が内定した。
2025年7月7日、松本山雅FCへ育成型期限付き移籍。
2026年1月3日、水戸への復帰が発表された。


== 所属クラブ ==
セレッソ大阪U-12
ガンバ大阪門真Jrユース
2018年 - 2020年 帝京長岡高等学校
2021年 - 2024年 立正大学
2025年 -  水戸ホーリーホック
2025年7月 - 2025年12月  松本山雅FC（育成型期限付き移籍）


== 個人成績 ==

出場歴
Jリーグ初出場 - 2025年2月15日 J2第1節 ジュビロ磐田戦 (ヤマハスタジアム)


== 出典 ==


== 関連項目 ==
水戸ホーリーホックの選手一覧
松本山雅FCの選手一覧


== 外部リンク ==
川上航立 - Soccerway.com (英語)
川上航立 - FootballDatabase.eu (英語)
川上航立 - Transfermarkt.comによる選手データ (英語)
川上航立 - J.League Data Siteによる選手データ",,,
6381,中澤 聡太,Sota NAKAZAWA,b,中澤聡太,yes,U15|U19|U20|other,negation_or_candidate_language_present,"U-14日本代表
U-15日本代表
U-19日本代表
2000年 - アジアユース選手権
U-20日本代表
2001年 - FIFAワールドユース選手権
U-22日本代表候補",,,
7357,大山 俊輔,Shunsuke OYAMA,b,大山俊輔,yes,U15|U16|U17|U18,negation_or_candidate_language_present,"2001年 U-15日本代表候補
2002年 U-16日本代表候補
2003年 U-17日本代表
2004年 U-18日本代表",,,
8498,兼田 亜季重,Akishige KANEDA,b,兼田亜季重,unclear,U16|U18,negation_or_candidate_language_present,"U-16日本代表候補 (2005年)
U-18日本代表候補 (2007年)",,,
8776,比嘉 厚平,Kohei HIGA,b,比嘉厚平,yes,U15|U16|U17|U18,negation_or_candidate_language_present,"2005年 U-15日本代表
2006年 U-16日本代表 (AFC U-17選手権2006 4試合出場 0得点)
2007年 U-17日本代表候補
2007年 U-18日本代表",,,
9571,原口 元気,Genki HARAGUCHI,b,原口元気,no,,negation_or_candidate_language_present,"2011年10月7日、キリンチャレンジカップ・ベトナム戦で日本代表初出場。
しかし、2012年ロンドンオリンピック大会メンバーからは落選した。
2015年6月、約2年ぶりに日本代表に招集され、6月11日に行われたイラク戦で日本代表初ゴールを決めた。
2016年3月29日、W杯2次予選のシリア戦ではボランチで起用されて1得点を決めて結果を出した。W杯最終予選ではタイ戦、イラク戦、オーストラリア戦、サウジアラビア戦で連続ゴールを決め、三浦知良や呂比須ワグナーの記録を塗り替えるW杯最終予選としては史上初となる4試合連続得点を記録した。
2018年6月、ロシアワールドカップメンバーに選出。右サイドハーフのレギュラーとして攻守にわたり、豊富な運動量 でチームのベスト16進出に貢献。決勝トーナメント1回戦のベルギー戦では、先制点となる自身W杯初ゴールを挙げた。この得点により日本人で初めて決勝トーナメントで得点を挙げた選手となった。11月20日、キリンチャレンジカップ・キルギス戦で直接FKを決め勝利に貢献した。
2019年11月14日、W杯2次予選のキルギス戦で直接FKを決め勝利に貢献した。
以降コンスタントに出場機会を得ていたものの、目立った結果を中々出せず、熾烈なレギュラー争いから出場機会も限られるようになり、2022年11月、カタールワールドカップに向けた日本代表メンバー発表では、大迫勇也と共に落選となった。",,,
9723,橋本 真人,Masato HASHIMOTO,b,橋本真人,unclear,U18,negation_or_candidate_language_present,"橋本 真人（はしもと まさと、1989年10月12日 - ）は、千葉県市川市出身のサッカー選手。ポジションはディフェンダー（センターバック）。


== 来歴 ==
市立船橋高校では主将を務め、2007年の全国高校総体で優勝し、U-18日本代表候補にも選ばれた。2008年より浦和レッドダイヤモンズに入団。高校の同級生には加藤弘堅、山田拓巳、上福元直人がいる。
浦和では2009年のヤマザキナビスコカップに2試合にベンチ入りしたのみに留まり、出場機会が無く2010年に栃木SCへ期限付き移籍。栃木SCでもリーグ戦2試合にベンチ入りしたのみで出場機会が無く、2010年11月30日に本所属先の浦和から契約満了に伴い、退団することが発表された。
2011年よりV・ファーレン長崎に完全移籍したが、シーズン終了をもって来期の契約を更新しないことが発表された。
2012年にSC相模原に移籍したが2013年に契約満了となり相模原を退団。
2014年よりグルージャ盛岡に移籍。2016年よりサウルコス福井に入団した。2019年に福井ユナイテッドFCに加入。2022年に福井ユナイテッドFCを退団した。


== 所属クラブ ==
新浦安グランノバ
塩焼FC
市川FC
ジェフユナイテッド市原ジュニアユース
2005年 - 2007年 船橋市立船橋高等学校
2008年 - 2010年 浦和レッドダイヤモンズ
2010年 栃木SC (期限付き移籍)
2011年 V・ファーレン長崎
2012年 - 2013年 SC相模原
2014年 - 2015年 グルージャ盛岡
2016年 - 2018年 サウルコス福井
2019年 - 2022年 福井ユナイテッドFC


== 個人成績 ==

Jリーグ初出場 - 2014年3月9日 J3第1節 ガイナーレ鳥取戦 (とりスタ)


== 脚注 ==
  


== 関連項目 ==
ジェフユナイテッド市原・千葉の選手一覧#アカデミー出身者
浦和レッドダイヤモンズの選手一覧
栃木SCの選手一覧
V・ファーレン長崎の選手一覧
SC相模原の選手一覧
いわてグルージャ盛岡の選手一覧


== 外部リンク ==
橋本真人 - Soccerway.com (英語)
橋本真人 - FootballDatabase.eu (英語)
橋本真人 - WorldFootball.net (英語)
橋本真人 - Transfermarkt.comによる選手データ (英語)
橋本真人 - J.League Data Siteによる選手データ",,,
10847,碓井 健平,Kempei USUI,c,碓井健平,yes,U18|university,negation_or_candidate_language_present,"2004年 U-18日本代表候補
2004年 静岡県選抜 (国体)
2005年 静岡県選抜 (国体)
2009年 関東大学選抜",,,
11130,黄 大城,HWANG Te Song,c,黄大城,yes,U20|university,negation_or_candidate_language_present,"U-20サッカー大韓民国代表候補 (2009)
関東大学選抜A (2010、2011)",,,
11218,三浦 雄也,Yuya MIURA,c,三浦雄也,yes,U17|U18,negation_or_candidate_language_present,"U-17日本代表
U-18日本代表候補",,,
11224,梅村 晴貴,Haruki UMEMURA,c,梅村晴貴,unclear,U18,negation_or_candidate_language_present,"梅村 晴貴（うめむら はるき、1995年5月14日 - ）は、静岡県出身の元プロサッカー選手、曹洞宗の僧侶（林入寺副住職）。ポジションはMF。現役引退してチームスタッフを退職後に禅寺に婿入りする。
現在の姓は五藤（ごとう）だが、本文中の表記は原則「梅村」にて統一する。


== 来歴 ==
6歳でサッカーを始め、ジュビロ磐田U-15に加入。2011年にU-18に昇格し、2013年には背番号10を背負った。
2014年、カターレ富山に加入、7月にJリーグ・アンダー22選抜に追加登録され、J3公式戦に2試合出場。10月に右反復性肩関節脱臼および肩関節唇損傷の手術（全治6ヶ月）を行った。
2015年7月、JFLのFCマルヤス岡崎へ期限付き移籍。
2016年1月、富山へ復帰。7月25日に行われたツエーゲン金沢との練習試合中に負傷し、左膝前十字靭帯損傷と診断され手術を行った。
2018年、FCマルヤス岡崎へ移籍。シーズン初先発した6月2日のJFL第11節テゲバジャーロ宮崎戦で2ゴールを決めるなど活躍したが、シーズン終了後、現役を引退した。「怪我などが多く、歯痒い年が多くなってしまいましたが、プロサッカー選手という世界の厳しさを感じることができました。しかし今年一年間怪我なくプレーできたことが本当に嬉しかったです。これからも長い長い人生になりますが、またどこかで梅村晴貴という名前を皆様に聞いていただけるような人生を目指し、頑張っていきます。」とコメントした。
引退後はFCマルヤス岡崎のスタッフに就任し、2020年に退職した。


=== 曹洞宗の僧侶へ ===
2020年12月6日に自身のTwitterで入籍を報告したのを最後に音沙汰がなかったが、2023年4月24日に約2年半ぶりとなるツイートで僧侶への異例の転職を報告した。
妻は静岡県島田市にある曹洞宗「林入寺」の住職の娘で、住職から「寺を継いでほしい」と懇願され婿入りした。
僧侶となる以前は、仏教に関する知識は無かったが、単身、曹洞宗大本山永平寺（福井県）にて修行体験に臨む。その際、一度は「僧侶になるのは絶対に無理」と考えるが、やがて仏門に入る事を決意。
曹洞宗大本山總持寺（横浜市鶴見区）での2年間の修行生活を経て住職任命の資格を得た。2025年現在は、副住職として住職を補佐し、葬儀や法要の手伝いに当たっている。


== 所属クラブ ==
ユース経歴
城北SSS
2008年 - 2010年 ジュビロ磐田U-15
2011年 - 2013年 ジュビロ磐田U-18
2012年 ジュビロ磐田（2種登録選手）
プロ経歴
2014年 - 2017年　カターレ富山
2014年7月 - 同年12月 Jリーグ・アンダー22選抜
2015年7月 - 2016年1月 FCマルヤス岡崎（期限付き移籍）
2018年 FCマルヤス岡崎


== 個人成績 ==

2012年は2種登録
その他の公式戦

公式戦初出場 - 2014年7月13日 天皇杯 2回戦 対横浜FC戦（ニッパ球）70分より
Jリーグ初出場（J-22）- 2014年7月27日 J3 第19節 対FC町田ゼルビア戦（町田）80分より


== 代表・選抜歴 ==
2013年 U-18日本代表候補
2013年 SBSカップ 国際ユースサッカー 静岡ユース選抜


== インタビュー ==
「結婚前、妻の父から「寺を継いでもらえないか？」元Jリーガー僧侶・五藤晴貴が“午前3時起床”修行で得た悟り「座禅の時、サッカーを…」」【NumberWEB】2024年02月25日付[1]
「“天才”と呼ばれた元10番はなぜ23歳で引退し、僧侶へと異色の転身をしたのか「１日だけさぼってしまって…」」【サッカーダイジェスト】2025年05月03日付[2]
「元Jリーガーが僧侶に!? 異色のキャリアを通じて伝えたいこと」【パラサポWEB】2025年09月29日付[3]


== 脚注 ==


== 関連項目 ==
ジュビロ磐田の選手一覧#アカデミー出身者
カターレ富山の選手一覧
2014年のJリーグ・アンダー22選抜
マルヤス工業フットボールクラブの選手一覧


== 外部リンク ==
梅村晴貴 - Soccerway.com (英語)
梅村晴貴 - FootballDatabase.eu (英語)
梅村晴貴 - Transfermarkt.comによる選手データ (英語)
梅村晴貴 - J.League Data Siteによる選手データ
梅村晴貴 (@hj14h2) - X（旧Twitter）
梅村晴貴 (@ume_haruki) - Instagram
曹洞宗 林入寺",,,
11304,二瓶 翼,Tsubasa NIHEI,c,二瓶翼,yes,U15|U18,negation_or_candidate_language_present,"二瓶 翼（にへい つばさ、1994年9月10日 - ）は、千葉県千葉市出身 のサッカー選手。ポジションはミッドフィールダー（MF）。


== 来歴 ==
5歳の時にサッカーを始め2007年よりFC東京U-15深川に加入。2008年、同期の野澤英之と共に2年生ながら主力として同年の高円宮杯の優勝に貢献。2009年には中学生ながらFC東京U-18の試合に出場した。2010年よりU-18へ昇格。得意のドリブルを磨いて3年時には背番号10を背負い、チームの顔となった。同期には野澤、天野将平など。
2013年、Jリーグ・水戸ホーリーホックへ入団。春先から好調をキープし J2第11節横浜FC戦で初出場の機会を得ると、鋭いドリブル突破からチャンスを作り、監督の柱谷哲二から高評価を得た。2014年7月、Jリーグ・アンダー22選抜に選手登録された。同年シーズン終了後、契約満了により水戸を退団。
2015年、VONDS市原へ完全移籍。市原ではアマチュア契約を結び、看護助手と併行してプレー。攻撃の中心として奮戦し、得意のミドルシュートで相手ゴールを脅かした。2016年にはリーグ得点王及びベストイレブン選出。
2021年、ブリオベッカ浦安へ完全移籍
2024年、契約満了が発表された。
2025年、埼玉県社会人サッカーリーグ2部に所属するFCプエンテットから2026年シーズンから加入すると発表があった。


== 所属クラブ ==
JSC CHIBA
2007年 - 2009年 FC東京U-15深川
2010年 - 2012年 FC東京U-18 (東京都立砂川高等学校)
2013年 - 2014年  水戸ホーリーホック
2014年7月 - 同年12月  Jリーグ・アンダー22選抜
2015年 - 2020年  VONDS市原
2021年 - 2024年  ブリオベッカ浦安
2026年 -   FCプエンテット


== 個人成績 ==

出場歴
Jリーグ初出場 - 2013年4月28日 J2第11節 vs横浜FC（ケーズデンキスタジアム水戸）


== 代表・選抜歴 ==
U-15日本代表候補
U-18日本代表
2012年 - TIPOSスロバキアカップ (6位)
千葉県選抜
2015年 - 第70回国民体育大会サッカー競技：2試合1得点 (ベスト8)
2016年 - 第71回国民体育大会サッカー競技：4試合0得点 (3位)


== タイトル ==


=== クラブ ===
FC東京U-15深川
高円宮杯全日本ユースサッカー選手権 (U-15)大会 (2008年)
FC東京U-18
高円宮杯U-18サッカーリーグ プリンスリーグ関東 (2010年)
VONDS市原
千葉県サッカー選手権大会 (2016年)
KSL市原カップ (2016年)


=== 個人 ===
関東サッカーリーグ1部 得点王 (2016年)
関東サッカーリーグ1部 ベストイレブン (2016年)


== 脚注 ==


== 関連項目 ==
千葉県出身の人物一覧
FC東京の下部組織#出身選手
水戸ホーリーホックの選手一覧
VONDS市原の選手一覧
ブリオベッカ浦安の選手一覧


== 外部リンク ==
二瓶翼 - Soccerway.com (英語)
二瓶翼 - FootballDatabase.eu (英語)
二瓶翼 - Transfermarkt.comによる選手データ (英語)
二瓶翼 - J.League Data Siteによる選手データ
二瓶翼 (tsubasa.nihei) - Facebook
二瓶翼 - Facebook
二瓶翼 (@nihetsuba) - X（旧Twitter）
プロフィール - 水戸ホーリーホック
選手・スタッフ - VONDS市原",,,
12073,砂川 太志,Taishi SUNAGAWA,c,砂川太志,yes,U16|U17,negation_or_candidate_language_present,"U-16日本代表候補
U-17日本代表",,,
1208,佐藤 由紀彦,Yukihiko SATO,c,佐藤由紀彦,yes,U19,negation_or_candidate_language_present,"1994年 U-19日本代表 - AFCユース選手権
2001年 日本代表候補",,,
15741,坂元 大希,Daiki SAKAMOTO,c,坂元大希,unclear,U16,negation_or_candidate_language_present,"2012年熊本国体選抜
U-16日本代表候補
第70回(2015年) 国体熊本成年男子メンバー",,,
15888,熊川 翔,Kakeru KUMAGAWA,c,熊川翔,unclear,U17,negation_or_candidate_language_present,"熊川 翔（くまがわ かける、1997年4月2日 - ）は、埼玉県出身の元サッカー選手。現役時代のポジションはミッドフィールダー。


== 来歴 ==
柏レイソルのアカデミー出身。柏アカデミー時代は右サイドバックでプレーしていた。U-17日本代表候補にも選出されたほか、2015年にはトップチームの選手として2種登録された。
その後、2016年に流通経済大学サッカー部に入るが、1年後の2017年8月18日、いわきFCに加入。
2019年12月25日、横浜FCに完全移籍。2020年7月18日、J1第5節のホーム・川崎フロンターレ戦でJリーグデビュー。
2021年、Y.S.C.C.横浜へ期限付き移籍。シーズン終了後、横浜FC・YS横浜双方から退団が発表された。
2022年より北海道サッカーリーグのBTOPサンクくりやま（現BTOP北海道）に移籍。
2023年、南葛SCへ完全移籍。
2024年12月29日、現役引退を発表。


== 所属クラブ ==
大増サンライズ
2007年 - 2009年  柏レイソルU-12
2010年 - 2012年  柏レイソルU-15
2013年 - 2015年  柏レイソルU-18
2016年 - 2017年 流通経済大学サッカー部
2017年8月 - 2019年  いわきFC
2020年 - 2021年  横浜FC
2021年  Y.S.C.C.横浜（期限付き移籍）
2022年  BTOPサンクくりやま
2023年 - 2024年  南葛SC


== 個人成績 ==

その他公式戦
全国社会人サッカー選手権大会　18試合1得点
全国地域サッカーチャンピオンズリーグ　3試合0得点


== 脚注 ==


== 関連項目 ==
埼玉県出身の人物一覧
流通経済大学の人物一覧
いわきFCの選手一覧
横浜FCの選手一覧
横浜スポーツ&カルチャークラブの選手一覧
南葛SCの選手一覧


== 外部リンク ==
熊川翔 (@k2akeru0402) - X（旧Twitter）
熊川翔 (@k_kuma02) - Instagram
熊川翔 - Soccerway.com (英語)
熊川翔 - FootballDatabase.eu (英語)
熊川翔 - WorldFootball.net (英語)
熊川翔 - Transfermarkt.comによる選手データ (英語)
熊川翔 - J.League Data Siteによる選手データ
熊川翔 - playmakerstats.com (英語)",,,
15924,田中 勘太,TANAKA Kanta,c,田中勘太,unclear,U15,negation_or_candidate_language_present,U-15日本代表候補,,,
19401,東野 広太郎,Kotaro HIGASHINO,c,東野広太郎,yes,U15|university,negation_or_candidate_language_present,"東野 広太郎（ひがしの こうたろう、1998年6月10日 - ）は、石川県出身の元サッカー選手。ポジションはディフェンダー。


== 来歴 ==
サンフレッチェ広島F.Cのアカデミーで育成されたが、トップチームには昇格できず立命館大学に進学（同期に延祐太、藤井智也、田中康介）。2017年9月にはU-19全日本大学選抜WESTの一員としてアジア大学サッカートーナメントに参加した。
2020年12月11日、2021年シーズンからのロアッソ熊本加入内定が発表された。2021年5月2日、J3第7節のFC岐阜戦でJリーグデビューを果たした。
2022年7月、FCティアモ枚方へ期限付き移籍。2022年10月26日にロアッソ熊本との契約が2022年を以て満了となることが発表された。同年11月28日、カンセキスタジアムとちぎで行われたJリーグ合同トライアウトに出場した。12月12日に枚方との契約が満了となった。
2022年12月23日、ジェイリースFCへ完全移籍することが発表された。
2023年末で現役引退。
引退後はサンフレッチェ広島のアカデミーコーチに就任。


== 所属クラブ ==
FC笠間
エスポワール白山FC
サンフレッチェ広島F.Cユース
立命館大学
2021年 - 2022年  ロアッソ熊本
2022年7月 - 12月  FCティアモ枚方（期限付き移籍）
2023年  ジェイリースFC


== 個人成績 ==


== 選抜歴 ==
2013年 U-15日本代表候補
2017年 U-19全日本大学選抜WEST


== 脚注 ==


== 関連項目 ==
石川県出身の人物一覧
サンフレッチェ広島F.Cの育成組織#出身者
立命館大学体育会サッカー部#主な出身者
ロアッソ熊本の選手一覧


== 外部リンク ==
東野広太郎 - Soccerway.com (英語)
東野広太郎 - WorldFootball.net (英語)
東野広太郎 - Transfermarkt.comによる選手データ (英語)
東野広太郎 - J.League Data Siteによる選手データ",,,
2537,新井場 徹,Toru ARAIBA,c,新井場徹,yes,U17|U20,negation_or_candidate_language_present,"U-17日本代表
1995年 U-17世界選手権
U-20日本代表
日本代表候補",,,
29298,寺前 光太,Kota TERAMAE,c,寺前光太,unclear,university,negation_or_candidate_language_present,"寺前 光太（てらまえ こうた、1995年7月9日 - ）は、奈良県大和高田市出身の元プロサッカー選手。ポジションは、ディフェンダー（DF）。


== 来歴 ==
横浜F・マリノスのアカデミー出身。同期には小泉慶や汰木康也が所属。
日大藤沢高校では主将を務めた。
神奈川大学では2年次から出場し全試合に出場。関東大学選抜B、全日本大学選抜候補に選出される。4年次には主将を務め、チームの関東大会三位に貢献した。
2018年より、福島ユナイテッドFCへ加入。
2019年12月、現役引退が発表された。


== 所属クラブ ==
ユース経歴
ゆたかFC
横浜F・マリノスプライマリー（横浜市立瀬谷小学校）
横浜F・マリノスジュニアユースみなとみらい（東海大学付属相模中等部）
日本大学藤沢高等学校
神奈川大学
プロ経歴
2018年 - 2019年  福島ユナイテッドFC


== 個人成績 ==


== 脚注 ==


== 関連項目 ==
奈良県出身の人物一覧
横浜F・マリノスの選手一覧#育成組織出身選手
神奈川大学の人物一覧
福島ユナイテッドFCの選手一覧


== 外部リンク ==
寺前光太 - Soccerway.com (英語)
寺前光太 - Transfermarkt.comによる選手データ (英語)
寺前光太 - J.League Data Siteによる選手データ
寺前光太 (100006427836583) - Facebook
寺前光太 (@kota070914) - X（旧Twitter）
寺前光太 (@kotateramae) - Instagram",,,
29579,中川 裕仁,Hiroto NAKAGAWA,c,中川裕仁,unclear,U15,negation_or_candidate_language_present,U-15日本代表候補,,,
31504,瀬戸 貴幸,Takayuki SETO,c,瀬戸貴幸,no,,negation_or_candidate_language_present,"瀬戸 貴幸（せと たかゆき、1986年2月5日 - ）は、愛知県名古屋市出身のサッカー選手。ルーマニア1部・FCアルジェシュ・ピテシュティ所属。ポジションは、ミッドフィールダー。


== 経歴 ==


=== プロ入り前 ===
小学校時代は名古屋FCでプレーし、全国3位になった。愛知県立熱田高等学校卒業後、アルバイトをしながら旅費を貯め、2004年から2005年にかけてブラジルにサッカー留学し、SCコリンチャンス・パウリスタやアヴァイFCなどのクラブの練習に参加した。コリンチャンスのトップチームの練習に参加したときにカルロス・テベスやジョーと一緒にプレーした。日本帰国後は地域リーグやフットサルのクラブでプレーを続けた。


=== アストラ・ジュルジュ時代 ===
2007-08シーズンに当時ルーマニア3部所属のFCプロイェシュティにテストを経て入団した。チームの中心選手としてリーガ3優勝（セリア3）、リーガ2昇格に貢献した。2008-09シーズンも2部のシーズンベストイレブンに選出されるなど主力として活躍してリーガ2を2位（セリア1）で終え、リーガ1昇格を果たした。2009年8月2日のCSパンドゥリイ・トゥルグ・ジウ戦でリーガ1に初出場、同年12月1日のFCオツェルル・ガラツィ戦で初得点を記録した。
2010年夏、ヴァルテル・ゼンガ監督のアル・ナスルから2年2億円のオファーが届いたが、アストラに残留した。2010-11シーズンはシーズン途中から最終戦までキャプテンを務めた。
2011年、コパ・アメリカ2011に海外のクラブに所属する選手のみで出場する案が出たときに日本代表候補になった。2011-12シーズンは開幕戦スタメン落ちや試合展開によっては前半のみで交代させられるなどキャプテンではなくなっていたが、シーズン中盤以降はキャプテンを任されることが多くなっていた（シーズン序盤も試合によってはキャプテンを任されることもあり、また試合によってキャプテンが頻繁に変わるチーム状況でもあった）。2012年3月にミルチェア・レドニクが監督に就任すると、チーム内投票でキャプテンに選出され、シーズン終了までキャプテンを務めた。同年5月20日、2011-12シーズン最終節のFCディナモ・ブカレスト戦で外国籍選手として25人目となるリーガ1通算100試合出場を達成した。
2012-13シーズンはリーガ1で過去最高となる7得点を記録し、当時のクラブ史上最高順位だった4位に貢献した。ルーマニア紙プロ・スポルトが発表したシーズンベストイレブンで守備的ミッドフィールダー部門の第3位に選出された。


==== 2013-14シーズン ====
2013年7月4日、スロベニアのNKドムジャレ戦でUEFAヨーロッパリーグに初出場。同年9月23日、第8節のFCチェアラゥル・ピアトラ・ネアムツ戦で下部リーグを含むルーマニアリーグ通算200試合出場を達成した（第2節のFCステアウア・ブカレスト戦が延期されたため、第8節は7試合目だった）。同年夏、セバスティアン・ラザロニ監督のカタールSCから3年2億円のオファーが届いたが、移籍を拒否した。この件により、10月以降にスタメンを外されることが増えた。同年冬にはアストラ・ジュルジュのオーナーであるヨアン・ニクラエ氏がチームを離れる可能性があることを示唆したが、残留した。
同年10月、日本代表がセルビア戦、ベラルーシ戦を行うためにヨーロッパ遠征をした際に、ザック・ジャパンのスタッフが瀬戸を視察した。
2013-14シーズンのアストラはクパ・ロムニエイで初優勝し、在籍7シーズン目で初の主要タイトルを獲得した。


==== 2014-15シーズン ====
2014年7月11日、スーペルクパ・ロムニエイに先発フル出場し、PK戦の2番手を務めた。アストラはFCステアウア・ブカレストに勝利し、2個目の主要タイトルを獲得した。
同年夏、2013-14シーズン後半にセリエAのACキエーヴォ・ヴェローナからアストラへ期限付き移籍していたパウル・パップの移籍期間を延長する代わりに瀬戸がキエーヴォ・ヴェローナへ移籍する話があったが、パップがイタリアでの挑戦を選択したため、実現しなかった（最終的にパップは2014-15シーズンはステアウア・ブカレストへ期限付き移籍）。同年10月、今夏にJリーグのクラブからオファーが届いていたと報道された。
同年10月2日、UEFAヨーロッパリーグ 2014-15 グループリーグの第2節レッドブル・ザルツブルク戦でUEFAヨーロッパリーグ本大会初出場を果たし、前半15分にガブリエル・エナケのアシストで初得点を記録した（予選を含めると11試合目）。ザルツブルク戦前日にはダニエル・イザイラ監督と共に公式記者会見に出席した。アストラが本大会初勝利を記録した第5節のGNKディナモ・ザグレブ戦でサダト・ブカリの決勝ゴールをアシストした。2015年3月1日、第19節のFCブラショヴ戦に先発出場し、リーガ1通算出場試合数を外国人選手歴代単独2位となる175試合に伸ばした。


==== 2015-16シーズン ====
2015年7月30日、UEFAヨーロッパリーグ 2015-16の予選3回戦ウェストハム・ユナイテッド戦の82分にオグボンナの同点オウンゴールを誘発するゴール前へのパスを出し、アウェーゲームの引き分けに貢献した。アストラは2戦合計4-3で勝利した。
瀬戸は2007年7月1日からアストラに8年以上在籍した。2015-16シーズンはアストラで9シーズン目であり、日本人プロサッカー選手として国外の一つのクラブに最も長い期間在籍した。（2018年現在も未だに破られていない）


=== オスマンルスポル時代 ===
2015年8月13日、トルコ1部のオスマンルスポルへ移籍した。契約期間は3年間。同年8月16日、2015-16シーズン開幕戦のカイセリスポル戦でスュペル・リグ初出場を果たした。


=== アストラ・ジュルジュ（第2次）時代 ===
2016年1月、2015-16シーズン終了までの期限付き移籍でアストラ・ジュルジュに復帰した。
同年4月9日のFCヴィトルル戦でリーガ1通算出場試合数が外国人選手ではリカルド・マヌエル・フェレイラ・ソウザの202試合に次いで2人目となる200試合の大台に到達した。
2015-16シーズンは2016年5月1日に開催された試合でステアウア・ブカレストとパンドゥリイ・トゥルグ・ジウが引き分けに終わったことにより、試合のなかったアストラがリーガ1初優勝を飾った。優勝翌日の5月2日に開催されたディナモ・ブカレスト戦で203試合目の出場を果たし、リーガ1における外国人選手の歴代最多出場記録を更新した。
2016-17シーズンも引き続きアストラに期限付き移籍した。同シーズンはUEFAチャンピオンズリーグ 2016-17予選3回戦に出場し、デンマークのコペンハーゲンと対戦したが、2試合合計スコア1-4で敗退した。UEFAヨーロッパリーグ 2016-17ではグループステージで首位通過のローマに次ぐ2位になり、クラブ史上初の決勝トーナメント進出を果たした。決勝トーナメント1回戦でベルギーのヘンクと対戦し、瀬戸は第1戦にUEL通算2得点目を記録したが、アストラは2試合合計スコア2-3で敗退した。
2017年8月、オスマンルスポルと契約解除し、8月27日に1年契約でアストラ・ジュルジュに加入した。


=== ヴァンフォーレ甲府時代 ===
2018年8月16日、J2リーグのヴァンフォーレ甲府へ加入すると発表された。同年9月5日に行われたルヴァンカップ準々決勝第1戦の柏レイソル戦で日本プロサッカーリーグ（Jリーグ）公式戦デビューを飾り、9月15日に行われたJ2リーグ第33節のモンテディオ山形戦でリーグ戦に初出場した。11月22日、契約満了に伴い、来季の契約を結ばないことが発表された。甲府での出場歴はリーグ戦1試合、ルヴァンカップ2試合。


=== RFS時代 ===
2019年1月にラトビア1部・ヴィルスリーガのRFSに加入した。RFSは2019年シーズンにラトビヤス・カウスで初優勝を飾り、クラブ史上初のタイトルを獲得した。


=== アストラ・ジュルジュ（第3次）時代 ===
2020年1月16日にアストラ・ジュルジュと契約したことが発表された。
2020-21シーズンのアストラ・ジュルジュはリーガ1で下から2番目の15位に終わり、2008-09シーズン以来となるリーガ2に自動降格した。瀬戸は2020年9月26日に行われたヴィトルル・コンスタンツァ戦までに4試合に出場した。9月29日にルーマニア紙のガゼタ・スポルトゥリロルはアストラ・ジュルジュに所属するケヒンデ・ファタイ、瀬戸、アレクサンドル・ヨニツァの3選手がブカレストの診療所でビタミンを静脈内注入されている写真を公表した。世界アンチ・ドーピング機関 (WADA) の規制で禁止されている物質ではないが、WADAが禁止している12時間当たり100mLを超える静脈内注入をされたとして、国立アンチ・ドーピング機関 (ANAD) により、3選手には一時的な出場停止処分が下された。2021年4月にANADは3選手への処分を発表し、2020年9月30日からの一時出場停止期間を含めて、瀬戸に8か月間の出場停止処分、アレクサンドル・ヨニツァとケヒンデ・ファタイに1年間の出場停止処分が下された。2020-21シーズンでアストラ・ジュルジュとの契約は終了し退団した。


=== ペトロルル・プロイェシュティ時代 ===
2021年7月29日にリーガ2のペトロルル・プロイェシュティと2021-22シーズン終了までの契約を締結したことが発表された。背番号は11。7月31日に開幕した2021-22シーズンのリーガ2第1節のポリテフニカ・ヤシ戦の62分に途中出場を果たし、チームも2-0で勝利した。
2021-22シーズンは26試合に出場し、1得点を記録した。2022年5月5日に行われた昇格プレーオフ第8節のヘルマンシュタット戦で同点ゴールを決め、1-1の引き分けに貢献した。ペトロルルは5月9日に行われた第9節にコンコルディア・キアジナに2-0で勝利して2位以上が確定し、2016年以来となるリーガ1昇格を決めた。5月15日に行われた最終節にウニレア・スロボジアと0-0で引き分けて、リーグ優勝を果たした。
2022年6月17日にペトロルルと2022-23シーズン終了までの1年契約を締結したことが発表された。


=== アルジェシュ・ピテシュティ時代 ===
2024年7月22日、リーガ2のFCアルジェシュ・ピテシュティに加入。チームは2024-25シーズンのリーガ2で優勝し、リーガ1昇格を決めた。
2025年7月27日、2-0で勝利したリーガ1第3節CFRクルジュ戦にて89分から交代出場し、39歳6か月でリーガ1のピッチに立った。7月11日にFCメタログロブス・ブカレストでプレーするジュニオール・モライスが38歳11か月20日でリーガ1出場選手最年長記録を更新していたものの、わずか半月でアストラ時代の元同僚の記録を更新することとなった。


== エピソード ==
ゴール後には片足を上げて子供の名前が刺繍してあるスパイクを指で差すパフォーマンスをする。
2009年6月には対戦相手が突然リーグ脱退して不戦勝になる出来事があった。
2009年6月に入籍した。
好きな選手はジネディーヌ・ジダン。「同じように禿げたいくらい好き」とのこと。
熱田高校時代はトップ下やボランチ、ルーマニア3部時代はFW、2部時代の途中から現在のボランチのポジションでプレーしている。戦術やチーム状況によっては、アンカーやセンターバックのポジションでもプレーする。
シーズンオフやリーグ中断期間に日本に帰国するとフットサルをしている。


== 所属クラブ ==
ユース経歴
1997年 - 2001年 名古屋FC
2001年 - 2003年 愛知県立熱田高等学校
2004年 - 2005年 アヴァイFC→SCコリンチャンス・パウリスタ→アヴァイFC→AAポルトゥゲーザ (リオデジャネイロ州)
2006年 - 2007年 愛知ニューウェーブス (フットサル)
2006年 - 2007年 OSFC、T.T.CHOPPAR (名古屋市リーグ)
プロ経歴
2007年 - 2015年 FCアストラ・ジュルジュ
2015年 - 2017年 オスマンルスポル
2016年 - 2017年 アストラ・ジュルジュ (期限付き移籍)
2017年 - 2018年8月 アストラ・ジュルジュ
2018年8月 - 同年11月 ヴァンフォーレ甲府
2019年 FK RFS
2020年1月 - 2021年 アストラ・ジュルジュ
2021年7月 - ペトロルル・プロイェシュティ


== 個人成績 ==


=== 国内大会 ===

ルーマニアのリーグ杯はクパ・リギー、トルコのオープン杯はテュルキエ・クパス。


==== その他の公式戦 ====
スーペルクパ・ロムニエイ 2014 : 1試合0得点


=== 国際大会 ===


== タイトル ==


=== ルーマニア ===
アストラ・ジュルジュ
リーガ1：1回
2015-16
クパ・ロムニエイ：1回
2013-14
スーペルクパ・ロムニエイ：1回
2014
リーガ3：1回
2007-08
ペトロルル・プロイェシュティ
リーガ2：1回
2021-22


=== ラトビア ===
RFS
ラトビヤス・カウス：1回
2019


== 記録 ==
リーガ1
初出場 - 2009年8月2日 CSパンドゥリイ・トゥルグ・ジウ戦 (0-1)
初得点 - 2009年12月1日 FCオツェルル・ガラツィ戦 (2-3)
スュペル・リグ
初出場 - 2015年8月16日 カイセリスポル戦 (1-1)
J2リーグ
初出場 - 2018年9月15日 モンテディオ山形戦 (1-1)
ヴィルスリーガ
初出場 - 2019年3月10日 第1節 リエパーヤ戦 (2-0)
初得点 - 2019年9月30日 第31節 メッタ/LU戦 (6-1)
UEFAヨーロッパリーグ
初出場:
予選 - 2013年7月4日 NKドムジャレ戦 (1-0)
本戦 - 2014年10月2日 レッドブル・ザルツブルク戦 (1-2)
初得点 - 2014年10月2日 レッドブル・ザルツブルク戦
UEFAチャンピオンズリーグ
初出場:
予選 - 2016年7月27日 FCコペンハーゲン戦 (1-1)


== 脚注 ==


== 関連項目 ==
日本国外のリーグに所属する日本人サッカー選手一覧
ヴァンフォーレ甲府の選手一覧


== 外部リンク ==
瀬戸貴幸 オフィシャルブログ 「ENJOY FOOTBALL」 - Ameba Blog
ENJOY FOOTBALL ～ Seto Takayuki Official Blog ～  - 旧ブログ（〜2011年1月28日）
瀬戸貴幸 (@takayuki8seto) - X（旧Twitter）
瀬戸貴幸 (@setotakayuki) - Instagram
瀬戸貴幸 (takayuki8seto) - Facebook
瀬戸貴幸 - Soccerway.com (英語)
瀬戸貴幸 - FootballDatabase.eu (英語)
瀬戸貴幸 - WorldFootball.net (英語)
瀬戸貴幸 - Transfermarkt.comによる選手データ (英語)
瀬戸貴幸 - UEFA (英語)
瀬戸貴幸 - J.League Data Siteによる選手データ
瀬戸貴幸 - トルコサッカー連盟 (player) (英語)
瀬戸貴幸 - Mackolik.com (トルコ語)",,,
31508,渡邊 創太,Sota WATANABE,c,渡邊創太,unclear,U15,negation_or_candidate_language_present,U-15日本代表候補,,,
32454,檀崎 竜孔,Riku DANZAKI,c,檀崎竜孔,yes,U15|U16|U18,negation_or_candidate_language_present,"U-15日本代表候補（2015年）
U-16日本代表候補（2016年）
U-18日本代表
SBSカップ 国際ユースサッカー（2018年）",,,
32714,森田 翔,Sho MORITA,c,森田翔,unclear,U16,negation_or_candidate_language_present,U-16日本代表候補,,,
37663,佐藤 陽成,SATO Yosei,c,佐藤陽成,yes,U15|U16|U17,negation_or_candidate_language_present,"2018年 U-15日本代表
中国遠征 (7月)
2019年 U-16日本代表
チュニジア遠征 (12月)
2020年 U-17日本代表候補",,,
37791,阿部 要門,Kanato ABE,c,阿部要門,unclear,U18,negation_or_candidate_language_present,2020年 U-18日本代表候補,,,
37802,平井 駿助,HIRAI Shunsuke,c,平井駿助,unclear,U18,negation_or_candidate_language_present,"平井 駿助（ひらい しゅんすけ、2002年9月7日 - ）は、和歌山県岩出市出身のプロサッカー選手。Jリーグ・レイラック滋賀FC所属。ポジションはディフェンダー（DF）。


== 来歴 ==
岩出市のクラブチームを経て、興國高等学校へ進学。2年次の2020年2月11日、同じく興国高校の同学年である樺山諒乃介、田川知樹とともに、2021シーズンからの横浜F・マリノス加入内定が発表された。同年6月26日、特別指定選手として横浜F・マリノスへ登録された。12月にはU-18日本代表候補合宿に召集された。
2021年より正式に横浜F・マリノスに加入。5月19日、ルヴァンカップ・グループステージの清水エスパルス戦でプロデビューを果たした。
2022年、ラインメール青森に期限付き移籍。
2023年、レイラック滋賀FCに期限付き移籍。この年、全28試合に出場した。
同年、Jリーグ合同トライアウトの参加選手リストに名前があったことで、横浜F・マリノスとの契約満了が発覚した。
2023年12月26日、レイラック滋賀FCに完全移籍を発表。
2025年8月、飛鳥FCに期限付き移籍。
2026年、レイラック滋賀FCに復帰。


== 所属クラブ ==
岩出FC azul (岩出市立山崎北小学校 / 岩出市立岩出中学校)
興國高等学校
2020年6月 - 同年12月  横浜F・マリノス (特別指定選手)
2021年 - 2023年 横浜F・マリノス
2022年  ラインメール青森（期限付き移籍）
2023年  レイラック滋賀FC（期限付き移籍）
2024年 -  レイラック滋賀FC
2025年8月 - 12月  飛鳥FC（期限付き移籍）


== 個人成績 ==

その他公式戦

出場歴
公式戦初出場：2021年5月19日 JリーグYBCルヴァンカップ グループステージ第6節 清水エスパルス戦（ニッパツ三ツ沢球技場）
Jリーグ特別大会初出場：2026年2月15日 J2・J3百年構想リーグ地域リーグラウンド第12節 サガン鳥栖戦（駅前不動産スタジアム）


== 脚注 ==


== 関連項目 ==
特別指定選手としてJリーグクラブに登録された選手一覧
横浜F・マリノスの選手一覧
ラインメール青森FCの選手一覧
レイラック滋賀FCの選手一覧


== 外部リンク ==
平井駿助 - Soccerway.com (英語)
平井駿助 - Soccerbase.comによる選手データ (英語)
平井駿助 - FootballDatabase.eu (英語)
平井駿助 - WorldFootball.net (英語)
平井駿助 - Transfermarkt.comによる選手データ (英語)
平井駿助 - J.League Data Siteによる選手データ
平井駿助 (@shunsuke_hirai) - X（旧Twitter）
平井駿助 (@shunsukehirai) - Instagram",,,
37835,稲葉 楽,Gaku INABA,c,稲葉楽,unclear,U18,negation_or_candidate_language_present,2020年 U-18日本代表候補,,,
37845,小島 凛士郎,KOJIMA Rinshiro,c,小島凛士郎,yes,U16|U19,negation_or_candidate_language_present,"小島 凛士郎（こじま りんしろう、2005年5月1日 - ）は、鹿児島県鹿児島市出身のプロサッカー選手。Jリーグ・鹿児島ユナイテッドFC所属。ポジションは、ミッドフィールダー（MF）。


== 来歴 ==
2020年9月11日に、鹿児島ユナイテッドFC U-18よりトップチーム登録(2種登録)が発表された。
2021年にも2種登録された。
そして2023年8月25日、2024年からの鹿児島ユナイテッドFCのトップ昇格と2種登録が発表された。
2024年7月、FC大阪に期限付き移籍。同年12月20日、期限付き移籍の満了と鹿児島ユナイテッドFCへの復帰が発表された。


== 所属クラブ ==
桜ヶ丘サッカースポーツ少年団 (鹿児島市立桜丘西小学校)
2018年 - 2020年 鹿児島ユナイテッドFCU-15 (鹿児島市立桜丘中学校)
2020年9月 - 同年12月  鹿児島ユナイテッドFC（2種登録選手)
2021年 - 2023年 鹿児島ユナイテッドFCU-18 (鹿児島情報高等学校)
2021年、2023年8月 - 同年12月  鹿児島ユナイテッドFC (2種登録選手)
2024年 -  鹿児島ユナイテッドFC
2024年7月 - 同年12月 FC大阪 (期限付き移籍)


== 個人成績 ==

2020年 - 2023年は2種登録選手
出場歴
Jリーグ初出場 - 2024年8月17日 J3第24節 FC今治戦 (アシックス里山スタジアム)


== 代表・選抜歴 ==
U-13Jリーグ選抜
Gothia Cup China2018 (2018年)
U-16日本代表候補
Jヴィレッジドリームカップ (2021年)
U-19日本代表 (2024年)


== 脚注 ==


== 外部リンク ==
小島凛士郎 - FootballDatabase.eu (英語)
小島凛士郎 - WorldFootball.net (英語)
小島凛士郎 - Transfermarkt.comによる選手データ (英語)
小島凛士郎 - J.League Data Siteによる選手データ
小島凛士郎 - playmakerstats.com (英語)
小島凛士郎 (@rinshiro_kojima) - Instagram",,,
37861,中島 舜,NAKAJIMA Shun,c,中島舜,unclear,university,negation_or_candidate_language_present,"中島 舜（なかじま しゅん、2002年4月8日 - ）は、埼玉県川越市出身のプロサッカー選手。Jリーグ・いわきFC所属。ポジションはミッドフィールダー、フォワード。


== 来歴 ==
中学・高校世代では、柏レイソルのアカデミーで過ごし、2020年には2種登録選手としてトップチームへ登録された
が出場はなかった。トップチームへの昇格はならず流通経済大学へ進学した
。
流通経済大学在籍中の2021年にはU-20全日本大学選抜候補に選ばれた。
大学在籍中の2024年8月に、2025年から柏レイソルへの加入が内定した。
2026年、いわきFCに期限付き移籍。


== 所属クラブ ==
川鶴FC / マルバサッカースクール
2015年 - 2017年 柏レイソルU-15
2018年 - 2020年 柏レイソルU-18
2020年10月 - 12月  柏レイソル (2種登録選手)
2021年 - 2024年 流通経済大学
2025年 -  柏レイソル
2026年 -   いわきFC（期限付き移籍）


== 個人成績 ==

2020年は2種登録選手 (出場なし、背番号44)
出場歴
Jリーグ初出場 - 2025年3月8日 J1第5節 鹿島アントラーズ戦 (三協フロンテア柏スタジアム)


== 脚注 ==


=== 出典 ===


== 関連項目 ==
柏レイソルの選手一覧
いわきFCの選手一覧
柏レイソルのアカデミー#出身者一覧


== 外部リンク ==
中島舜 - Soccerway.com (英語)
中島舜 - FootballDatabase.eu (英語)
中島舜 - WorldFootball.net (英語)
中島舜 - Transfermarkt.comによる選手データ (英語)
中島舜 - J.League Data Siteによる選手データ
中島舜 - playmakerstats.com (英語)",,,
38941,貴田 遼河,Ryoga KIDA,c,貴田遼河,yes,U15|U16|U17,negation_or_candidate_language_present,"2020; U-15日本代表候補
2021; U-16日本代表候補
2022; U-17日本代表
Balcom BMW CUP 広島ユース（8月）、クロアチア遠征（11月）",,,
38943,鈴木 陽人,SUZUKI Haruto,c,鈴木陽人,yes,U15|U16|U17|U18|U19,negation_or_candidate_language_present,"鈴木 陽人（すずき はると、2005年5月17日 - ）は、愛知県出身のサッカー選手。ポジションはミッドフィールダー。


== 来歴 ==
名古屋グランパスのU-18チーム在籍時の、2023年3月にトップチームに登録された。5月24日、Jリーグカップ・ヴィッセル神戸戦でデビューした。
6月に、2024年からのトップチーム昇格が決まった。
2026年6月26日、FC岐阜に育成型期限付き移籍することが発表された。


== 所属クラブ ==
FCホッツ
2014年 - 2017年 名古屋グランパスU-12 (東郷町立音貝小学校)
2018年 - 2020年 名古屋グランパスU-15 (東郷町立春木中学校)
2021年 - 2023年 名古屋グランパスU-18 (東海学園高等学校)
2023年3月 - 同年12月 名古屋グランパス (2種登録選手)
2024年 -  名古屋グランパス
2026年 -  FC岐阜（育成型期限付き移籍）


== 個人成績 ==


== 代表・選抜歴 ==
JFAエリートプラグラムU-13
JFAエリートプラグラムU-14
U-15日本代表候補
U-16日本代表候補
U-17日本代表
J-VILLAGE CUP (2022年)
Balcom BMW CUP (2022年)
クロアチア遠征 (2022年)
U-18日本代表
SBS杯 (2023年)
IBARAKI Next Generation Cup (2023年)
U-19日本代表
Maurice Revello Tournament（2023年）


== 出典 ==


== 関連項目 ==
愛知県出身の人物一覧
名古屋グランパスエイトの選手一覧
FC岐阜の選手一覧


== 外部リンク ==
鈴木陽人 - Soccerway.com (英語)
鈴木陽人 - Soccerbase.comによる選手データ (英語)
鈴木陽人 - FootballDatabase.eu (英語)
鈴木陽人 - WorldFootball.net (英語)
鈴木陽人 - Transfermarkt.comによる選手データ (英語)
鈴木陽人 - J.League Data Siteによる選手データ
鈴木陽人 - playmakerstats.com (英語)",,,
40851,舩木 大輔,Daisuke FUNAKI,c,舩木大輔,yes,U15|U18,negation_or_candidate_language_present,U-15代表候補合宿からの各年代で選出経歴がある。高校1年次に上がった5月には飛び級でU-18代表合宿に選出されて話題となった。しかし高校3年次では代表から遠ざかり、第49回モーリス・レベロ・トーナメント等の大会では選外であった。,,,
40852,松村 晃助,MATSUMURA Kosuke,c,松村晃助,yes,U15|U18|U20,negation_or_candidate_language_present,"U-15日本代表
ブラジル遠征 日伯友好カップ (2019年)
U-18日本代表
SBSカップ 国際ユースサッカー (2022年)
スペイン遠征（2022年）
IBARAKI Next Generation Cup (2022年)
U-20日本代表候補
トレーニングキャンプ (2023年)
U-20日本代表
AFC U20アジアカップ (2023年)
U-20ワールドカップ (2023年)
アジア大学サッカートーナメント (2024年)",,,
45033,若林 学歩,WAKABAYASHI Manafu,c,若林学歩,unclear,U17|U20,negation_or_candidate_language_present,"2021年 U-17日本代表候補
2023年 U-20日本代表候補",,,
45092,荒井 悠汰,ARAI Yuta,c,荒井悠汰,unclear,U17|U19,negation_or_candidate_language_present,"荒井 悠汰（あらい ゆうた、2004年6月13日 - ）は、埼玉県白岡市出身のプロサッカー選手。Jリーグ・FC東京所属。ポジションはミッドフィールダー（MF）。昌平高等学校卒業。


== 来歴 ==
父もサッカー選手であったことからボールが身近な環境で育ち、3・4歳の頃にサッカースクールに通い始めた。中学年代より昌平高等学校の下部組織「FC LAVIDA」に入団し、2019年日本クラブユースサッカー選手権(U-15)大会でクラブ初の全国8強入りに貢献。中学校卒業後は昌平高等学校に進学。1年時からチームの主軸となり第99回全国高等学校サッカー選手権大会に出場、大会優秀選手に選出される。日本高校サッカー選抜としてデンソーカップチャレンジサッカーへ出場し、大学生選手を相手に自身のプレーが通用するところを見せ、U-17日本代表候補となるなど注目される存在となる。
2022年2月、高校2年生ながら卒業後のFC東京への加入内定が発表された。同年3月2日、ルヴァンカップ・GL第2節のアビスパ福岡戦では特別指定選手に登録され、途中出場から公式戦デビューを果たした。
2024年7月1日、カターレ富山へ育成型期限付き移籍で加入することが発表された。


== 所属クラブ ==
2012年 - 2017年 FC白岡南 (白岡市立南小学校)
2017年 - 2020年 FC LAVIDA (白岡市立南中学校)
2020年 - 2022年 昌平高等学校
2022年  FC東京 (特別指定選手) 
2023年 -  FC東京
2024年7月 - 同年12月  カターレ富山 (育成型期限付き移籍) 


== 個人成績 ==

出場歴
Jリーグ初出場 - 2023年3月4日 J1第3節 京都サンガF.C.戦 (サンガスタジアム by KYOCERA)
2022年は特別指定選手


== 代表・選抜歴 ==
U-17日本代表候補（2021年）
日本高校サッカー選抜（2021年）
U-19日本代表候補（2022年）


== 脚注 ==


== 関連項目 ==
埼玉県出身の人物一覧
特別指定選手としてJリーグクラブに登録された選手一覧
FC東京の選手一覧
カターレ富山の選手一覧


== 外部リンク ==
荒井悠汰 (@yuta_arai_0613) - Instagram 
荒井悠汰 - Soccerway.com (英語)
荒井悠汰 - Soccerbase.comによる選手データ (英語)
荒井悠汰 - FootballDatabase.eu (英語)
荒井悠汰 - WorldFootball.net (英語)
荒井悠汰 - Transfermarkt.comによる選手データ (英語)
荒井悠汰 - J.League Data Siteによる選手データ
荒井悠汰 - playmakerstats.com (英語)",,,
45105,西村 遥己,NISHIMURA Haruki,c,西村遥己,unclear,U18,negation_or_candidate_language_present,"西村 遥己（にしむら はるき、2003年4月19日 - ）は、埼玉県狭山市出身のプロサッカー選手。Jリーグ・ロアッソ熊本所属。ポジションはゴールキーパー。


== 来歴 ==
中学2年時にフィールドプレイヤーからGKに転向。昌平高校2年時の全国高等学校サッカー選手権大会に出場しベスト8に進出、2021年にU-18日本代表候補に選出された。
2022年、アルビレックス新潟に加入した。
2025年、松本山雅FCに育成型期限付き移籍で加入したが、公式戦出場はなく、同シーズン限りで期限付き移籍期間満了および、ロアッソ熊本への完全移籍が発表された。


== 所属クラブ ==
ヨーケン東京FC（狭山市立入間川東小学校）
フィグラーレ狭山FC（狭山市立中央中学校）
2019年 - 2021年 昌平高校
2022年 -  アルビレックス新潟
2025年 -  松本山雅FC（育成型期限付き移籍）
2026年 -  ロアッソ熊本


== 個人成績 ==


== 脚注 ==


== 関連項目 ==
アルビレックス新潟の選手一覧
松本山雅FCの選手一覧
ロアッソ熊本の選手一覧


== 外部リンク ==
西村遥己 - Soccerway.com (英語)
西村遥己 - FootballDatabase.eu (英語)
西村遥己 - WorldFootball.net (英語)
西村遥己 - Transfermarkt.comによる選手データ (英語)
西村遥己 - J.League Data Siteによる選手データ
西村遥己 (@nishimu_haruki246) - Instagram 
西村遥己 (@nishimura0419) - X（旧Twitter）",,,
45717,揚石 琉生,Rui AGEISHI,c,揚石琉生,yes,U15|U17,negation_or_candidate_language_present,"U-15日本代表候補 (2021年)
U-17日本代表
Balcom BMW CUP 広島国際ユース (2024年)",,,
48937,福田 武玖,FUKUTA Muku,c,福田武玖,yes,U15|U17,negation_or_candidate_language_present,"2022年 U-15日本代表候補
2024年 U-17日本代表",,,
49640,阿部 来誠,ABE Raisei,c,阿部来誠,unclear,U16,negation_or_candidate_language_present,2020年：U-16日本代表候補,,,
49690,髙橋 隆大,Ryuta TAKAHASHI,c,髙橋隆大,yes,U16|U17,negation_or_candidate_language_present,"2020年：U-16日本代表
2021年：U-17日本代表候補
2022年：U-17日本高校選抜",,,
5930,高木 貴弘,Takahiro TAKAGI,c,高木貴弘,unclear,U15|U20,negation_or_candidate_language_present,"1997年 U-15日本代表候補
2001年 U-20日本代表候補",,,
60352,島 佑成,Yusei SHIMA,c,島佑成,yes,U15|U16|U17|U18,negation_or_candidate_language_present,"過去には以下の代表チームに選出されている。

2022年 U-15日本代表候補
2023年 U-16日本代表
6月 U-16インターナショナルドリームカップ
2023年 U-17日本代表
8月 Balcom BMW CUP 平和記念広島国際ユースサッカー
2024年 U-17日本代表
9月 国際ユースサッカーin新潟
11月 クロアチア遠征
2025年🇯🇵U-18日本代表　　　　　⚪︎      6月      スイス遠征",,,
60417,尾谷 ディヴァインチネドゥ,OTANI Divine Chinedu,c,尾谷ディヴァインチネドゥ,yes,U15|U18|U19,negation_or_candidate_language_present,"U-15日本代表候補
トレーニングキャンプ (2022年3月）
U-18日本代表
ウェールズ遠征 (2025年11月)
U-18Jリーグ選抜
イングランド遠征 (2025年11月)
U-19日本代表
北中米遠征 (2026年6月)",,,
61036,根本 健太,NEMOTO Kenta,c,根本健太,yes,other|university,negation_or_candidate_language_present,"根本 健太（ねもと けんた、2002年12月13日 - ）は、千葉県八街市出身のプロサッカー選手。Jリーグ・浦和レッズ所属。ポジションはディフェンダー（DF）。


== 来歴 ==
ユース時代はジェフユナイテッド千葉U-15、東京学館高等学校を経て、流通経済大学でプレー。2024年8月、2025シーズンからの浦和レッズへの加入が内定した。
2025シーズンは8月9日の第25節横浜FC戦にて交代で左サイドバックに入り移籍後初出場。10月4日の第33節ヴィッセル神戸戦にセンターバックで移籍後初先発を飾る。最終節の川崎フロンターレ戦ではセットプレーからのヘディングでプロ初得点を決め、ルーキーイヤーはリーグ戦5試合に出場。
2026年の秋春制シーズン移行に伴って開催されるJリーグ百年構想リーグでは前年までマリウス・ホイブラーテンが背負った背番号5に変更が決まった。


== 所属クラブ ==
2015年 - 2017年 ジェフユナイテッド市原・千葉U-15（八街市立八街中学校）
2018年 - 2020年 東京学館高等学校
2021年 - 2024年 流通経済大学
2024年8月 - 同年12月  浦和レッズ (特別指定選手)
2025年 -  浦和レッズ


== 個人成績 ==

2024年は特別指定選手（公式戦出場はなし）


== 選抜・代表歴 ==
全日本大学選抜
DENSO CUP SOCCER 第23回大学日韓定期戦（2024年）
U-22日本代表候補
候補合宿（2023年）
U-22日本代表
アジア競技大会サッカー競技（2023年）


== 脚注 ==


== 外部リンク ==
根本健太 (@nemoken25) - Instagram 
根本健太 - Soccerway.com (英語)
根本健太 - FootballDatabase.eu (英語)
根本健太 - WorldFootball.net (英語)
根本健太 - Transfermarkt.comによる選手データ (英語)
根本健太 - J.League Data Siteによる選手データ
根本健太 - playmakerstats.com (英語)",,,
61959,田所 莉旺,TADOKORO Rio,c,田所莉旺,yes,U15|U16|U18,negation_or_candidate_language_present,"2019エリートプログラムU-13トレーニングキャンプ　https://www.jfa.jp/youth_development/elite_programme/news/00021960/

2021年:U-15日本代表候補
2022年:U-16日本代表
2024年:U-18日本代表",,,
6407,稲田 康志,Koji INADA,c,稲田康志,yes,U17|U18,negation_or_candidate_language_present,"ナショナルトレセンU-14
ナショナルトレセンU-17
2002年 U-17日本代表
2002年 国体選抜
2003年 U-18日本代表候補
2003年 国体選抜",,,
6517,美尾 敦,Atsushi MIO,c,美尾敦,yes,U18|U19,negation_or_candidate_language_present,"2001年 U-18日本代表
2002年 U-19日本代表候補",,,
6809,鈴木 規郎,Norio SUZUKI,c,鈴木規郎,yes,U16|U19|U20|U23|other,negation_or_candidate_language_present,"U-16日本代表
2000年 AFC U-17選手権
U-19日本代表
2002年 - AFCユース選手権2002予選
U-20日本代表
2003年 - トゥーロン国際大会、FIFAワールドユース選手権
U-22日本代表
2003年
U-23日本代表候補
2004年",,,
69828,永井 大義,NAGAI Taiga,c,永井大義,yes,U19,negation_or_candidate_language_present,"U-19 Jリーグ選抜
JFA/Jリーグポストユースマッチ（2026年）
 U-19日本代表
U-19 日本代表候補 国内トレーニングキャンプ (2026年)
モーリスレベロトーナメント（2026年）",,,
7319,村田 翔,Sho MURATA,c,村田翔,yes,U16|U18,negation_or_candidate_language_present,"2003年 U-16日本代表 - 第4回豊田国際ユースサッカー大会
2005年 U-18日本代表候補",,,
8308,川俣 慎一郎,Shinichiro KAWAMATA,c,川俣慎一郎,yes,U17|U18|U20,negation_or_candidate_language_present,"U-17日本代表（2006年）
U-18日本代表候補
U-20日本代表（2009年）",,,
8615,本田 真吾,Shingo HONDA,c,本田真吾,unclear,U20,negation_or_candidate_language_present,"本田 真吾（ほんだ しんご、1987年11月23日 - ）は、熊本県出身の元サッカー選手、サッカー指導者。現役時代のポジションはミッドフィールダー。


== 所属クラブ ==
熊本県大津町立護川小学校
熊本県大津町立大津北中学校
2003年 - 2005年 熊本県立大津高等学校
2006年 - 2008年 アビスパ福岡
2009年 JAPANサッカーカレッジ
2010年 松本山雅FC
2011年 - 2016年 ツエーゲン金沢 
2014年7月 - 2016年 Honda FC（期限付き移籍）


== タイトル・代表歴 ==
2004年 高円宮杯第15回全日本ユース(U-18)サッカー選手権大会出場、第83回全国高校サッカー選手権出場
2005年 熊本県国体選抜
2007年 U-20日本代表候補


== 個人成績 ==

Jリーグ初出場 - 2007年4月29日 J2 第12節 対徳島ヴォルティス戦 (徳島県鳴門総合運動公園陸上競技場)


== 指導歴 ==
2017年 - Honda FCスクール：コーチ


== 脚注 ==


== 関連項目 ==
アビスパ福岡の選手一覧
松本山雅FCの選手一覧


== 外部リンク ==
本田真吾 - WorldFootball.net (英語)
本田真吾 - Transfermarkt.comによる選手データ (英語)
本田真吾 - J.League Data Siteによる選手データ",,,
9475,乾 達朗,Tatsuro INUI,c,乾達朗,yes,U15|U16|U17,negation_or_candidate_language_present,"U-15日本代表候補 (2005年)
 U-16, U-17日本代表 (2005年-2006年)
U-17日本代表候補 (2007年)
千葉県国体選抜 (2006年)",,,
9898,清水 貴文,Takafumi SHIMIZU,c,清水貴文,unclear,U16,negation_or_candidate_language_present,"清水 貴文（しみず たかふみ、1992年6月30日 - ）は、群馬県出身の元サッカー選手。ポジションはMF。


== 経歴 ==
2014年4月25日に、2015年よりジュビロ磐田に入団する事が発表された。また、2014年6月10日から12月まで特別指定選手として、磐田に所属（背番号は36）。
2015年2月8日に行われたJリーグ・スカパー! ニューイヤーカップ・清水エスパルス戦で途中出場し、決勝ゴールを決めた。同年4月26日に行われたJ2第9節・ジェフユナイテッド市原・千葉戦でJリーグデビューを飾り、8月29日に行われた天皇杯1回戦・北陸大学戦では公式戦初ゴールを決めた。ルーキーイヤーは中盤戦までスーパーサブとして出場機会を得た。
2016年4月24日に行われたJ1 1stステージ第8節・サガン鳥栖戦でJ1初出場を果たした。
しかし6月には右ハムストリングス肉離れの負傷。トレーニング合流まで約4～6週間程度を要するなど出場機会を減らした。
2017年3月25日に水戸ホーリーホックへ期限付き移籍する事が発表された。しかし、水戸ではリーグ戦3試合のみの出場となり、シーズン終了後に磐田との契約満了が発表された。同年12月に行われたJリーグ合同トライアウトに出場した。
2018年、関東サッカーリーグ1部の栃木ウーヴァFCに移籍。同年6月、練習中に前十字靭帯損傷。全治約6ヶ月-8ヶ月の診断を受け、シーズン後半をリハビリにあてた。
栃木には5年間在籍したが、2022年12月9日、契約期間の満了の発表があり、東海社会人サッカーリーグ1部のwyvernに移籍。3年間在籍し、2025シーズンをもって現役を引退した。


== 所属クラブ ==
桐生菱SSC
FC前橋Jrユース
2008年 - 2010年 ジュビロ磐田U-18（磐田東高等学校）
2011年 - 2014年 中京大学
2014年6月 - 同年12月 ジュビロ磐田（特別指定選手）
2015年 - 2017年  ジュビロ磐田
2017年  水戸ホーリーホック（期限付き移籍）
2018年 - 2022年  栃木ウーヴァFC/栃木シティFC
2023年 - 2025年  wyvern


== 個人成績 ==

特別指定選手としての試合出場は無し
Jリーグ初出場 - 2015年4月26日 J2第9節 ジェフユナイテッド市原・千葉戦（フクダ電子アリーナ）
公式戦初得点 - 2015年8月29日 天皇杯1回戦 北陸大学戦（ヤマハスタジアム）


== 代表・選抜歴 ==
U-16日本代表候補（2008年）
東海・北信越選抜（2011年、2012年、2013年）
東海学生サッカーリーグ新人賞（2011年）
東海学生サッカーリーグベストイレブン（2013年）


== 脚注 ==


== 出典 ==


== 関連項目 ==
ジュビロ磐田の選手一覧
水戸ホーリーホックの選手一覧
栃木シティフットボールクラブの選手一覧
群馬県出身の人物一覧
中京大学の人物一覧


== 外部リンク ==
清水貴文 - Soccerway.com (英語)
清水貴文 - FootballDatabase.eu (英語)
清水貴文 - WorldFootball.net (英語)
清水貴文 - Transfermarkt.comによる選手データ (英語)
清水貴文 - J.League Data Siteによる選手データ
清水貴文 -  ゲキサカ",,,
