source_player_id,name_ja,name_en,tier,wikipedia_title,pathway_category,pathway_matched_categories,pathway_reason,wikipedia_pathway_context,reviewed_pathway_category,reviewer_note
10134,平松 宗,Shu HIRAMATSU,a,平松宗,unknown,,no_institution_keyword_found,"2015年、アルビレックス新潟に入団。ポストプレーと高さを生かしたヘディングが得意なセンターフォワード。
2016年7月より水戸ホーリーホックへ期限付き移籍。2017年シーズンから期限付き移籍期間満了により新潟へ復帰。
2017年8月、V・ファーレン長崎へ期限付き移籍。
2019年より新潟に復帰した。同年8月にカターレ富山へ期限付き移籍した。
2021年、SC相模原に完全移籍で加入した。
2022年、ザスパクサツ群馬に完全移籍で加入した。
5節のジェフユナイテッド千葉戦で移籍後初ゴールを決め、9節いわてグルージャ盛岡戦、12節大宮アルディージャ戦、13節横浜FC戦、29節ヴァンフォーレ甲府戦、38節レノファ山口戦、41節いわてグルージャ盛岡戦でゴールを決めチーム最多の8ゴールでシーズンを終えた。
2024シーズンをもって契約満了となった。
2025年、岐阜県1部リーグのVOYAGERSに加入した。",unknown,No Information cnfirmed
10284,澤口 雅彦,Masahiko SAWAGUCHI,a,澤口雅彦,unknown,,no_institution_keyword_found,"2009年3月4日のヴァンフォーレ甲府戦でJリーグデビュー。2011年11月13日カターレ富山戦にてJリーグ通算100試合出場を達成。ファジアーノ岡山のみでのJリーグ公式戦100試合出場達成は同クラブ史上初となった。
2018年シーズン末、ファジアーノ岡山は契約期間の満了を発表。
同年12月12日、フクダ電子アリーナで行われたJリーグ合同トライアウトに出場した。
2019年2月8日、おこしやす京都ACへの移籍が発表された。
2021年2月5日、現役引退が発表された。
2021年3月15日、ファジアーノ岡山スポーツクラブに入社することが発表された。",unknown,No Information cnfirmed
10329,染矢 一樹,Kazuki SOMEYA,a,染矢一樹,university,university|high_school|j_club_academy,possible_incidental_schooling_around_club_academy,"小学1年生の時に1歳年上の幼馴染に誘われ、サッカーを始めた。中学卒業後は、3年計画で強化に取り組んでいた島根県の江の川高校（現：石見智翠館高校）に進学。しかし高校時代は全国の舞台に立つことはできなかった。
奈良産業大学（現：奈良学園大学）に進み、2008年の関西学生サッカーリーグでは5得点11アシストの成績を残した。2007年と2008年にはデンソーカップチャレンジサッカー関西大学選抜に選出。2008年11月、FC岐阜の練習にテスト参加し、翌日には大学に合格の通知が届いた。

2009年にFC岐阜へ入団。3月8日の第1節栃木SC戦で、高木和正に代わって途中出場でJリーグデビューした。同年シーズンのホーム初勝利となる3月25日の第4節ザスパ草津戦で、試合終了間際にJリーグ初得点となる決勝ゴールを奪い、存在を印象付けた。7月、練習中に左足首をひねり、戦列を離れ、回復しても焦って試合に出場して、また同じ個所を痛めた。復帰後は流れを変える攻撃の切り札として、途中出場の機会が増えた。
2010年からは背番号を11番に変更。栃木SCに移籍することが決まったサイドMFと同じポジションの高木和正から、「知らない人が付けるより、お前がこの番号を付けたらどうだ」と依頼を受け了承した。
2014年、ファジアーノ岡山へ完全移籍。
2016年より大分トリニータに完全移籍したが、体調面の不良が続いたことで公式戦はおろか練習にも参加できない日々が続いたことで同年4月1日に双方合意の上契約解除となった。同年7月、 アスルクラロ沼津に加入。2024年10月13日、記者会見を行い、同年シーズンをもって引退することを発表した。
引退後はアスルクラロ沼津のU18コーチに就任した。同年9月2日、U18コーチと兼任でトップチームコーチに就任。",,確認
10414,工藤 祐生,Yusei KUDO,a,工藤祐生,unknown,,no_institution_keyword_found,"2009年、栃木SCに練習生参加を経て正式加入した が、同年限りで契約満了により退団した。2010年、SC相模原に移籍した。2015年3月15日のJ3リーグ第1節、Jリーグ・アンダー22選抜戦でJ3リーグ通算500得点目となるゴールを決めた。
2018年シーズンを最後に現役を引退した。
2024年4月10日、SC相模原のスクールコーチ就任が発表された。",unknown,No Information cnfirmed
10676,荒野 拓馬,ARANO Takuma,a,荒野拓馬,j_club_academy,j_club_academy|grassroots_club,overseas_relocation_language_no_domestic_institution,"2010シーズン、高校2年生でリーグ戦にデビューし、コンサドーレ札幌での最年少出場記録（17歳187日）を持つ。同じく同チームののアカデミー出身で2歳年上の古田寛幸は東川下サッカースポーツ少年団時代からの先輩である。
U-18時代は3年生時に背番号10を背負い、2011年より新設されたプレミアリーグイーストではチームを優勝に導く。同年11月13日、小山内貴哉、榊翔太、奈良竜樹、前貴之と共に2012年以降のトップチームへの昇格が発表された。
2012年、同じくプロ1年目の同期では榊が少ない出場時間の中で多くのゴールを挙げ、奈良、前が多くの出場機会を得たのとは対照的に、自身はシーズンを通して短い出場時間に終わった。同年オフにサッカー留学をクラブへ直訴し快諾された事で横野純貴と共にブラジルへ短期留学を経験した。
2013年7月7日、J2第23節アビスパ福岡戦でプロ初ゴールを含む2ゴールを挙げ、3-0の勝利に貢献した。
2014年、アジア競技大会 2014のU-21日本代表に選出された。
2020年はチーム得点王の鈴木武蔵が移籍すると、「ゼロトップ」の役割で最前線に入って豊富な運動量で前線から中盤までの広い範囲で守備に貢献した。第28節の清水エスパルス戦で左腓骨骨折及び左足首靱帯損傷の大怪我を負ってシーズンを終了したが、それまでの活躍が認められ札幌ドームMVP賞を受賞した。
2023年4月よりSTVラジオの荒野拓馬のGO!GO!コンサドーレのパーソナリティに就任。",j_club_academy,"J clubは同僚の記述　高校出身 Sonnet recheck 2026-07-07: context has no named high school, only the bare age reference ""高校2年生"" (not a school name) plus an explicit アカデミー mention (via teammate comparison, ""同じく同チームのの[sic]アカデミー出身""); reverted to j_club_academy."
10815,福村 貴幸,Takayuki FUKUMURA,a,福村貴幸,university,university|high_school|j_club_academy,possible_incidental_schooling_around_club_academy,"小学生時代は当初水泳をやっていたが、4年生の時友人に誘われてサッカーを始め北河内地区を中心とするクラブチームであるミュートスSCに入団した。6年生の時には北河内地区の選抜チームメンバーに選出されている。小学校卒業後は四條畷市のクラブチームFCグリーンウェーブU-15に入団、「ここで技術は身に付いた」と後に語っている。中学校卒業後はグリーンウェーブの練習場所のひとつであった大阪桐蔭高校に進学。高校2年次の2009年2月、U-18日本代表候補に初選出された。
高校卒業後は大学に進学する事を考えて関西大学サッカー部を志願したがスポーツ推薦を得ていたにも関わらず入学試験で不合格となる。「どうしよう、やばいな」と焦る福村の元に複数のJリーグクラブよりオファーが届いた。川崎フロンターレにも練習参加したが最終的に京都サンガF.C.入りを決断、2010年より京都へ加入。同年4月にも、内田達也に代わってU-19日本代表候補に追加招集された。クラブでは同年シーズンは公式戦出場はなく、練習試合に出られないこともあった。
2011年、大木武が監督に就任すると開幕から左サイドバック（SB）で起用され、天皇杯決勝でもプレーするなど成長を遂げた。翌年以降もレギュラーとして出場を続け、大木に高い対人守備能力を評価されてセンターバック、ボランチなどでも起用され、フリーキックのキッカーも任された。2013年のオフには、セレッソ大阪からオファーを受けたが、京都と契約を更新し残留した。
2015年、和田昌裕が監督に就任すると、SBの攻撃参加を重視する戦術が採用されたことで出場機会を得られなくなり、同年3月に清水エスパルスへ期限付き移籍した。シーズン終了後に期限付き移籍期間満了となり、2016年より清水に完全移籍。
2017年、大木武が新しく監督に就任したFC岐阜へ期限付き移籍で加入。
2018年1月6日、清水より完全移籍加入。シーズン終了後、契約満了により退団。
2019年、ガイナーレ鳥取に加入。
2020年、東京ヴェルディへ完全移籍。2021年12月4日、契約満了による退団が発表された。
2022年、FC琉球へ完全移籍。
2024年12月22日、現役引退が発表された。",high_school,大学進学できず高校からJリーグ
10817,戸島 章,Akira TOSHIMA,a,戸島章,unknown,,no_institution_keyword_found,"2010年にジェフユナイテッド市原・千葉に加入。
2015年、出場機会を得るためにFC町田ゼルビアに期限付き移籍。2016年に町田に完全移籍を果たした。
2018年、横浜FCに移籍。2020年は大宮アルディージャに期限付き移籍した。
2021年、松本山雅FCに完全移籍 したが、8月に東京ヴェルディに期限付き移籍。2022年1月8日、移籍期間満了により東京Vを退団した。
2022年、松本山雅FCへ復帰した。
同年7月、栃木シティへ期限付き移籍。
2023年、栃木シティFCに完全移籍。そしてこの年をもって現役を引退。",unknown,No Information cnfirmed
10857,有田 光希,Koki ARITA,a,有田光希,unknown,,no_institution_keyword_found,"2010年にヴィッセル神戸へ入団。第3節の清水エスパルス戦に途中出場しリーグ戦デビューを果たすが出場はこの1試合にとどまる。2011年は先発出場はなかったが、ゲーム中盤から出場する試合が増えた。2012年、試合経験を積むため愛媛FCへ期限付き移籍。37試合に出場しチームトップの14得点を挙げた。シーズン後契約満了のため神戸に復帰。2013年、開幕戦に先発出場したが、その後は田代有三からポジションを奪うことができず出場機会が激減。古巣対戦となった愛媛戦では神戸での初得点を含む2得点を挙げたが、年間9試合2得点に終わった。
2014年、京都サンガF.C.へ期限付き移籍。翌2015年に完全移籍に移行した。2016年をもって契約満了により京都を退団した。
2017年、愛媛FCへの完全移籍、5シーズンぶりの復帰となった。
2021年、ヴァンフォーレ甲府へ加入。
2022年、鹿児島ユナイテッドFCへ完全移籍。2024年に鹿児島ユナイテッドFCと契約満了。
2025年、JFLのラインメール青森FCに完全移籍。",unknown,No Information cnfirmed
10859,黄 誠秀,HWANG Song Su,a,黄誠秀,unknown,,no_institution_keyword_found,"東京朝鮮高級学校では、同級生に姜成浩、李智星などがいる。高級学校時代はかつてジュビロ磐田に所属していた金鍾成から指導を受けた。
元々はフォワードで2010年に加入した磐田でもフォワード登録だったが、後にディフェンダー（右サイドバック、センターバック）やミッドフィールダー（ボランチ、サイドハーフ）など様々なポジションにもプレー。2010年の天皇杯二回戦愛媛FCしまなみ戦ではディフェンダーとして初のベンチ入りを果たした。
2012年、ナビスコカップにて公式戦プロ初出場を果たし、天皇杯にも1試合出場した。10月には北朝鮮代表の強化合宿メンバーに選出された。同年限りで契約満了により磐田を退団。その後Jリーグ合同トライアウトに参加した。
2013年より、J2・ザスパクサツ群馬へ完全移籍。開幕戦・水戸ホーリーホック戦でリーグ戦初出場を果たすと以後先発に定着し31試合に出場。2014年6月には、再び北朝鮮代表の強化合宿メンバーに選出された。2015年までの3年間でリーグ戦98試合に出場した。
2016年より同年J3に降格した大分トリニータに完全移籍。第1節・AC長野パルセイロ戦は先発出場を果たしたものの、翌節からは控えに回る。第4節・FC琉球戦で先発復帰を果たすが後半開始前に交代となり、以後は先発出場は無かった。大分がJ2に復帰した2017年は9月のファジアーノ岡山戦にてシーズン初出場を果たすまでは、数試合を除きベンチ外が主であった。その後は第41節・最終節で連続先発出場を果たすなど、7試合中4試合に出場した。
2018年シーズンを以てプロサッカー選手を引退し、2019年より関東サッカーリーグ2部・Criacao Shinjukuに加入。
2024年11月13日、現役引退を発表。",high_school,高校
10902,幸野 志有人,Shuto KONO,a,幸野志有人,jfa_academy,jfa_academy|j_club_academy|grassroots_club,overseas_relocation_language_no_domestic_institution,"3歳の時にサッカーを始め、小学校卒業後にJFAアカデミー福島に進んだ同アカデミーの1期生。各年代の日本代表に選ばれており、2009 FIFA U-17ワールドカップには唯一の高校1年生選手として選出され 出場を果たした。
2010年、当時のFC東京強化部長だった鈴木徳彦が「ジュニアの頃から図抜けた存在だった」 と幸野を高く評価しており、同クラブのキャンプに参加させてプレーぶりを確認し、プロ契約を打診。これに対し、アカデミーのスクールマスターだった田嶋幸三は、「幸野はアカデミー内ではレベルが違うから、早く出してあげた方がいい」と、16歳でのプロ入りを後押しした。3月になり、アカデミーを途中卒校し FC東京とプロ契約を結んだことにより、アカデミー出身者初のJリーグ選手となった。背番号は28に決まり、同じ背番号28の前任者であるMF米本拓司を目標に挙げた。
2010年シーズンは5月22日のナビスコカップ第3節新潟戦で初のベンチ入り。11月17日の天皇杯4回戦の千葉戦にて途中起用され、プロとして公式戦デビューを果たした。
2011年より大分トリニータへ期限付き移籍。17歳、Jリーグ史上最年少での移籍となった。田坂和昭監督は幸野のボールキープ力とアグレッシブな守備を評価。第12節栃木SC戦でリーグ戦デビューすると、ボランチとしてだけでなくシャドーストライカーとしても起用され2列目からの飛び出しなど攻撃面での貢献も見せた。
2012年、FC東京に復帰。J1第9節柏戦でJ1での初出場を記録した。さらに試合経験を積むために 同年8月より、FC町田ゼルビアへ期限付き移籍。中盤の軸の一人として活躍し、第36節大分戦でプロ入り後の初得点を挙げた。
町田で得た手応えを確かにすべく、2013年よりV・ファーレン長崎に期限付き移籍。長崎では主にFWに配され、ポジションを入れ替えながら攻撃するゼロトップを構成した。
2014年シーズンは1年半ぶりにFC東京へ復帰。同年のナビスコカップ仙台戦でFC東京での初先発 の機会を得るも その後の主力定着はかなわず、同年8月よりジェフユナイテッド市原・千葉へ期限付き移籍。終盤にかけて右サイドハーフの先発に定着し、巧みなパスで 攻撃のアクセントとなった。
2015年、FC東京へ復帰。2016年のACL・全北戦において、FC東京トップチームでは1年10ヶ月ぶりに公式戦出場。リーグ戦開幕以後はU-23チームでの出場が続き、同年6月20日にレノファ山口FCへ育成型期限付き移籍。ボランチに配された。
2017年、古巣V・ファーレン長崎へ完全移籍。
2018年9月8日、左膝の前十字靭帯を損傷し全治8ヶ月の重傷を負う。2019年シーズンはJ2リーグおよびルヴァンカップの出場はなく、12月5日に契約満了が発表された。
2020年2月17日、NPL（オーストラリア2部相当）のシドニー・オリンピックFCへの加入が発表。しかし、今度は開幕前に右膝の前十字靭帯を損傷する重傷を負い、シーズン中の復帰が不可能だったため契約解除。リバビリを続けながら次の所属先を探すことになった。同年、父親の健一がゼネラルマネージャーを務める千葉県社会人サッカーリーグ2部の市川SCに加入し、公式戦復帰を果たす。
2021年2月22日、関東サッカーリーグ2部に昇格した南葛SCに加入。11月に南葛SCとの契約を解除し渡独した。
2022年3月3日、ドイツレギオナルリーガに所属するFCオーバーノイラントに加入したと発表があった。",,確認
10904,笠原 昂史,KASAHARA Takashi,a,笠原昂史,unknown,,no_institution_keyword_found,"2011年に水戸ホーリーホックに加入。入団当時は本間幸司が正GKとして君臨していたが、長年の併用の後2017年には全試合に出場した。
2018年、松井謙弥と入れ替わる形で大宮アルディージャに移籍。最初の2シーズンは正GKとしてゴールマウスに立ったが、3シーズン目の2020年はフィリップ・クリャイッチの加入もあり20試合の出場にとどまった。
2021シーズンは怪我などもあって出遅れ、開幕スタメンを新加入の上田智輝に譲るも、第3節SC相模原戦で同年初出場を果たした。以降は上田やクリャイッチとポジションを争いながら出場を続けていたが、夏にJ1の横浜FCからベテランの南雄太が加入すると完全にポジションを奪われ、第2GKに降格した。
2022年、V・ファーレン長崎へ期限付き移籍。
2023年、大宮アルディージャに復帰。
2024年シーズン、大宮はJ3に降格するも残留。開幕戦からスタメンを勝ち取り、そのまま加入後初の全試合フル出場を果たし、J3優勝J2復帰に貢献した。クリーンシート数はリーグ2位の17試合を記録、シーズン終了後に2024年のJ3リーグベストイレブンに選出された。",unknown,No Information cnfirmed
10949,内藤 洋平,Yohei NAITO,a,内藤洋平,unknown,,no_institution_keyword_found,"2011年より京都サンガF.C.に入団。2013年から2020年までギラヴァンツ北九州でプレーした。
2021年5月11日、鎌倉インターナショナルFCに加入すると発表された。",unknown,No Information cnfirmed
10988,石川 慧,ISHIKAWA Kei,a,石川慧,unknown,,no_institution_keyword_found,"2011年にベガルタ仙台に加入。しかし、林卓人が守護神として君臨していたため公式戦での出場機会は無かった。2013年3月7日、金子進が怪我のため控えのGKが1人となったソニー仙台FCに緊急で期限付き移籍となった。

2014年シーズンはJ3リーグに参入するブラウブリッツ秋田へ期限付き移籍。GKコーチが不在の中、元仙台の熊林親吾や島川俊郎からコンディショニングを学び、ラグビー・秋田ノーザンブレッツの選手と筋トレをするなど自立した練習を重ねる。3月9日のJ3第1節・YS横浜戦でJリーグ初出場を果たし、年間通して出場を続け、リーグ戦21試合に出場した。

2015年は仙台へ復帰。GK陣は六反勇治、関憲太郎、シュミット・ダニエル、石川の4人体制でシーズン開幕を迎え、5月30日にシュミットが熊本に期限付き移籍すると第3GKとなり、同月3日のナビスコ杯・川崎フロンターレ戦において仙台での初ベンチ入りを果たす。同年は公式戦出場は無かったものの、リーグ戦、天皇杯を含め6試合にベンチ入りした。2016年はシュミットが松本に期限付き移籍したため、六反・関との3人体制となった。2月に肉離れを起こして6週間チームを離脱したものの、六反と関が相次いで負傷したことにより、4月6日のナビスコ杯・鳥栖戦において仙台での公式戦初出場を飾った。続く同月10日のJ1 1stステージ第6節・ガンバ大阪戦でJ1リーグ戦初出場を果たした。

2018年、栃木SCへ完全移籍。しかし正GK竹重安希彦と第2GKジョニー・レオーニの2人の壁は高く、2試合の出場に留まった。

2019年8月5日、大久保択生が移籍しGKを探していたサガン鳥栖へ完全移籍。高丘陽平の牙城を崩せずリーグ戦の出場は0に留まった。

2020年1月6日、ガンバ大阪へ完全移籍。しかしG大阪でも絶対的守護神東口順昭がおり、、第2GKを同じく新加入の一森純と争う形となった。同年のリーグ戦の出場は無く、トップチームでの出場はルヴァンカップの2試合のみとなった。
2月26日の鹿島アントラーズとの開幕戦でスタメンで起用され、第2節の浦和レッズ戦ではスーパーセーブを連発しチームのシーズン初勝利に貢献した。3月6日の第3節川崎フロンターレ戦では、2-1でリードしていた試合終盤、相手のヘディングシュートをキャッチしロングボールを蹴ろうとした際に地面にボールを置いた瞬間、背後にいた相手FW小林悠に気づかず、ボールを奪われ最後はレアンドロ・ダミアンに無人のゴールに流し込まれ同点弾を許すという痛恨のミスを犯してしまった。その後も勝てないチーム状況などが続き、4月以降のリーグ戦は怪我から復帰した一森や東口にポジションを譲ることとなった。
2023年は、湘南から谷晃生が復帰し、谷と東口が正GKの座を争ったため、自身はそれに次ぐ3番手だった。カップ戦全試合、谷が海外移籍して以降はリーグ戦全試合でベンチ入りしていた。12月3日、J1最終節のヴィッセル神戸戦で負傷離脱した東口に代わり先発に抜擢され、シーズン最後の試合にして同年初出場を果たした。
2024年は東口が前年からの怪我で長期離脱していたが、横浜F・マリノスへの期限付き移籍から復帰した一森が正GKを務め、自身は東口と第2GKを争い、公式戦は一度も出場機会がなかった。それでも7月25日に行われたレアル・ソシエダとの親善試合では先発フル出場し、チームは0-1で敗れたものの、好セーブを披露した。

2025年よりヴァンフォーレ甲府に完全移籍。

2026年より清水エスパルスに完全移籍。",unknown,No Information cnfirmed
11037,岩上 祐三,Yuzo IWAKAMI,a,岩上祐三,unknown,,no_institution_keyword_found,"2011年から特別指定選手として湘南ベルマーレに登録されている。2012シーズンからの湘南ベルマーレへの加入内定が発表された。
2013年8月に松本山雅FCへ期限付き移籍となる。
2014年、松本山雅FCへ完全移籍。3月22日に開催されたJ2第4節のカマタマーレ讃岐戦（香川県立丸亀競技場）では、讃岐が試合開始のキックオフから最終ラインまで下げたボールを奪いそのままミドルシュート、非公式計測ながらキックオフ後わずか7秒1での「Jリーグ最速」のゴールを決めた。
2015年12月25日、大宮アルディージャへの完全移籍 を発表。
2018年1月8日、松本山雅FCへの3年ぶりの復帰 を発表。
2019年12月29日、ザスパクサツ群馬への移籍 を発表。
2023年7月、SC相模原へ期限付き移籍 を発表。
2024年よりSC相模原に完全移籍。
11月27日に契約満了。
2025年7月9日、オーストラリアのサウス・メルボルンFCへの加入が発表された。",unknown,No Information cnfirmed
11081,杉本 拓也,Takuya SUGIMOTO,a,杉本拓也,unknown,,no_institution_keyword_found,"2011年9月、特別指定選手としてガイナーレ鳥取に登録、2012年に鳥取に正式加入した。2017年シーズン限りで契約満了。、Jリーグ合同トライアウトに出場した。
2017年12月、地元の藤枝MYFCへの移籍が発表された。
2022年11月27日、藤枝MYFCは契約期間満了と来シーズンの契約を結ばないことを発表。翌日28日、カンセキスタジアムとちぎで行われたJリーグ合同トライアウトに出場した。
2023年、福井ユナイテッドFCに移籍。",unknown,No Information cnfirmed
11103,白井 裕人,SHIRAI Yuto,a,白井裕人,unknown,,no_institution_keyword_found,"2011年にJFLの松本山雅FCに加入。初年度は19試合に出場しチームのJ2昇格に貢献した。以降、野澤洋輔とレギュラーを争いつつ試合に出場していたが、2014年からは村山智彦が正GKとなり出場機会が激減した。
2017年よりツエーゲン金沢に完全移籍。
原田欽庸からポジションを奪って守護神としてゴールを守り、2018年にはガンバ大阪から田尻健、2019年には湘南ベルマーレから後藤雅明、2020年にはFC琉球から石井綾といった選手が加入したが、激しいポジション争いに勝利し、守護神の座を守った。　
しかし2021シーズンは湘南から後藤が完全移籍で復帰すると、レギュラーの座を奪われ第2GKに降格。シーズン終了までポジションを奪うことが出来ず、この年の出場は5試合に留まった。
2022シーズンより背番号を1に変更。同年の開幕戦は後藤が移籍したため再び先発に抜擢された。",unknown,No Information cnfirmed
11164,大竹 隆人,Ryuto OTAKE,a,大竹隆人,unknown,,no_institution_keyword_found,"6年間FC町田ゼルビアの選手だったが、2016年11月29日契約満了にともない契約を更新しないことを決定した。
2017年からは藤枝MYFCへ移籍。2019年シーズン終了後に藤枝を退団した。
2020年2月、J.FC MIYAZAKIへ加入。
2023年12月4日、契約満了による退団が発表された。2024年3月22日、2023シーズン限りでの現役引退が発表された。",unknown,No Information cnfirmed
11177,木下 高彰,Takaaki KINOSHITA,a,木下高彰,unknown,,no_institution_keyword_found,"2012年にジュビロ磐田に入団。
2014年3月16日に、Jリーグ・アンダー22選抜として藤枝MYFC戦に出場し、J3リーグ初出場。同年4月20日に行われた横浜FC戦で磐田の選手としてのリーグ初出場を果たした。また、Jリーグ・アンダー22選抜として出場した10月12日に行われたSC相模原戦でリーグ初ゴールを含む2ゴール挙げた。
2015年12月9日に2016年から水戸ホーリーホックでプレーする事が発表された。
2017年、福島ユナイテッドFCに期限付き移籍。
2018年、藤枝MYFCに期限付き移籍。シーズン終了後、契約満了により水戸・藤枝両クラブから退団が発表された。同年12月12日、フクダ電子アリーナで行われたJリーグ合同トライアウトに出場。
2019年、いわてグルージャ盛岡に移籍。
2020年、ラインメール青森FCに完全移籍。2022年シーズン終了後、ラインメール青森FCは退団を発表した。
2023年2月20日に神奈川県社会人サッカーリーグ1部の品川CC横浜への移籍を発表。",unknown,No Information cnfirmed
11193,中島 翔哉,NAKAJIMA Shoya,a,中島翔哉,j_club_academy,j_club_academy,overseas_relocation_language_no_domestic_institution,"6歳の時にサッカーを始めるも、同時期に両親が離婚して、母子家庭に育ち、2つのサッカースクールとフットサル教室に通っていた。2004年より東京ヴェルディの下部組織に加入。中学生時にはブラジルへのサッカー留学も3度経験した。2010年には東京都選抜の一員として国体で優勝。2011年にはクラブユース選手権で連覇を果たし、自身もベストヤングプレーヤーに選出された。また2012年にはオランダのアヤックス・アムステルダムに短期留学している。

2012年2月、2種登録選手に登録され トップチームに帯同。同年9月より監督に就いた高橋真一郎によって抜擢され、天皇杯2回戦のH大分戦で途中出場し、トップチーム初出場。同月14日のJ2第33節福岡戦でJリーグ初出場。同点となるゴールを挙げ、チームの連敗脱出に貢献した。翌10月に東京Vとのプロ契約締結が発表された。同月に行われたJ2第39節栃木戦ではハットトリックを記録。18歳59日での達成により松波正信のJリーグ最年少記録を塗り替えた。
2013年は高橋の退任もあって先発出場が激減し、2得点に留まったが、その何れもが決勝点となった。J2第35節群馬戦で決めた得点は同年のJ2最優秀ゴール賞に選出された。

2014年、依然東京Vでは満足に出場が見込めないことから、同クラブの新体制発表後 にFC東京へ完全移籍し、移籍と同時に中島の才を買っていたカターレ富山へと期限付き移籍された。富山では中島の加入に合わせて急遽布陣が変更され、FW やトップ下、左サイドハーフ に配された。スピード溢れる ドリブル突破で好機に絡み 前線からの守備に奔走するも、味方のサポートが及ばずに孤立する場面も多く 自身のシュートミスも重なって 得点は伸びなかった。

2014年8月25日、FC東京へ復帰。シーズン半ばを過ぎ主戦力が固まっている中、途中出場からのチャンスメークで貢献した。 2015年6月20日、第16節の鳥栖戦でJ1初得点。
2016年はU-23代表での活動により新チーム発足に乗り遅れたことから、U-23チームでのプレーが続いた。自身より若い選手が多いチームにあって難しい役割を強いられる中で、右膝内側側副靱帯の重症も重なり、J1・1stステージの出場は2試合に留まった。J1・2ndステージでは、中島の長所を尊重する篠田善之新監督の下、FWムリキの負傷に伴い左サイドハーフに配されると、カットインからの鋭いシュートという得意な形からゴールへの積極性を存分に発揮。第11節湘南戦では2試合連続得点となるミドルシュートを決め、同16節の仙台戦では決勝点となる2試合連続のアシストで3連勝に貢献した。
2017年は開幕から2試合連続で途中出場し得点に絡んだ。

2017年8月23日にプリメイラ・リーガ（ポルトガル1部）のポルティモネンセSCへ、2018年6月30日までの期限付き移籍が決定した。ポルティモネンセが公式サイトで発表した。9月3日、カップ戦2回戦のシャベス戦で後半から出場して移籍後初出場を果たした。9月8日、第5節のSLベンフィカ戦でスタメン出場をしてリーグ戦デビューを飾った。9月18日、第6節のCDフェイレンセ戦では移籍後初得点を含む2得点の活躍を見せた。10、11月には4試合で3得点を記録し、リーグが選出する同期間の最優秀FWに選ばれた。最終的にはリーグ戦29試合に出場し29試合でスタメン、21試合にフル出場し、10得点12アシストという成績で終えた。2018年5月16日、ポルトガルのフットボールゲーム制作会社『REAL FEVR』によるリーグの年間ベストイレブンに選出された。
2018-19年シーズン、9月23日に行われた第5節のヴィトーリアSC戦で2得点を挙げて同季初勝利に貢献し、10月7日に行われた第7節のスポルティングCP戦では2得点2アシストと全得点に絡む活躍を見せ勝利に貢献した。

2019年2月3日、カタール・スターズリーグ(カタール1部)のアル・ドゥハイルSCへの完全移籍が発表された。欧州の報道によると移籍金は3500万ユーロ(約43億7500万円)で、中田英寿が2001年に移籍した際の約32億円を上回る日本人史上最高額となった。3月12日、ACL第2節のアル・ヒラル戦でACL初得点を決めた。

2019年7月5日、プリメイラ・リーガ・FCポルトへの完全移籍が発表された。契約期間は5年。背番号は当初「8」となる予定だったが、プレシーズンマッチでは背番号「10」を着用し、7月18日に10番を付けていたオリベル・トーレスのセビージャFC移籍に伴い、正式に背番号が「10」に変更となった。8月13日、CL予選3回戦2ndレグのFCクラスノダール戦で移籍後初出場を果たした。8月17日、第2節のヴィトーリア・セトゥーバル戦で途中交代から移籍後リーグ戦初出場。12月19日、タッサ・デ・ポルトガル5回戦のCDサンタ・クララ戦で移籍後初ゴールを決めた。リーグ戦では16試合に出場したが(公式戦全体では28試合1ゴール3アシスト)、新型コロナウイルスによる中断を経てからのリーグ戦再開後は出場機会が無かった。チームはリーグ優勝を果たしたが、優勝セレモニーやシーズン終了後のイケル・カシージャスの送別会にも姿を見せなかった。中島の妻は喘息持ちであり、更に雇っているスタッフがコロナの影響で帰国してしまった事から、妻の看病の為にチーム合流を拒否していた事をポルトのスポーツ・ディレクターであるルイス・ゴンサウベスが明かしており「我々はそれを解決したいと思う。彼も保証してくれた」とコメントし、クラブと中島との間に溝がない事を強調した。
2020-21シーズン、UEFAチャンピオンズリーグ、グループリーグのマンチェスター・C戦で約7ヶ月振りとなる公式戦出場、チャンピオンズリーグ初出場を果たし、10月24日のジル・ビセンテ戦ではシーズン初の先発起用されると、決勝ゴールをアシストした。

2021年1月16日、アラビアン・ガルフ・リーグに所属するアル・アインFCへの期限付き移籍が発表された。しかし2月23日、ポルトガル紙『O JOGO』など複数のメディアが、中島が練習中に足首の脛骨骨折および靭帯断裂の大怪我を負った事を報じ、移籍後僅か2試合の出場で残りのシーズンを棒に振る事となった。

2021年8月25日、プリメイラ・リーガに所属するポルティモネンセSCへの期限付き移籍が発表された。10月17日、オリベイレンセとのカップ戦で約10か月ぶりとなる怪我から復帰を果たした。11月6日、CFベレネンセス戦で同シーズン初得点を決めて勝利に貢献した。以降公式戦25試合に出場し、2ゴール5アシストを記録した。
2021-22シーズン終了後、保有元のFCポルトは売却もポルティモネンセSCへの期限付き移籍延長の可能性も消滅した中島との2024年6月までの契約を双方合意の上で解除した。

2022年9月8日にトルコスュペル・リグのアンタルヤスポルと2年契約を結んだ。加入の経緯についてヌリ・シャヒン監督は「話しかけても、何も話さないんだ。ただ『ハロー』『サンキュー』と言うだけ。礼儀正しいけど、シャイだね。思ったのは、彼は”話さない人""だなと。普通なら獲得しないだろうけど、ドルトムントで香川とチームメートだった経験がある。真司も話さないタイプだったけど、適応しようとしていた」と香川の存在が背景にあったとし、さらには「相手の文化を理解しなければならない。データ上、中島は良い選手だが、そこだけではない。とあるワールドクラスの選手と移籍話をしていた。名前を出せば、誰もが契約したがるくらいの。でも彼と３分ほど話したが、キャリアの幸運を祈るだけで契約せず中島と契約した。会長が知ったら、狂ってると言うだろうね」とも振り返った。
9月17日、加入2戦目でホームデビュー戦となったスュペル・リグ第7節アダナ・デミルスポル戦にて後半14分から途中出場すると、わずか15秒後に相手のヨナス・スヴェンソンに行ったタックルでキャリア初のレッドカードを受けた。その後もリーグ戦で先発6試合を含む15試合の出場で0ゴール、0アシストの成績にとどまり、アンタルヤスポルの財政難もあり2022-23シーズンの未払い分および2023-24シーズン分の年俸を放棄した上で、2023年7月4日、アンタルヤスポルとの契約を解除し退団した。

2023年7月25日、浦和レッズへ完全移籍加入することが発表された。6年ぶりのJリーグ復帰となる。

2011年、U-17日本代表に選出されU-17ワールドカップに出場。準々決勝ブラジル戦では相手のスペースを巧みに突いて 得点を挙げた。
2014年、手倉森誠監督率いるリオデジャネイロオリンピックを目指す日本代表に選出され、2014年1月開催のU-22アジア選手権に背番号10を背負って出場。切れ味鋭いドリブルで 相手DFを翻弄し、チーム最多となる3得点を記録した。同年9月のアジア競技大会でもエース格として フル出場を続けた。
2015年、AFCアジアカップ2015のサポートメンバーとしてA代表に帯同。数合わせとしての参加ながら、得意のキレのあるドリブルで 控え組を盛り立てた。その後も相手の守備組織を撹乱する素早い動き出しでパスを呼び込み 得点力と運動量を兼備するチームに欠かせない存在として信頼を集めた。
U-23日本代表として出場した2016年1月のAFC U-23選手権では、準々決勝U-23イラン戦での2得点や、決勝U-23韓国代表戦での浅野拓磨による決勝点のアシスト、素早い攻守の切替を体現する運動量で チームの初優勝に貢献し、大会最優秀選手に選ばれた。
負傷によりトゥーロン国際大会を欠場し、一時はオリンピック本大会出場を危ぶまれたが、キリンチャレンジカップU-23南アフリカ戦で2得点を挙げてメンバー入りを手繰り寄せた。オリンピック本大会ではグループリーグ第2戦のU-23コロンビア戦で先発出場し、相手GKの頭上を抜く 鮮やかなミドルシュートを決めて決勝トーナメント進出への望みをつないだが、第3戦の他チームの結果によりグループリーグで敗退した。このゴールにより手倉森体制下での総得点はチーム最多となる19得点を数えた。
2018年3月24日、マリとの親善試合でサッカー日本代表としてデビューを果たし、初出場ながら三竿健斗のボールに合わせてネットを揺らし、チームの窮地を救った。この試合や所属チームの活躍もあり、W杯メンバー選出に期待されたが、マリ戦で中島を代表に選出し、この試合の中島を絶賛していたヴァイッド・ハリルホジッチが日本代表監督を解任された影響もあり、W杯メンバーからは落選した。8月30日に発表された森保一新監督の初陣のメンバーに選ばれ、9月11日に行われたコスタリカ戦からメンバー外の香川真司に代わり背番号10を付けてプレーしている。
2019年1月、AFCアジアカップ2019に向けて現地練習を行っていたが、直前のチームでの試合の怪我の影響で負傷離脱を余儀なくされた。当大会では代役として追加召集された乾貴士が背番号10を背負うこととなった。3月の親善試合（対コロンビア・ボリビア）では、香川の復帰に伴いどちらが10番を着用するのか注目されたが、10番は香川が着用し、中島は8番となった。ボリビア戦では途中出場で得点を決め、この得点がサッカー男子日本A代表の平成における最後の得点となった。
2019年6月、A代表では自身初の国際大会であるコパ・アメリカ2019のメンバーに選出。グループリーグ全3試合に出場。第3戦のエクアドル戦では、得点を挙げてマンオブザマッチにも選出された。
2019年11月以降、クラブでの不調もあり代表からは遠ざかり、2022 FIFAワールドカップのメンバーにも選出されなかった。",,確認
11247,畠中 槙之輔,HATANAKA Shinnosuke,a,畠中槙之輔,high_school,high_school|j_club_academy|grassroots_club,possible_incidental_schooling_around_club_academy,"畠中 槙之輔（はたなか しんのすけ、1995年8月25日 - ）は、神奈川県横浜市都筑区出身のプロサッカー選手。Jリーグ・セレッソ大阪所属。ポジションはディフェンダー（DF）。元日本代表。


== 人物・来歴 ==


=== クラブ ===
経済産業省官僚で横浜すみれSCの監督を務めていた安藤保彦の息子から誘われて、小学校1年生でサッカーを始める。その後東京ヴェルディの下部組織で育ち、2014年にトップチームに昇格した。
2016年、FC町田ゼルビアへ期限付き移籍。
2018年8月14日、横浜F・マリノスへ完全移籍。8月22日、天皇杯4回戦のベガルタ仙台戦で初先発すると、デビュー戦で得点を決めた。
2019年はリーグ戦全34試合に出場。チアゴ・マルチンスとのCBコンビでチームを支え、15年ぶりのリーグ優勝に貢献した。
2024年12月28日、セレッソ大阪への完全移籍が発表された。


=== 代表 ===
2019年3月14日、キリンチャレンジカップ2019の日本代表に選出されると、26日のボリビア戦に先発出場し、国際A代表デビューを果たした。同年12月にはEAFF E-1サッカー選手権2019に出場する日本代表のメンバーに選出された。


=== 性格 ===
負けず嫌いで努力家という点で衆目一致する。


== 所属クラブ ==
横浜すみれSC（横浜市立中川小学校）
2005年 - 2007年 東京ヴェルディジュニア（横浜市立中川小学校）
2008年 - 2010年 東京ヴェルディジュニアユース（横浜市立中川中学校）
2011年 - 2013年 東京ヴェルディユース（荏田高校）
2014年 - 2018年8月 東京ヴェルディ
2014年 - 2015年 Jリーグ・アンダー22選抜
2016年 FC町田ゼルビア（期限付き移籍）
2018年8月 - 2024年 横浜F・マリノス
2025年 - セレッソ大阪


== 個人成績 ==

2013年はユース所属
その他の公式戦

2017年
J1昇格プレーオフ 1試合0得点
2020年
FUJI XEROX SUPER CUP 1試合0得点
2023年
FUJI XEROX SUPER CUP 1試合0得点

出場歴
Jリーグ初出場 - 2014年3月30日 J2 第5節 対V・ファーレン長崎戦（味の素スタジアム）
Jリーグ初得点 - 2017年6月25日 J2 第20節 対町田ゼルビア戦（町田市立陸上競技場）


== タイトル ==


=== クラブ ===
東京ヴェルディジュニア
全日本少年サッカー大会（2007年）
ダノンネーションズカップ in JAPAN（2007年）
チビリンピック（2007年）
バーモントカップ（2007年）
東京ヴェルディユース
日本クラブユースサッカー選手権 (U-18)大会（2011年）
高円宮杯U-18サッカーリーグ プレミアリーグEAST（2012年）
横浜F・マリノス
J1リーグ：2回（2019年、2022年）
FUJIFILM SUPER CUP：1回（2023年）


=== 代表 ===
EAFF E-1サッカー選手権：1回（2022）


=== 個人 ===
Jリーグ・優秀選手賞（2019年）


== 代表歴 ==


=== 出場大会 ===
U-17日本代表
U-18日本代表
U-19日本代表
日本代表
2019年 - キリンチャレンジカップ
2019年 - EAFF E-1サッカー選手権2019
2022年 - EAFF E-1サッカー選手権2022


=== 試合数 ===
国際Aマッチ 10試合 0得点（2019年 - ）


=== 出場 ===


== 脚注 ==


== 関連項目 ==
東京ヴェルディ1969の選手一覧
FC町田ゼルビアの選手一覧
横浜F・マリノスの選手一覧
セレッソ大阪の選手一覧


== 外部リンク ==
畠中槙之輔 - National-Football-Teams.com (英語)
畠中槙之輔 - Soccerway.com (英語)
畠中槙之輔 - Soccerbase.comによる選手データ (英語)
畠中槙之輔 - FootballDatabase.eu (英語)
畠中槙之輔 - WorldFootball.net (英語)
畠中槙之輔 - Transfermarkt.comによる選手データ (英語)
畠中槙之輔 - J.League Data Siteによる選手データ
畠中槙之輔 - playmakerstats.com (英語)
畠中槙之輔 (@shin__444) - X（旧Twitter）
畠中槙之輔 (@hatanaka_shinnosuke) - Instagram",j_club_academy,高校記載なし
11388,前田 悠佑,Yusuke MAEDA,a,前田悠佑,unknown,,no_institution_keyword_found,"2007年、当時Kyuリーグに所属していたホンダロックSCに入団。新人ながらレギュラーとして定着し、リーグ戦18試合に出場した。以後、ホンダロックでは主力メンバーとして出場し、2009年のホンダロックのJFLの復帰に貢献した。また2011年はホンダロックの天皇杯のJFLシードでの出場やJFL過去最高順位の8位躍進にも貢献した。
2012年より同じ九州の当時JFLのV・ファーレン長崎に完全移籍した 。
2015年7月12日J2第23節ホーム京都戦でJリーグ初ゴールを決めた。
2018年シーズン終了後、契約満了により退団。
2019年2月、現役引退とV・ファーレン長崎の普及インストラクター就任が発表された。",unknown,No Information cnfirmed
11423,長澤 和輝,Kazuki NAGASAWA,a,長澤和輝,university,university|high_school|j_club_academy,possible_incidental_schooling_around_club_academy,"4歳から、地元のちはら台SCでサッカーを始めた。中学時代は三井千葉サッカークラブジュニアユースに所属。中学卒業後に千葉県立八千代高等学校へ進学。砂金伸監督より指導を受ける。3年時、主将として第88回全国高等学校サッカー選手権大会に出場し、大会優秀選手に選ばれた。
複数の大学での練習参加を経て、専修大学サッカー部の源平貴久監督に誘われ、2010年に同大学経営学部へ入学。1年生でレギュラーに定着し、2年時には全日本大学選手権優勝に貢献した。4年時は主将を務め、2年時から関東大学サッカーリーグ戦3連覇を達成した。関東1部リーグ通算は、62試合38得点。3年次はアシスト王を受賞。この際の17アシストは、リーグ戦が現行ルールとなった2005年からの歴代最多アシストである。。
同大学の一学年先輩に鈴木雄也、同期に下田北斗、一学年後輩に仲川輝人、北爪健吾らがいる。大学では、高校の公民教科の教員免許をしている。
2013年3月には、横浜F・マリノスに特別指定選手として加入。4月3日のナビスコ杯予選リーグ第3節大宮アルディージャ戦（ニッパツ三ツ沢球技場）で藤田祥史と交代で樋口靖洋監督によって途中出場し、公式戦デビューを果たした。また、2011年から2年連続でデンソーカップチャレンジサッカーの全日本大学選抜に選出され、ベストイレブンを受賞。

大学4年次のユニバーシアード日本代表でのドイツ遠征時に、1.FCケルンのスカウトの目に留まったことをきっかけに、同チームへ練習生として参加。その際に、プロ契約の打診を受け、大学卒業後は、Jリーグクラブを経由せずに渡独することを決断した。
2013年12月22日、ドイツ・ブンデスリーガ2部の1.FCケルンへの加入が正式発表された。契約期間は2016年6月末までの2年半。
チーム加入当初は、ケルン体育大学の学生寮に仮住まいし、徐々に生活環境を整えていった。
2014年1月18日のシャルケ04との練習試合でペーター・シュテーガー監督によって初起用。加入後はリーグ戦10試合出場で1アシストを記録し、チームの1部昇格と2部リーグ優勝に貢献した。2014年5月21日、2018年6月末まで契約期間を2年延長した。
2014-15シーズンは、2014年10月4日の第7節アイントラハト・フランクフルト戦で、81分にシモン・ツォラーと交代でブンデスリーガデビュー。この試合は、フランクフルトで長谷部誠・乾貴士が先発。ケルンで大迫勇也が先発し、4人の日本人選手がブンデスリーガの舞台で共演する形となった。2015年4月12日のTSG1899ホッフェンハイム戦でブンデスリーガ初先発。しかし、開幕前に左膝靭帯断裂の重傷を負った影響で出場は10試合に留まった。ヨルグ・シュマッケ（de:Jörg Schmadtke）CEOからは、「大きな才能の持ち主。手放したくない」と評価されていたが、「試合に出てプレーしたいという思いが強くなった」ということで帰国を決断した。

2015年12月18日にJ1・浦和レッズへ完全移籍。浦和にとっては、専修大時代から足掛け3年のオファーが実った形となった。浦和強化部の負傷影響によるゲーム体力とゲーム勘を養うべきという判断の下、2016年シーズンはJ2・ジェフユナイテッド市原・千葉へ期限付き移籍することが発表された。
千葉で迎えた2016シーズンは、フクダ電子アリーナでのホーム開幕となった徳島ヴォルティス戦にて、0-1ビハインドの状況で、63分に小池純輝と交代し途中出場。千葉での公式戦デビューとなった。試合は、後半ロスタイムに吉田眞紀人のゴールで千葉が同点に追いつき、さらに、その3分後、左サイドの阿部翔平のクロスから山本真希が放ったシュートは徳島GKの相澤貴志に弾かれるが、こぼれ球に自ら反応した山本がシュート。軌道は船山貴之に当たるが、そのまま船山が放ったシュートが相手DFにブロックされ、その混戦の中を長澤が押し込み、Jリーグ初ゴールを決め、ロスタイムでの逆転勝利に貢献した。続く第2節ファジアーノ岡山戦（シティライトスタジアム）でも、65分に井出遥也と交代し途中出場。70分に最前線でクサビのパスを受けた船山貴之のラストパスから得点し、2試合連続得点となった。第3節横浜FC戦以降は、スターティングメンバーのポジションを確立。最終的に、41試合出場、4得点と中心選手として活躍した。

2016年12月16日、浦和レッズに復帰することが発表された。同期加入にオナイウ阿道、ラファエル・シルバ、菊池大介、榎本哲也、田村友。同じく期限付き移籍から復帰した福島春樹、矢島慎也がいた。
2017シーズンは、ミハイロ・ペトロヴィッチ監督の下、2月12日に行われたリーグ開幕前の日韓友好50年第10回さいたまシティカップ、FCソウル戦（浦和駒場スタジアム）にて柏木陽介とハーフタイムに交代し、途中出場ならびに実戦デビュー。青木拓矢とダブルボランチを組んだ。浦和は、イ・サンホ（ko:이상호 (1987년)）のゴールで先制を許したものの、後半38分、駒井善成の左クロスが相手DFに当たったこぼれ球を長澤が迷わず右足で叩き、同点ゴールとなるミドルシュートを決めドロー。長澤自身は、MVPを受賞した。続く2月18日のFUJI XEROX SUPER CUP2017、鹿島アントラーズ戦（日産スタジアム）にも64分に駒井善成と交代し、途中出場した。浦和でのスタメンデビューは、6月21日、天皇杯2回戦のいわてグルージャ盛岡戦（浦和駒場）となった。
リーグ戦では、開幕戦からベンチ入りをするものの、出場機会を得られず、またチームも調子が上向かず、7月に5年半監督を務めたペトロヴィッチを解任し、堀孝史が監督に就任した。監督交代後も、出場機会はすぐには訪れなかったが、堀監督は長澤のコンディション、戦術浸透度を見極めたうえで起用を検討、8月27日、第24節清水エスパルス戦（IAIスタジアム日本平）にて、77分に矢島慎也と交代し、J1デビュー。AFCチャンピオンズリーグ2017では中心選手として活躍。特に準決勝上海上港との2ndレグではデュエルで強さを発揮して決勝進出に貢献。同試合を視察していた日本代表のヴァイッド・ハリルホジッチ監督からも名指しで「守備でも攻撃でも運動量豊富な選手」と称賛された。決勝のアル・ヒラル戦でも1stレグ、2ndレグともにスタメン出場し、チームを10大会ぶり2回目の優勝に導いた。ACLの活躍から、欧州遠征に臨む日本代表に初選出。また、10月29日にエディオンスタジアム広島で開催された第31節のサンフレッチェ広島戦において、後半61分、右サイドをオーバーラップした遠藤航のクロスにダイレクトボレーで合わせ、J1初得点を決めている。試合もこの一点を守り0-1で浦和が勝利した。
2018シーズンは、4月にオズワルド・オリヴェイラが監督に就任すると出場機会を伸ばし、リーグ戦27試合に出場。特に天皇杯では、第二回戦Y.S.C.C.横浜戦（浦和駒場）から先発出場し、埼玉スタジアム2002で開催された決勝のベガルタ仙台戦でもフル出場し、チームの12大会ぶり7回目の天皇杯優勝に貢献した。
2019シーズンは、5月に就任した大槻毅監督体制でも主力して出場。5月17日の湘南ベルマーレ戦において、柴戸海のスルーパスを豪快に決めてシーズン初ゴール。9月28日駅前不動産スタジアムでの27節サガン鳥栖戦では、橋岡大樹のクロスにオーバーヘッドで合わせて、自身J1で1シーズン最多となる3ゴール目を挙げた。AFCチャンピオンズリーグ2019でも主力として活躍。グループステージの北京国安戦（埼玉）では、武藤雄樹のパスから先制点を挙げた。チームも決勝に進出し、日本勢3連覇を目指したが、優勝した2017年と同カードのアル・ヒラルに敗れ、準優勝となった。
2020シーズンも、リーグ戦27試合に出場。10月18日のベガルタ仙台戦にて、興梠慎三と汰木康也との連携から、シーズン初ゴールを決めた。

2020年12月28日、名古屋グランパスに完全移籍。同期加入は、柿谷曜一朗、木本恭生、児玉駿斗、齋藤学、森下龍矢。
2021シーズンは、ホーム開幕戦となった第二節の北海道コンサドーレ札幌戦にて移籍後公式戦初出場。54分に柿谷曜一朗、相馬勇紀とともにガブリエル・シャビエル、山﨑凌吾、米本拓司と三人同時交代での出場であった。試合は、同時交代した相馬が82分にゴールを決め、1-0で勝利し、開幕連勝となった。シーズンは、マッシモ・フィッカデンティ監督の下、自身J1最多となる32試合に出場し、チーム初となるYBCルヴァンカップ優勝にも貢献した。また、6月9日に行われた三菱自動車水島FCとの天皇杯2回戦（長良川）において、自ら得たPKを決め、移籍後公式戦初ゴールを決めた。試合も他に藤井陽也、マテウス・カストロ、石田凌太郎のゴールで、名古屋が5-0で勝利した。
2022シーズンは、開幕節となったホームヴィッセル神戸戦でレオ・シルバと交代で、シーズン初出場したが、4月20日のアウェイFC東京戦（味スタ）で、右膝外側半月板を損傷し、5-6ヶ月の治療期間を要することが発表された。しかし、治療に時間を要し、8月にシーズン中の登録抹消が発表された。リーグ終了後の11月25日に開催されたEUROJAPAN CUP 2022のASローマ戦（豊田スタジアム）にて、46分から重廣卓也と交代出場。約7ヶ月ぶりの実戦復帰となった。
2023シーズンは、3月8日、ノエビアスタジアム神戸で行われたYBCルヴァンカップグループリーグ第1節、ヴィッセル神戸戦で今季公式戦初出場ならびに初先発。84分に山田陸と交代したが、試合は、酒井宣福の2ゴールで名古屋が0-2で勝利した。続く3月12日、でのJ1リーグ第三節柏レイソル戦（三協フロンテア柏スタジアム）にて、89分にマテウス・カストロと交代で途中出場し、今シーズンJ1初出場。昨年の負傷から326日ぶりのJ1ピッチでのプレーとなった。

2023年シーズン、Jリーグ中断期間の8月3日、浦和時代の恩師である堀孝史が監督を務めるJ2リーグ・ベガルタ仙台へ完全移籍することをクラブや所属事務所を通して発表した。背番号は「37」。名古屋時代の同僚である齋藤学も同時期に加入。エヴェルトンとは浦和以来の同僚となった。8月6日、移籍後リーグ初戦となったジュビロ磐田戦（エコパスタジアム）にて、72分に加藤千尋と交代し、移籍後初出場。次節8月13日、ザスパクサツ群馬戦（ユアテックスタジアム仙台）にて、初先発出場。
2024年シーズン、8月3日、首位の清水エスパルス戦（ユアテックスタジアム仙台）で決勝点となる在籍初ゴールを決めた。移籍前最後の試合となった8月25日のジェフユナイテッド千葉戦（フクダ電子アリーナ）では仙台で初めてゲームキャプテンを務めた。

2024年8月29日にAリーグに所属するニュージーランドのウェリントン・フェニックスFCへの完全移籍が発表された。
2024年10月20日のウェスタン・ユナイテッドFCとのAリーグ開幕戦に先発し、移籍後初出場。この試合は、ウェリントン・フェニックスFCで長澤・石毛秀樹、ウェスタン・ユナイテッドFCで、指宿洋史・檀崎竜孔が出場し、4人の日本人選手が共演する形となった。2025年1月20日のマッカーサーFC戦にて、石毛のヒールでのアシストから移籍後初ゴールをあげ、チームも1-2で逆転勝利した。

2013年7月、ロシア・カザンで行われた第27回夏季ユニバーシアードにユニバーシアード日本代表として出場し、銅メダルを獲得した。
2017年10月31日、ヴァイッド・ハリルホジッチ監督により、欧州遠征のブラジルとベルギーに挑む日本代表に初選出された。背番号は「25」。11月14日にヤン・ブレイデルスタディオンで開催されたベルギー戦に先発出場。同時招集された森岡亮太と61分に交代するまで出場し、国際Aマッチ初出場を果たした。",,ドイツFCの練習生記載あり　大学からマリノス入団確認
11500,光永 祐也,Yuya MITSUNAGA,a,光永祐也,unknown,,no_institution_keyword_found,"2014年シーズンよりアビスパ福岡トップチームへ昇格する事が発表された。
2015年、当初はアビスパ福岡に登録されていたが、3月、AC長野パルセイロへ期限付き移籍。
2016年、アスルクラロ沼津へ期限付き移籍することが発表されたが、公式戦出場機会はなかった。2016年12月16日、ロアッソ熊本への完全移籍での加入が発表された。
2017年は持ち前の攻撃参加で試合出場機会を得たが、片山奨典からレギュラーを奪うには至らなかった。11月27日、契約満了が発表された。
2017年12月、藤枝MYFCへの移籍が発表された。
2019年、ザスパクサツ群馬へ完全移籍。
2022年、VONDS市原への期限付き移籍が発表された。シーズン終了後、ザスパクサツ群馬より期限付き移籍の終了と契約期間の満了が発表。
同年11月28日、カンセキスタジアムとちぎで行われたJリーグ合同トライアウトに出場した。
2023年1月21日、品川CC横浜（神奈川県サッカーリーグ1部）に移籍することが発表された。",unknown,No Information cnfirmed
11895,西口 諒,Ryo NISHIGUCHI,a,西口諒,unknown,,no_institution_keyword_found,"2019年7月12日、MIOびわこ滋賀に期限付き移籍で加入すると発表された。
2020年1月、MIOびわこ滋賀へ完全移籍。
2022年11月18日、現役引退を発表。",unknown,No Information cnfirmed
11897,有永 一生,Kazuki ARINAGA,a,有永一生,unknown,,no_institution_keyword_found,"2013年9月8日に行われた第93回天皇杯全日本サッカー選手権大会の名古屋グランパス戦で得点を決めたことに対して「SURUGA I DREAM Award」が受賞された。
2019年12月18日、いわてグルージャ盛岡へ完全移籍により加入すると発表された。2021年シーズン終了後、契約満了による退団が発表された。同年12月9日、フクダ電子アリーナで行われたJリーグ合同トライアウトに出場した。
2022年、ボンズ市原に移籍。
2025年12月13日、現役引退を発表。",unknown,No Information cnfirmed
11934,田村 亮介,TAMURA Ryosuke,a,田村亮介,unknown,,no_institution_keyword_found,"京都サンガF.C.の育成組織出身。2014年、トップチームに昇格した。同年3月16日、Jリーグ・アンダー22選抜の対藤枝MYFC戦で63分にプロ初出場を果たし、94分にプロ初ゴールを記録した。
2015年1月、サガン鳥栖への期限付き移籍が発表された。2015年末で期限付き移籍満了で京都に復帰。
2019年、福島ユナイテッドFCに完全移籍。
2021年、Kリーグ2（韓国2部）のFC安養に完全移籍。
2022年、ガイナーレ鳥取に完全移籍。
2024年、出身の奈良県を本拠地とする奈良クラブに完全移籍。",j_club_academy,トップチーム昇格記述
11946,益子 義浩,Yoshihiro MASUKO,a,益子義浩,unknown,,no_institution_keyword_found,"2012年10月10日の第92回天皇杯3回戦のアルビレックス新潟戦で後半18分に決勝ゴールを決めて、福島ユナイテッドの勝利に貢献したことについて「SURUGA I DREAM Award」に選ばれた。
2019年、プロサッカー選手を引退し、アマチュアクラブのスペリオ城北へ移籍すると発表された。",unknown,No Information cnfirmed
11956,山田 尚幸,Naoyuki YAMADA,a,山田尚幸,unknown,,no_institution_keyword_found,"2022年シーズンからは、ヴァンラーレ八戸に加入。同年は主力級の活躍を見せ、2023年シーズンも開幕から9試合出場を果たすも同年5月に負傷。右膝内側側副じん帯損傷で全治4週間の診断を受けた。
2024シーズンをもって現役を引退した。",unknown,No Information cnfirmed
12070,服部 康平,Kohei HATTORI,a,服部康平,unknown,,no_institution_keyword_found,"2014年、J3のSC相模原へ入団。在籍当時はアマチュア契約だったため、選手活動の傍らスイミングスクールのコーチを務めていた。当初はフォワードであったが、2016年途中からディフェンダーにコンバートされた。
2017年、栃木SCへ完全移籍し、プロ契約に移行した。栃木では元フォワードの経験を活かし、得点力のあるセンターバックとして活躍。またゲームキャプテンとしてチームを引っ張る存在であった。
2019年、J1・松本山雅FCに完全移籍で加入。2020年12月11日、契約満了による退団が発表された。
2021年、FC岐阜へ加入。2022年12月12日、2022シーズン限りでの現役引退を発表した。",unknown,No Information cnfirmed
12114,嫁阪 翔太,Shota YOMESAKA,a,嫁阪翔太,unknown,,no_institution_keyword_found,"2014年10月、2015年シーズンからのトップチーム昇格内定が発表された（同期昇格は林瑞輝、妹尾直哉、平尾壮）。
プロ初年度の2015年の9月に復帰しナビスコカップの試合にベンチ入りした。
2016年、2017年シーズンはJ3に参戦したガンバ大阪U-23でプレーしたが、負傷で苦しみ満足な出場機会を得ることができなかった。2017年のシーズン末に契約期間の満了通告を経て、
同年12月に行われたJリーグ合同トライアウトに出場。
2018年よりグルージャ盛岡（現：いわてグルージャ盛岡）に完全移籍で加入 した。2021年シーズン終了後、契約満了により退団。同年12月10日、フクダ電子アリーナで行われたJリーグ合同トライアウトに再び出場した。
2022年、JFLに所属する奈良クラブへ加入。
2025年3月、いわてグルージャ盛岡に4年ぶりに復帰（完全移籍）。しかしこの年で契約満了となった。
そして2026年2月13日に現役引退を発表。",j_club_academy,トップチーム昇格記述
15731,吉満 大介,YOSHIMITSU Daisuke,a,吉満大介,unknown,,no_institution_keyword_found,"2015年に栃木SCに加入。加入1年目は竹重安希彦・桜井繁に次ぐ3番手となり1試合の出場に留まり、チームも最下位でJ3に降格した。降格後の2016年には桜井の引退もあって竹重からポジションを奪取。主力として全30試合に出場したが、J2・J3入れ替え戦でツエーゲン金沢に2戦合計0-3で敗北。1年でのJ2復帰はならなかった。

2017年シーズンから、FW大石治寿と共にレノファ山口FCに完全移籍した。しかし、加入1年目は村上昌謙と山田元気がポジション争いを繰り広げており、自身の出場は8試合に留まった。
2018年になると新加入の藤嶋栄介も含めた4人でポジションを争い、17試合出場。村上と藤嶋退団後の2019年は山田とポジション争いを繰り広げながら、28試合出場と年を追うごとに出場機会を着実に増やしていった。しかし、2021年は関憲太郎の加入もあって完全に第2GKに降格したため出場機会は限られ、出場したのは関が怪我で離脱した7試合に留まった。
2023年12月12日、契約満了による退団が発表された。

2023年12月26日、アルビレックス新潟に完全移籍することが発表された。この年のリーグ戦は小島亨介、カップ戦は阿部航斗が主戦を務めていた。ところが6月5日、ルヴァンカップのVファーレン長崎戦においてチーム側が選手登録ミスをしたために本来は控えのはずだった吉満が先発出場することになった。
2025年4月26日のJ1第12節柏レイソル戦に先発し、プロ11年目にしてJ1リーグ戦初出場を果たした。",unknown,No Information cnfirmed
15736,久保田 和音,KUBOTA Kazune,a,久保田和音,unknown,,no_institution_keyword_found,"2015年、鹿島アントラーズに入団。同年9月9日に行われた天皇杯2回戦 FC琉球戦でプロデビューを果たした。
2019年1月10日、育成型期限付き移籍でファジアーノ岡山FCに加入することが発表された。11月29日、岡山は期限付き移籍期間の満了を発表。12月16日には鹿島から契約満了が発表され、退団が決定した。
2020年3月25日、松本山雅FCへの加入が発表された。
2020年12月25日、完全移籍でザスパクサツ群馬に加入することが発表された。
2023年、期限付き移籍でFC岐阜に加入。同年12月、期限付き移籍期間満了により岐阜を退団。所属元の群馬からも契約満了による退団が発表された。
同年12月12日、Jリーグ合同トライアウトに出場。
2024年、レイラック滋賀FCに移籍。
2026年6月26日にFCティアモ枚方への期限付き移籍を発表。",unknown,No Information cnfirmed
15785,上原 力也,UEHARA Rikiya,a,上原力也,unknown,,no_institution_keyword_found,"2014年8月8日に、2015年よりジュビロ磐田に入団する事が発表された。同年5月6日に行われたJ3第10節AC長野パルセイロ戦で、Jリーグ・アンダー22選抜としてJリーグデビュー、翌年の2016年6月18日に行われたヤマザキナビスコカップ第5節大宮アルディージャ戦でジュビロの選手として公式戦デビューを果たした。
2018年7月19日、第16節の鹿島アントラーズ戦でJ1リーグ初得点を決めた。
2018シーズンより副主将に就任し、昨季レギュラーだった川辺駿の移籍や怪我で長期離脱となったムサエフの影響もあり、徐々にスタメン出場を増やしてシーズン後半にはレギュラーとしてチームを支えた。
2021年、ベガルタ仙台に期限付き移籍。シーズン終了後に磐田へ復帰した",unknown,No Information cnfirmed
15905,宮崎 幾笑,Kiwara MIYAZAKI,a,宮崎幾笑,unknown,,no_institution_keyword_found,"2015年5月8日、アルビレックス新潟トップチームに2種登録され、リーグ戦で1試合に出場してJリーグデビューを果たす。同年12月16日、アルビレックス新潟への来季新加入内定が発表された。
2017年よりツエーゲン金沢へ期限付き移籍で加入した。6月17日、J2リーグ第19節、レノファ山口FC戦の後半26分に2-2からの勝ち越し決勝点となるプロ初ゴールを挙げた。
2019年よりFC東京へ完全移籍で加入した。
2021年、ファジアーノ岡山へ期限付き移籍。
2022年より完全移籍に移行。
2023年、いわきFCへ期限付き移籍。
2023年11月27日、期限付き移籍期間満了でいわきを退団。また、保有元であった岡山も退団することが発表された。同年12月12日に開催されたJリーグ合同トライアウトに出場。
2024年、東京都社会人サッカーリーグ1部のSHIBUYA CITY FCに移籍。
2025年3月、現役引退を発表した。",unknown,No Information cnfirmed
15911,齊藤 未月,SAITO Mitsuki,a,齊藤未月,unknown,,no_institution_keyword_found,"2015年より湘南ベルマーレのトップチームに2種登録選手として登録された。2016年5月にプロ契約を結び、9月22日の天皇杯3回戦の徳島ヴォルティス戦でプロ入り初得点を記録。2018年7月22日、第17節のヴィッセル神戸戦でリーグ戦初得点を記録。このゴールは同時にJ1リーグの通算21,000点目のゴールとなった。

2020年12月14日、ロシア1部のルビン・カザンへ期限付き移籍で加入することが発表された。

2022年、ガンバ大阪へ期限付き移籍で加入。7月2日、第19節の浦和レッズ戦で移籍後初得点を決めた。

2023年1月4日、ヴィッセル神戸へ期限付き移籍することが発表された。開幕戦からスタメンで出場し、神戸のハードワークするスタイルにフィットし、中心選手としてチームの好調を支えた。第24節に負傷（後述）するまで契約により出場できない湘南戦と出場停止となった1試合を除いて、リーグ戦全試合に出場し、クラブ初のJ1リーグ優勝に貢献した。
2024年1月12日に会見を開き、期限付き移籍から完全移籍へ移行することが発表された。
2025年2月8日に行われたFUJIFILM SUPER CUP 2025のサンフレッチェ広島戦で先発フル出場し、後述の負傷から復帰した。

2025年7月22日、京都サンガF.C.へ期限付き移籍することが発表された。
2026年1月4日、完全移籍にて加入。",unknown,No Information cnfirmed
18988,和泉 竜司,IZUMI Ryuji,a,和泉竜司,university,university|high_school|j_club_academy|grassroots_club,possible_incidental_schooling_around_club_academy,"和泉 竜司（いずみ りゅうじ、1993年11月6日 - ）は、三重県四日市市出身のプロサッカー選手。Jリーグ・名古屋グランパス所属。ポジションはミッドフィールダー（MF）。


== プロ入り前 ==
小学校3年生時に仲の良かった友人に誘われて、地元のサッカー少年団でサッカーを始める。監督を務めていた三重県の技術委員の指導の下、フォワードを中心に様々なポジションを経験し、5年生時には東海大会にも出場した。県選抜への選出経験もある実力者で、中学進学時に名古屋グランパスU-15のセレクションに合格するが、愛知県豊田市の練習場まで通うことが困難であったことから辞退し、地元の強豪・FC四日市へと所属した。
「親元を離れてサッカーがしたい」との思いから、高校は千葉県の船橋市立船橋高等学校へと進学。この進路はFC四日市監督の勧めでもあり、当時のサッカー部には3年生に1人、2年生に3人のFC四日市出身者が在籍していた。2年生時の平成22年度全国高等学校総合体育大会ではレギュラーではなかったが、3回戦でスタメンで起用されると2得点、準々決勝で3得点を挙げるなど4試合で7得点の活躍でチームの全国制覇に大きく貢献し、自身も大会得点王に輝いた。3年生時はキャプテンとしてチームを牽引し、第90回全国高等学校サッカー選手権大会でも全国制覇を経験している。高校卒業後のプロ入りも噂されたが、和泉本人は「複数のクラブからオファーが来るくらいの選手でなければプロで通用しない」と考えており、3年生に進級する頃までに複数のクラブからのオファーがなければ大学に進学することを決めていた。5月までに具体的なオファーがなかったことから大学進学を志し、高校の先輩が進学していて、プロ選手も多数輩出している明治大学を志望した。
明治大学では1年生時からスタメンとして試合に出場したが、本職のトップ下には先輩の三田啓貴が定着していたことから、1年生時の和泉は右サイドハーフで起用され、三田が卒業した2年生時からトップ下で起用された。2年時、4年時に関東大学1部リーグのベストイレブン。4年時にはベストヒーロー賞も受賞したが、全日本大学サッカー選手権大会では準決勝で敗れた。


== クラブ経歴 ==


=== 名古屋グランパス ===

大学卒業に際して4つのクラブからオファーを受け、自分のスタイルが活きると考えたことと、地元に近いことなどから名古屋グランパスを選んだ。2016年に入団すると、5月4日の第10節の横浜F・マリノス戦でプロ初得点を挙げる。和泉は1年目ながらも出場機会を得ていたが、チームの調子は上がらずクラブ史上初のJ2降格を喫することとなる。
2017年。前年に味わった悔しさを原動力に和泉は奮起し、1年でのJ1復帰に大きく貢献した。新監督の風間八宏は3バックと4バックを併用する過程で、和泉を左サイドを中心とした後方寄りの複数ポジションで起用した。一見すると「守備の何でも屋」とも言える状態ではあったが、これには細かいパスと積極的な縦パスで相手の守備組織を破壊する風間のサッカーにおいて、その鍵となる後方から攻撃を組み立てる重要な役割として和泉の技術やセンスを買ってのことであった。
2018年にはクラブからの要望で「DF登録」となったものの、シーズン中は左サイドを中心とした攻撃的なポジションを渡り歩いた。2019年は一転して左サイドハーフで多くの試合に出場し、キャリアハイの6ゴールを記録した。


=== 鹿島アントラーズ ===
2020年、鹿島アントラーズに完全移籍で加入。鹿島は大学在学中から和泉に熱烈なオファーを送っていたクラブの1つであり、5年ごしのオファーに更なる成長を求めた和泉が応えた形であった。鹿島に所属した3年間は、アントニオ・カルロス・ザーゴが率いた2年間は左サイドハーフで起用され、レネ・ヴァイラーが率いた1年はボランチや右サイドハーフを中心にサイドバック・フォワードなどでも起用された。


=== 名古屋グランパス（第2期） ===

2023年、名古屋グランパスへ完全移籍で復帰。自ら志願して背番号7を背負い、主にウィングバックとして多くの試合に出場、6月3日の第16節では復帰後初ゴールを挙げた。
2024年は2トップを活かす1ボランチ・2シャドーへの戦術転換が図られたものの、キャンプ中から相次いだ怪我による離脱の影響で開幕早々にシステムが戻されていた。和泉は当初はシャドーのポジションで起用される予定であったが、序盤は手薄となった左ウィングバックで起用せざるを得ない状況となっていたが、監督の長谷川健太は和泉の最適なポジションは前線であると考えていた。夏に徳元悠平が加入すると和泉の前線起用が可能となり、9月18日の第29節からはこの配置に転換したことでチームは好調に転じ、2度目のルヴァンカップ制覇へと繋がった。


== 選手としての特徴 ==
ゴールに絡むプレーを強みとし攻撃的なポジションを本職とするものの、ボールコントロールの巧さや素早い攻守の切り替えを武器に様々なポジションでプレー可能なユーティリティープレイヤー。大学時代から右サイドハーフ・トップ下・フォワードなど攻撃的なポジションを幅広くこなすユーティリティ性が評価されており、プロ入り後はゴールキーパーや純粋なセンターバック以外の全てのポジションを経験してプレーの幅を広げた。鹿島でスカウト部長を務めた椎本邦一は「点にも絡めて周りも使える、技術もしっかりしてサッカーIQも高い、一言で言えば『何でもできる選手』」と評した。


== エピソード ==
2011年度の全国高校サッカー選手権大会では、高校サッカーファンが選ぶ選手権MVPに選出された。
明治大学で和泉を指導した栗田大輔が指導歴の中で印象に残っている選手について尋ねられた際、「和泉竜司はなかなか見たことがないレベルの選手なので、彼にはこの先の日本サッカーを引っ張っていく存在になってほしいなと、いちサッカーファンとして思っています。」と回答している。


== 所属クラブ ==
FC四日市
船橋市立船橋高等学校
明治大学
2015年9月 - 同年12月  名古屋グランパス（特別指定選手）
2016年 - 2019年  名古屋グランパス
2020年 - 2022年  鹿島アントラーズ
2023年 -  名古屋グランパス


== 個人成績 ==

出場歴
Jリーグ初出場 - 2016年4月10日 J1 1stステージ第6節大宮アルディージャ戦 (豊田スタジアム)
Jリーグ初得点 - 2016年5月4日 J1 1stステージ第10節 横浜F・マリノス戦 (豊田スタジアム)
その他の公式戦

2017年
J1昇格プレーオフ 2試合0得点
その他の国際公式戦

2020年
AFCチャンピオンズリーグ2020・プレーオフ 1試合0得点


== タイトル ==


=== クラブ ===
名古屋グランパス
Jリーグカップ（2024年）


== 代表歴 ==
日本高校サッカー選抜
NEXT GENERATION MATCH（2012年）
U-19日本代表候補（2012年）
U-20日本代表（2013年）
全日本大学選抜
デンソーカップサッカー（2015年）


== 脚注 ==


=== 出典 ===


== 関連項目 ==
特別指定選手としてJリーグクラブに登録された選手一覧
名古屋グランパスエイトの選手一覧
鹿島アントラーズの選手一覧


== 外部リンク ==
和泉竜司 - Soccerway.com (英語)
和泉竜司 - Soccerbase.comによる選手データ (英語)
和泉竜司 - FootballDatabase.eu (英語)
和泉竜司 - WorldFootball.net (英語)
和泉竜司 - Transfermarkt.comによる選手データ (英語)
和泉竜司 - J.League Data Siteによる選手データ
和泉竜司 - playmakerstats.com (英語)
和泉竜司 (@izuryu1106) - X（旧Twitter）
和泉竜司 (@izuryu1106) - Instagram",,確認
19165,富澤 雅也,TOMIZAWA Masaya,a,富澤雅也,unknown,,no_institution_keyword_found,"2015年12月8日、V・ファーレン長崎への仮契約及び内定が発表された。持ち味は長身で長い手足を生かしたセービング。
2016年12月15日契約更新が発表されたが、複数年契約の2年目であるため正式には契約更新ではない。
2019年に守護神徳重健太の不調もあり、シーズン途中からレギュラーへ定着。自身最多の16試合に出場した。
2020シーズンから背番号を1に変更。
前年の活躍から、シーズン通して守護神としての活躍が期待されたが、開幕スタメンを清水エスパルスから加入した高木和徹に奪われ、以降の試合も高木和と徳重の争うポジション争いに割って入ることが出来ず、結果この年は途中出場を果たした1試合のみとなった。
2021シーズンもメンバーには入っていなかったが、第10節東京ヴェルディ戦で2シーズンぶりの先発に抜擢された。その後は徳重からポジションを奪取し、シーズン通して28試合に出場した。",unknown,No Information cnfirmed
19171,韓 浩康,HAN Ho Gang,a,韓浩康,unknown,,no_institution_keyword_found,"2016年、モンテディオ山形に加入。
2016年7月にブラウブリッツ秋田へ期限付き移籍。2017年に一回目のJ3リーグ優勝を達成。2018年から秋田へ完全移籍。2019年ガンバ大阪U-23戦でJリーグ初得点。
2020年、ブラウブリッツ秋田で二回目のJ3優勝、自己最多6得点とJ2昇格に大きく貢献。12月28日に横浜FCへの完全移籍が発表され、J1リーグプレーヤーとなった。
2022年3月22日、韓国・Kリーグの全南ドラゴンズへの完全移籍が発表された。
2023年2月14日、Kリーグ・水原三星ブルーウィングスへの完全移籍が発表された。5月13日の江原FC戦でKリーグでの初得点を決めた。
2025年12月22日、Jリーグ・ベガルタ仙台への完全移籍が発表された。4年ぶりのJリーグ復帰となる。",unknown,No Information cnfirmed
19388,成瀬 竣平,NARUSE Shumpei,a,成瀬竣平,unknown,,no_institution_keyword_found,"2018年2月23日に名古屋グランパスより2種登録されたことが発表され、3月7日のルヴァンカップ・グループステージ第1節の浦和レッズ戦でサイドバックとしてデビュー。リーグ戦には3月18日の第4節の川崎フロンターレ戦で初出場、17歳2か月1日での出場はグランパスの最年少出場となった。8月8日に翌年のトップチーム昇格が発表された。
2022年4月、ファジアーノ岡山へ育成型期限付き移籍。同年12月、移籍期間満了により退団した。
2023年、モンテディオ山形へ育成型期限付き移籍したが5月に退団し、水戸ホーリーホックへ育成型期限付き移籍で加入。
2024年、V・ファーレン長崎へ育成型期限付き移籍。
2024年12月、名古屋から契約満了が発表された。
2025年は柏レイソルに加入することが発表された。
2026年6月、柏から契約満了が発表された。",unknown,No Information cnfirmed
19410,川村 拓夢,Takumu KAWAMURA,a,川村拓夢,unknown,,no_institution_keyword_found,"広島市立原小学校出身で、アンガールズの山根良顕も所属した原サッカークラブの後輩にあたる。ツエーゲン金沢の力安祥伍は同サッカークラブの1年先輩。
小学1年生からのサンフレッチェサポーターで、ホームの時は毎週末スタジアムに通い、応援に明け暮れた。9歳だった2009年のホーム開幕戦では森脇良太と手をつないで試合前のピッチに足を踏み入れた。",grassroots_club,grass
19453,萩野 滉大,HAGINO Kodai,a,萩野滉大,unknown,,no_institution_keyword_found,"2018年3月2日に名古屋グランパスより2種登録されたことが発表された。2018年3月7日に開催されたルヴァンカップ・グループステージ第1節の浦和レッズ戦でサイドバックとして先発デビューしたが、前半途中に交代となった。
2022年9月22日に2023年シーズンからFC岐阜に加入することが発表された。",unknown,No Information cnfirmed
19477,安井 拓也,YASUI Takuya,a,安井拓也,unknown,,no_institution_keyword_found,"2017年にヴィッセル神戸のトップチームへ昇格。5月31日のルヴァンカップ・アルビレックス新潟戦でプロデビュー。10月21日のJ1第30節・サガン鳥栖戦で途中出場からリーグ戦デビューを飾った。
2021年6月29日、FC町田ゼルビアに完全移籍することが発表された。
2025年1月5日、ジェフユナイテッド千葉に完全移籍することが発表された。
同年8月19日、FC今治へ期限付き移籍することが発表された。
2026年1月8日、ジェフユナイテッド千葉への復帰を発表。",j_club_academy,トップチーム昇格記述
23151,服部 一輝,Kazuki HATTORI,a,服部一輝,university,university|high_school|j_club_academy,possible_incidental_schooling_around_club_academy,"2002年のワールドカップで活躍したオリバー・カーンへ憧れサッカーを始めた。素質を見込まれてFC東京U-15むさしのセレクションに合格し、中学時代は基礎技術を徹底的に磨いた。2010年、U-15むさしコーチ田部学に誘われて札幌大谷高校へ進学。2011年には北海道選抜として国体に出場した。
2013年、明治大学へ進学し先輩GK三浦龍輝が卒業した3年生の途中からレギュラーに定着。4年時には和泉竜司からキャプテンを引き継ぎ、シュートへの好反応と献身的姿勢でチームを支え関東大学リーグ1部及び総理大臣杯で優勝。リーグMVPを獲得した。
2017年、カターレ富山へ加入。
2018年も契約更新。2018年11月、契約満了により退団。
2019年、カマタマーレ讃岐へ加入。2020年12月14日、契約満了による退団が発表された。
2021年、福島ユナイテッドFCへ加入した が、公式戦の出場機会は無く、このシーズン限りで退団。
2022シーズンから、ヴァンラーレ八戸へ加入することが発表された。しかしわずか1年で契約満了 。
2023年2月1日、FC大阪への移籍が発表された。しかし出場機会が無いまま、この年でFC大阪との契約が満了となり、退団となった。
2024年2月5日、現役引退を発表。",,確認
23228,白石 智之,SHIRAISHI Tomoyuki,a,白石智之,unknown,,no_institution_keyword_found,"2015年12月24日、アスルクラロ沼津への内定が発表された。
2017年シーズンは20試合出場4得点。それなりの結果は残したが、同年12月5日、アスルクラロ沼津は契約期間の満了を発表。同月中に行われたJリーグ合同トライアウトに出場して移籍先を模索した。
2018年、グルージャ盛岡へ完全移籍。同年7月1日、第16節 FC琉球戦の試合中に負傷。右膝内側側副靭帯損傷で全治2か月の診断を受けた。
2019年、カターレ富山へ完全移籍。
2020年、ザスパクサツ群馬へ完全移籍。
2022年、第26節 FC町田ゼルビア戦でイエローカードを2枚もらい退場処分となった。このうちハンドを取られた2枚目のジャッジは、後日、DAZNの判定検証番組「Jリーグジャッジリプレイ」で取り上げられ、人違いであったことが判明している。
2023年シーズンをもって群馬を契約満了で退団 し、レイラック滋賀FCに加入した。",unknown,No Information cnfirmed
23415,土肥 航大,DOHI Kodai,a,土肥航大,unknown,,no_institution_keyword_found,"2019年に鮎川峻と共に2種登録選手としてトップチームに帯同すると、5月22日のメルボルン・ビクトリーFCとのAFCチャンピオンズリーグ戦でプロデビューを果たした。9月1日にサンフレッチェ広島とプロ契約を結んだ。
2022年は水戸ホーリーホックに期限付き移籍。
2023年はヴァンフォーレ甲府に期限付き移籍。7月10日に移籍期間満了により甲府を退団し、今度はFC今治に期限付き移籍。
2024年は栃木SCに育成型期限付き移籍。
2024年8月、FC今治に再び期限付き移籍。
2024年12月、広島、今治共に契約満了となった。
2025年4月、ガイナーレ鳥取に加入。同年12月5日、ガイナーレ鳥取は契約期間の満了を発表。
2026年、FC大阪へ完全移籍。",unknown,No Information cnfirmed
23562,新井 瑞希,ARAI Mizuki,a,新井瑞希,unknown,,no_institution_keyword_found,"2015年11月から12月に日本で行われた国内トライアウトを通過し、2016年1月にレギオナルリーガのSVホルンに加入した。
2017年9月、J3リーグのSC相模原に移籍した。
2018年シーズンよりカターレ富山へ移籍することが発表された。
2019年8月、J2の東京ヴェルディに期限付き移籍で加入した。
2020年1月、東京ヴェルディに完全移籍した。
2022年7月29日、ポルトガル1部ジル・ヴィセンテFCへ期限付き移籍することが発表された。
2023年、横浜FCに完全移籍で加入した。
2023年8月、ヴィッセル神戸に期限付き移籍で加入した。同年末で期限付き移籍は満了し横浜FCに復帰した。
2025年7月、J2の水戸ホーリーホックに完全移籍で加入した。",unknown,No Information cnfirmed
29409,木村 誠二,Seiji KIMURA,a,木村誠二,unknown,,no_institution_keyword_found,"2018年よりFC東京の2種登録選手に登録され、U-23チームのJ3リーグにも出場した。各年代別の代表にも選出されて2019年8月、FC東京のトップチームに昇格することが発表された。
2020年よりトップチームの昇格を果たす。9月12日、第15節の横浜FC戦でJ1初先発でプロデビューを果たした。
2021年、京都サンガF.C.へ育成型期限付き移籍。7月、SC相模原へ育成型期限付き移籍。相模原では高木琢也監督から木村の対人能力、フィード能力を買われ、3CBの一角としてレギュラー定着した。
2022年、モンテディオ山形へ期限付き移籍。同年7月18日、FC東京へ復帰した。
2024年、サガン鳥栖へ期限付き移籍。

2025年1月5日、期限付き移籍満了に伴い、FC東京に復帰することが発表された。
2025年8月8日、ベルギー1部リーグの KVCウェステルローへ移籍が発表された。",unknown,No Information cnfirmed
29562,杉井 颯,SUGII Hayate,a,杉井颯,unknown,,no_institution_keyword_found,"2019年より柏レイソルのトップチームに昇格。5月15日、ルヴァンカップ第6節のベガルタ仙台戦でプロデビューを果たした。
2020年はツエーゲン金沢、2021年はガイナーレ鳥取へそれぞれ育成型期限付き移籍。
2021年シーズン終了後、柏・鳥取の両クラブから契約満了が発表された。同年12月10日、フクダ電子アリーナで行われたJリーグ合同トライアウトに出場した。
2022年、AC長野パルセイロへ移籍。

2026年6月24日に、モンテディオ山形へ完全移籍により加入した",unknown,No Information cnfirmed
3176,戸川 健太,Kenta TOGAWA,a,戸川健太,unknown,,no_institution_keyword_found,"東京ヴェルディ1969でのルーキーイヤーの2004年、当時のアルディレス監督は戸川を評価しており、戸川を起用するためにフォーメーションを4バックから3バックに変更した。
2007年のある試合の途中、相手との競り合いで顔から出血したものの、それをユニフォームで拭いて、これをなかったことにしようとした。しかし当然、審判はそれを見ており、戸川に血が止まるまでピッチに入るなと注意した。
2011年、この年からJ2に新規参入したガイナーレ鳥取に移籍。リーグ2戦目であるギラヴァンツ北九州戦の前半35分にチームのJリーグ初得点を挙げると、後半30分にも得点し自身プロ入り初の1試合2得点を記録。チームのJリーグ初勝利に貢献した。
2016年11月11日、2016年シーズン限りで現役引退を発表。
引退後は日本プロサッカー選手会での活動 や、DAZNでのサッカー解説等を行っている。",unknown,No Information cnfirmed
32309,鈴木 順也,SUZUKI Junya,a,鈴木順也,unknown,,no_institution_keyword_found,"2019年よりザスパクサツ群馬に加入。
2021年、ガイナーレ鳥取に移籍。
2024年、FC琉球に移籍。",unknown,No Information cnfirmed
32312,吉田 将也,Masaya YOSHIDA,a,吉田将也,unknown,,no_institution_keyword_found,"2019年シーズンよりザスパクサツ群馬に加入。
2020年1月6日、松本山雅FCに完全移籍にて加入することが発表された。
2021年は栃木SCに期限付き移籍。シーズン終了後に松本へ復帰した。
2022年11月22日、チームから契約の満了と来季に向けて契約更新しないことが発表された。同年11月28日、カンセキスタジアムとちぎで行われたJリーグ合同トライアウトに出場した。
2022年12月27日、ラインメール青森に移籍。
2024年11月29日、青森との契約満了を発表。
2025年1月8日、クリアソン新宿への加入を発表。",unknown,No Information cnfirmed
3243,野沢 拓也,Takuya NOZAWA,a,野沢拓也,j_club_academy,j_club_academy,overseas_relocation_language_no_domestic_institution,"ゲームメーカーとして鹿島アントラーズのユース在籍中の1997年9月3日、同日にG大阪戦とシンガポールで行われたアジアクラブ選手権・ゲイラン・ユナイテッドFC戦の2試合をこなす必要があり、さらにW杯アジア地区最終予選の日本代表メンバーであった名良橋晃、秋田豊、相馬直樹、本田泰人が代表の日程の関係上試合出場ができずに、2チームの選手をそろえるには大幅に人数が足りなくなったため、G大阪戦（万博）で高校1年生ながらトップ登録、およびベンチ入りメンバーに入ったが試合出場はなく、試合後すぐにトップ登録抹消となっている。
高校3年生となった1999年には再び2種登録選手の形でトップ登録が行われ、同年4月10日の京都戦で初出場（17歳7ヶ月と30日の出場はクラブ最年少記録）を果たす。同年、ブラジルに短期留学した。
その後しばらくは同じ攻撃的MFの小笠原満男や本山雅志など鹿島の厚い選手層の陰に隠れ、持病のケーラー病に怪我も重なり伸び悩んでいた。しかし、2005年にこれまでと異なる1.5列目やFW、ウイング的な役割で起用されると28試合出場10得点を記録。優勝争いを経験する中で、新境地を開くシーズンとなった。
2006年シーズン途中に小笠原がイタリアへ移籍する際には後継者に指名され、レギュラーとしての地位を築いた。12月2日に行われた磐田戦（カシマ）では、自身初となるハットトリックも達成した。
2006年11月11日、A代表に初選出された。
2007年シーズンより、前年まで小笠原がつけていた背番号8を受け継ぐこととなった。自身の誕生日である8月12日の甲府戦ではバースデーゴールを挙げ、その得点がチームのリーグ戦通算900得点という記念ゴールにもなった。
2008年は夏場にスタメンから外れることもあったが、最終節の札幌戦でチームをリーグ連覇に導くミドルシュートを決めるなどチームに貢献した。
2009年は怪我もなく、出場停止のゲーム以外はすべてスタメン出場し、32節、33節とゴールを決め、チームのリーグ3連覇に貢献した。2009年時点での通算35得点のうち、11-12月のリーグ戦でチーム歴代最多の13得点を記録している。緊迫したシーズン終盤に特に力を発揮することから、”ミスター・クライマックス”の異名を持つ。
2010年はリーグ戦全試合出場。天皇杯決勝では、決勝点となるフリーキックを決める。2011年には、常陽銀行のキャラクターに任命され、初の茨城県出身者から起用された。
2012年、ヴィッセル神戸へ完全移籍。神戸にとっては待望のプレースキッカーの加入であり、多くの得点を演出するなどチームの中心として活躍したが、チームはJ2に降格した。2013年に古巣鹿島に完全移籍で復帰した。
2014年8月1日、ベガルタ仙台への完全移籍が発表された。背番号は2012年以来の「8」に決まった。加入後は左サイドハーフとしてスタメンに定着、幾度となく決定的なチャンスを作り、チームのJ1残留に貢献した。2018年1月ベガルタ仙台を契約満了に伴い退団することを発表した。
2018年2月、オーストラリアのウロンゴン・ウルブスFCへ移籍。
2019年1月4日、関西サッカーリーグ1部のFC TIAMO枚方へ入団すると発表、2シーズンを戦いチームはJFLに昇格したタイミングの2020年12月30日に、現役引退が発表された。
2022年6月9日、チームの殿堂入りとも言える「アントラーズ功労賞」に選出された。",,確認
32444,山本 理仁,Rihito YAMAMOTO,a,山本理仁,unknown,,no_institution_keyword_found,"2019年より高校2年生ながら飛び級で東京ヴェルディのトップチームに昇格した。5月5日、第12節のV・ファーレン長崎戦で途中出場からトップデビューを果たした。2020年8月29日、第29節の京都サンガ戦でプロ入り初ゴールを決めた。
2022年7月24日、ガンバ大阪への完全移籍が発表された。10月1日、第31節の柏レイソル戦で途中出場からJ1デビューを果たした。
2023年6月30日、契約期間を2023年7月1日から2024年6月30日までとして、ジュピラー・プロ・リーグのシント・トロイデンVVへ期限付き移籍が発表された。同シーズンは途中出場が中心ながらリーグ戦33試合出場を果たした。
2024年6月30日、シント・トロイデンへ完全移籍することが発表された。7月3日、パリオリンピックに臨むU-23日本代表メンバーに選出され、パラグアイとの初戦で左足ミドルで1ゴールを記録。マリとの第2戦でも値千金の先制点を決めて勝利に導き、決勝トーナメント進出に貢献。
2025年8月23日、第5節のSVズルテ・ワレヘム戦で移籍後初ゴールを決めた。
2026年5月27日、2026-27シーズンよりブンデスリーガ・SCフライブルクへ完全移籍することが発表された。",unknown,"高校 Sonnet recheck 2026-07-07: full context contains only the bare age reference ""高校2年生"", no named school and no other institution keyword anywhere; reverted to unknown."
32619,唐山 翔自,TOYAMA Shoji,a,唐山翔自,unknown,,no_institution_keyword_found,"2019年に高校2年生ながらガンバ大阪の2種登録され、7月28日、J3第18節のAC長野パルセイロ戦でJリーグ初先発を飾り、初得点を決めた。9月1日のJ3第21節の福島ユナイテッドFC戦でJリーグ史上最年少となるハットトリックを達成した。同年11月、飛び級でトップチームの内定が発表された。
2020年6月28日、J3開幕戦のカマタマーレ讃岐戦で2得点を決めたが、7月3日に2得点目が市丸瑞希の得点へ修正された。7月22日、第7節のサンフレッチェ広島戦でトップチーム初のベンチ入りを果たした。8月12日、若手選手中心で臨んだルヴァンカップ第3節の湘南ベルマーレ戦で初先発でトップチームデビューを果たして2得点を決めた。11月11日、第32節のヴィッセル神戸戦で後半から途中出場し、J1デビューを果たした。11月14日、第27節のベガルタ仙台戦でJ1初先発を果たした。
2021年4月27日、愛媛FCへの育成型期限付き移籍が発表された。11月21日、第40節のSC相模原戦で移籍後初得点を記録。
2022年より、水戸ホーリーホックに期限付き移籍。開幕から出場機会に多くは恵まれていなかったが、シーズン終盤にリーグ戦5得点を記録し、存在感を発揮した。
2023年シーズンも延長となったが、2023年7月30日、期限付き移籍を終了し、ガンバ大阪に復帰が発表された。
2024年シーズン途中の7月9日、育成型期限付き移籍でロアッソ熊本への加入が発表された。
2025年より育成型期限付き移籍期間を終了し、ガンバ大阪に復帰。3月20日、ルヴァンカップ1stラウンド1回戦のアウェイ高知ユナイテッドSC戦で前半に山下諒也の負傷交代で途中出場し、41分に味方のシュートのこぼれ球を押し込んで復帰後初得点を決めた。トップチームでの得点は5年ぶりとなった。しかし出場機会は限られ、リーグ戦は5試合の出場に留まる。
2025年8月12日、東京ヴェルディへ期限付き移籍。しかし加入後も出場機会は限られ、リーグ戦9試合の出場に留まった。
2026年1月5日、期限付き移籍期間満了に伴い、ガンバ大阪に復帰。J1百年構想リーグ開催となる半年間の特別シーズンでも、出場機会は限られたが、主にスーパーサブの役割を担い、前年のG大阪での成績よりは出場機会を増やした。2月15日に行われた同大会・地域リーグラウンド第2節の名古屋グランパス戦で後半に途中出場した際は、守備陣で2人が負傷退場し、更に交代枠を使い切っていたことで手薄となっていたことからディフェンスラインに立ち、90分を無失点で終えた。6月6日にアウェイで行われた同大会・プレーオフラウンド第2戦の東京ヴェルディ戦で途中出場から終了間際に復帰後初得点及びシーズン初得点となる古巣への恩返し弾を決めて勝利に貢献。例年のJ1リーグとは異なる大会ではあるが、トップディビジョン初得点を決めた。",unknown,"高校 Sonnet recheck 2026-07-07: full context contains only the bare age reference ""高校2年生"", no named school and no other institution keyword anywhere; reverted to unknown."
37587,大西 遼太郎,ONISHI Ryotaro,a,大西遼太郎,unknown,,no_institution_keyword_found,"2019年8月14日、天皇杯3回戦のガンバ大阪戦でゴールを決めて勝利に貢献した。12月26日、2020年シーズンよりFC岐阜に加入することが発表された。
2023年、ロアッソ熊本へ完全移籍。同年や2024年シーズンは熊本では3バックの左右の主力に定着し、前線へのパスや攻撃参加で活躍を見せた。
2025年シーズンも序盤から3バックの右側で主力として出場したが、パフォーマンスの低下を指摘されるとシーズン後半は小林慶太にポジションを奪われる形で出番を失った。",unknown,No Information cnfirmed
37872,ブワニカ 啓太,BUWANIKA Keita,a,ブワニカ啓太,unknown,,no_institution_keyword_found,"ウガンダ人の父と、日本人の母はどちらもサッカー経験者。2020年10月1日、2021年シーズンからのジェフユナイテッド千葉加入内定が発表された。同月29日、特別指定選手登録が発表された。
2021年2月28日、J2開幕節甲府戦にて交代出場しプロデビュー。チームの同点弾となるプロ初ゴールを記録した。
2023年8月18日、水戸ホーリーホックへの期限付き移籍が発表された
2023年12月28日、いわきFCへの完全移籍が発表された。
2025年12月29日、ツエーゲン金沢への完全移籍が発表された。",unknown,No Information cnfirmed
4499,高木 和道,Kazumichi TAKAGI,a,高木和道,university,university|high_school|j_club_academy,possible_incidental_schooling_around_club_academy,"野洲市で生まれ育ち、小学校3年生のときにサッカーを始める。高校時代は滋賀県立草津東高等学校で2年時からレギュラーとして活躍するが、全国的にはそれほど有名な選手ではなかった。3年生からセンターバックとしてプレーする。この頃から空中戦には絶対の自信を持つようになる。1999年に当時、関西学生リーグ2部であった京都産業大学に進学。元々プロサッカー選手を目指すつもりはなく、大学卒業と共にサッカーを辞める予定だった。
大学1年目の1999年にヴェルディ川崎の練習に参加。翌年、V川崎監督から清水エスパルスのスカウトに転身した松永英機に誘われ、清水の石垣島キャンプに参加。ヘッドコーチの大木武から足下の技術の非凡さに目を付けられる。2000年6月、大学を中退して清水に加入する事となる。
清水入団後の数年間は出場機会も少なく、目立った活躍も出来なかったが、2004年8月からヴィッセル神戸に半年間の期限付き移籍で在籍し、初めて先発出場した2ndステージ第4節以降、最終節まで全試合にフル出場した。神戸からも慰留されたが、期限付き移籍終了後は清水に復帰。
翌年の清水復帰後はボランチでレギュラー起用 された経験を糧に急成長し、2005年以降は再びセンターバックに戻りレギュラーとして出場する。清水のディフェンスリーダーとして技術面だけでなく精神面でもチームを引っ張る存在へと成長し、2006年、2007年はチーム副キャプテン、2008年にはチームキャプテンを務めた。2005年度天皇杯、2008年のナビスコカップでは決勝に進出したが、いずれも準優勝に終わった。
2009年よりガンバ大阪へ完全移籍で加入。移籍後初出場となったFUJI XEROX SUPER CUPの鹿島アントラーズ戦では、前半に3失点を喫し、ハーフタイムに交代させられた。リーグ戦開幕後は出場機会に恵まれず、9月末の時点で出場は3試合（うち先発1試合）にとどまっていたが、10月以降左サイドバックとして本職の下平匠、安田理大を抑えて定位置を確保した。チームは天皇杯に優勝したが、高木は累積警告により決勝戦には出場できなかった。
報道によれば2010シーズンに向けて名古屋グランパスが高木の獲得に乗り出していたが、条件面で折り合わず、G大阪に残留した。昨季のレギュラーだった山口智の負傷や復帰後の不振もあり、中澤聡太とコンビを組みセンターバックのレギュラーとして31試合に出場。しかし、2011年はシーズン通して負傷離脱を繰り返し、13試合の出場にとどまった。同年限りでG大阪を退団。
2012年、ヴィッセル神戸に移籍。神戸のほかにジュビロ磐田も獲得に動いていたと報じられた。神戸でのプレーは7年半ぶりとなったが、リーグ戦9試合の出場に終わりチームもJ2降格となった。
2013年、大分トリニータへ完全移籍。阪田章裕とともにチーム副主将を務めたが大分は1年でJ2降格となり、高木自身は2年連続で所属クラブ降格の憂き目にあった。
2014年は大分に残留。退団した宮沢正史の後任として主将に就任し、自身初のJリーグ ディビジョン2でのプレーを迎えた。1年を通じてスタメン出場を続けたがシーズン終了後に戦力外通告を受けた。
2015年はFC岐阜に完全移籍で加入。
2016年1月7日にジュビロ磐田へ完全移籍する事が発表された 。同年のJ1リーグでは4試合にベンチ入りしただけで、試合出場はカップ戦のみにとどまった。磐田との間には契約を残していたが、海外移籍のために同シーズン限りで退団。
2017年1月11日にタイ・リーグ2（2部相当）のエアフォース・セントラルへ移籍する事が発表された。リーグ戦の全試合に出場し、タイ・リーグ1昇格に貢献した。エアフォースとは2018シーズンの契約も交わしたが、闘病中の妻との生活を優先するため契約を解除して日本に帰国した。
2018年、地元である滋賀県のJFL・MIOびわこ滋賀に加入した。11月10日、2018シーズン限りで現役を引退することを発表した。



2019年、強化・アカデミー部スタッフとしてガンバ大阪に復帰。2020年シーズンはユースコーチを務め、2021年時点でジュニアユースのコーチを務めている。

2026年からはVELAGO 生駒あらためIKOMA FC 奈良の監督を務める。

2008年4月、日本代表候補合宿に初招集される。同年6月には怪我で離脱した阿部勇樹に代わり2010 FIFAワールドカップ・アジア3次予選に向けた日本代表に初選出される。同年8月20日に札幌ドームで行われたキリンチャレンジカップ2008・ウルグアイ戦で先発し国際Aマッチ初出場。2008年から2009年にかけて5試合に出場した。",,大学中退してエスパルス加入確認
45036,沼田 駿也,NUMATA Takaya,a,沼田駿也,unknown,,no_institution_keyword_found,"2021年9月、2022年シーズンからのレノファ山口FC加入決定が発表された。
2022年2月20日、J2リーグ開幕戦のロアッソ熊本戦でプロデビュー。2月27日、第2節のブラウブリッツ秋田戦でプロ初ゴールを決めた。
2023年、FC町田ゼルビアへ完全移籍加入。
2024年7月、鹿児島ユナイテッドFCに期限付き移籍。
2025年シーズンは町田に戻ることになった。
2026年6月17日、藤枝MYFCに完全移籍。",unknown,No Information cnfirmed
45059,鈴木 淳之介,Junnosuke SUZUKI,a,鈴木淳之介,university,university|high_school|j_club_academy,possible_incidental_schooling_around_club_academy,"中学校時代までは、学校のクラブ活動ではなく、クラブチームに所属していた（幼稚園から小学校時代はディバイン、中学時代はSC岐阜VAMOS）。高校進学前にはFC岐阜U-18のセレクションに落選し、「自宅から近い」という理由で帝京大学可児高等学校に進んだが、一度親元から離れるべきという考えから寮生活を送った。2年生の2020年12月に、高校を卒業する2022年から湘南ベルマーレに加入する契約を結んだ。このシーズンの第99回全国高等学校サッカー選手権大会岐阜県予選ではボランチとして出場し、決勝戦では得点につながる働きをしたと評された。続く全国大会では優秀選手の一人に選出された。

2022年に湘南ベルマーレに加入。加入2年目までは出場機会も多くなかったが、3年目の2024年途中からセンターバックとしての出場機会を増やす。

2025年7月9日、5年契約でデンマークのFCコペンハーゲンへ完全移籍加入することが発表された。10月1日、UEFAチャンピオンズリーグリーグフェーズ第2節のカラバフFK戦でCLデビューを果たした。

2025年5月23日、2026年FIFAワールドカップ・アジア3次予選に挑む日本代表に初選出され、第10節インドネシア戦に先発出場した。10月14日のブラジル戦では新星エステヴァンの突破を防ぐなど安定したプレーを見せ、歴史的勝利に貢献。
2026年5月15日、2026 FIFAワールドカップに臨む日本代表に選出された。",high_school,大学附属高校出身
45067,松木 玖生,Kuryu MATSUKI,a,松木玖生,high_school,high_school|j_club_academy,possible_incidental_schooling_around_club_academy,"2003年、室蘭市に生まれる。サッカーをする兄がおり、兄が所属する地元の室蘭大沢FCの練習を母と見学していた6歳の時に同クラブの監督から「サッカーやってみない？」と誘われて入団。大沢FCでの練習は走りのメニューが多く、最後まで諦めない心を磨いた。小学2年で初めて試合に出場した時のポジションはゴールキーパーだった、小学3年からフィールドプレイヤーとしてプレーし始めた。
中学生になると青森山田中学校に進学。青森山田中では2年次に全国中学校サッカー大会で優勝。3年次には高校生の練習に交じり、高校年代の大会に出場するようになった。
2019年、青森山田高等学校に進学し、1年次から全国高等学校サッカー選手権大会に出場し、全国に名を広める。また、2021年初めにはフランスのオリンピック・リヨンの練習に参加し、海外からも注目される存在になる。
2021年10月、もともとは欧州志向の強い選手だったが、国内のビッグクラブで自分のベースを作り、Jリーグ優勝に貢献したいという気持ちもあり、J1リーグのFC東京に加入することが決まった。FC東京入り決断の動機として同クラブ所属で海外の強豪クラブを渡り歩いた長友佑都の影響があった。
第100回全国高等学校サッカー選手権大会では、準決勝、決勝で2試合連続ゴールを決めるなど、合計4点を決めて、優勝に貢献した。

2022年シーズンよりFC東京に正式加入。2月18日の川崎フロンターレ戦で、高体連出身選手としてはクラブ史上初となる開幕戦先発デビューを飾った。5月3日、第11節のアビスパ福岡戦でプロ入り初ゴールを決めた。
2024年シーズンには、年長の森重真人・小泉慶との3人体制ながらチームキャプテンに就任した。7月13日 、海外移籍の手続きのためにチームを離脱した。

2024年7月30日、サウサンプトンFCに完全移籍が発表された。初年度はトルコのギョズテペSKに期限付き移籍。11月30日、コンヤスポル戦で移籍後初ゴールを決め、主力に定着しつつあるという評価を得る。

2025年夏にレンタルからサウサンプトンに復帰した。リーグ戦を4位に終えてプレーオフに進出したが、練習場盗撮問題により昇格を逃す形となってしまった。

2022年3月18日、大岩剛監督体制として初の国際試合となるドバイ杯U-23に臨むパリ五輪世代のU-21日本代表に飛び級で選出された。2023年11月1日、カタールのドーハで行われたアジアサッカー連盟(AFC)のAFCアニュアルアウォーズ2022にてAFC年間最優秀ユース選手賞（男子）を初受賞。
U-23代表の主力だったが、海外移籍直前だったことも影響してパリ五輪のメンバーからは落選した。",,海外は練習参加のみ青森山田高校からFC東京確認
5795,西部 洋平,Yohei NISHIBE,a,西部洋平,unknown,,no_institution_keyword_found,"1999年に浦和レッズに入団したが、その年にチームはJ2降格となる。2000年のJ2終盤では、総監督に就任した横山謙三に抜擢され田北雄気を抑えて正GKの座を掴み、J1復帰に貢献。しかし、2002年にハンス・オフトが監督に就任すると開幕直後こそは正GKとしてゴールマウスに立っていたが、シーズン序盤に当時2年目の山岸範宏に正GKの座を奪われ出場機会が激減。
2003年には都築龍太が加入した事で、第3のGKとなってベンチ入りすらも出来なくなった。

2003シーズン途中の6月にGKに負傷者が続出していた鹿島アントラーズに期限付き移籍するも曽ヶ端準の前に出場機会はなかった。

2004年からは清水エスパルスに期限付き移籍した。清水ではそれまで正GKだったアテネ五輪代表の黒河貴矢を押しのける形で開幕からスタメンで出場。以降、清水の守護神としてゴールマウスに君臨。2006年より完全移籍となった。
2007年には日本代表候補合宿選手に選出され、アジアカップ予選の際には予備登録メンバーに選出された。
2008年の中盤戦以降はチームの下位低迷と自身の不調から、後輩である北京オリンピック代表の山本海人にポジションを奪われ出場機会が減っていった。2009年は山本の故障もあり開幕からスタメン出場を果たしたものの、中盤戦からは再び山本にポジションを奪われた。終盤戦にチームの失速と山本の不調もあって再びポジションを取り戻したものの、移籍後最低の14試合出場にとどまった。一方、天皇杯は3試合に出場しいずれも無失点でチームの勝利に貢献した。西部の活躍もあり、チームはベスト4に進出した。
2010年は山本の怪我もあり、開幕からレギュラーを務めて32試合に出場。シーズン終了後にチームから契約満了に伴い来期の契約を更新しないと発表された。

2011年はJ2へ降格した湘南ベルマーレへ完全移籍した。野澤洋輔や阿部伸行を抑えて正GKとして全38試合にフル出場したが、チームは14位に低迷し同年限りで退団。

2012年に川崎フロンターレへ移籍。杉山力裕や高木駿らを差し置き正GKとしてプレーしていたが、2015年の試合中の負傷を機に新井章太にポジションを奪われ出場機会が徐々に減少していった。

2015年12月16日、清水への完全移籍を発表した。6年ぶりに古巣へ復帰することになった。
2016年はレギュラーに定着するも、大怪我を負いその後の試合はメンバー外。翌年の2017年まで怪我は続いた。怪我から復帰した2018シーズンは、守護神六反勇治の控えとしてベンチ入りを果たし、続く2019シーズンは六反の怪我もあってシーズン途中からレギュラーに定着し、2年ぶりのリーグ戦出場を果たした。その後は加入した大久保択生とポジションを争い、結果シーズン通して14試合に出場した。
2020シーズンはその大久保や、梅田透吾の台頭。さらにはネト・ヴォルピの加入もあって第4GKに降格。シーズン通して1試合の出場に留まる。

2021年1月12日、カターレ富山に完全移籍により加入した。
開幕スタメンを獲得し、レギュラーとして出場をした。
2022年11月7日、同シーズン限りでの現役引退が発表された。
同年11月20日、ホーム最終戦後には引退セレモニーが予定されていたが、本人体調不良のため中止となった。",unknown,No Information cnfirmed
6187,松岡 亮輔,Ryosuke MATSUOKA,a,松岡亮輔,unknown,,no_institution_keyword_found,"阪南大時代には3年連続で関西学生選抜に選出、関西学生リーグ4年間の最多出場賞も獲得した。
2007年にヴィッセル神戸に入団。2008年にボランチの一角としてレギュラーポジションを獲得。その後2011年までプレーした。
2012年シーズンよりジュビロ磐田へ完全移籍。磐田では控えになる事が多かった。2013年10月27日の清水エスパルス戦ではスタメンに入り、無人になったゴールへのシュートを2度守り、J1残留争いをしていたチームに貢献した。チームはその後J2へ降格してしまったが、その年の『やべっちFC〜日本サッカー応援宣言〜』の企画「やべっちFCアウォーズ」の守備賞で清水戦での守備がノミネートされた。
2013年12月14日、出場機会を求めモンテディオ山形へ完全移籍。2014年のJ1昇格にレギュラーとして貢献するが、2015年は攻撃力に秀でたアルセウとポジションを争い、1年間レギュラーとして出場することは出来なかった。
2018年11月15日、モンテディオ山形は契約期間の満了と来季に向けた契約更新を行わないことを発表。
同年12月12日、フクダ電子アリーナで行われたJリーグ合同トライアウトに出場した。
2019年1月、藤枝MYFC加入が発表された。
2020年12月7日、現役引退が発表された。",university,学生選抜記述あり
6306,日高 拓磨,Takuma HIDAKA,a,日高拓磨,university,university|high_school|j_club_academy,possible_incidental_schooling_around_club_academy,"サッカークラブの監督を務めていた父親の影響で5歳よりサッカーを始める。幼少時代より父親から厳しいサッカーの英才教育を受け実力を伸ばし、旭丘小時代には中国地区トレセンに選出されるなど早くから頭角を現した。学生時代はフォワードをはじめ 攻撃的な中盤のポジションを務め、中学時代は地元の旭丘JrユースFCでプレー。高校からは単身親元を離れ清水エスパルスユースに所属し寮生活を送る。当時の清水ユースは強豪チームとして主要大会でも好成績を残しており、日本クラブユースサッカー選手権(U-18)大会ベスト4、高円宮杯全日本ユース(U-18)サッカー選手権大会ベスト4、Jユースカップ準優勝などを経験。日高自身も3年生になると、高円宮杯第12回全日本ユース(U-18)サッカー選手権大会ベスト8、第25回日本クラブユースサッカー選手権 (U-18)大会5位、Jユースカップ2001ベスト16などの好成績を収め、中心選手としてチームを牽引し得点源としても活躍するがトップチーム昇格は適わず、高校卒業後は関東大学2部（当時）の明治大学に進学した。大学時代の同期には伊藤淳嗣、高杉亮太がいる。3年生次には同校の1部復帰に貢献。また、関東大学サッカー選手権大会で優勝し、その後の総理大臣杯全日本大学サッカートーナメントではベスト4の成績を収めた。4年生次には目立った成績こそ残せなかったものの、日高のプレーに注目した当時J2のサガン鳥栖よりオファーを受け入団が内定。2005年12月28日に日高の獲得がクラブから正式に発表された。

2006年、クラブからはスピードに乗ったドリブルとクレバーな守備を持ち味として期待され、背番号は29に決まりフォワード登録となった。当時の鳥栖の前線には前年のJ2日本人得点王でエースストライカーの新居辰基をはじめ、新居に次ぐ多くのゴールを挙げていた鈴木孝明がおり、これらの実力者とツートップのポジションを争うこととなる。この年のリーグ戦が開幕すると、早くからサテライトで好プレーを見せていた事で、監督の松本育夫は3月18日のJ2第3節神戸戦で日高をフォワードとしてスタメンに抜擢する。続く3月21日のJ2第4節柏戦でも交替出場で起用されるが、いずれの試合でもゴールを挙げることが出来ずチームも敗戦を喫すると、以降の試合で日高が起用される事はなくベンチ入りすら1試合も出来ない事態となった。同期入団で同じく大卒新人の藤田祥史、廣瀬浩二、衛藤裕らが積極的に起用され主力として活躍したのとは対照的に、日高の公式戦出場はこの2試合に留まり、チームがJ1昇格争いを演じ最終的に4位とクラブ史上最高順位を収める中で日高個人としては非常に厳しいシーズンとなった。
2007年は松本に替わり岸野靖之が新監督に就任。2年連続でJ2日本人得点王となったエースストライカーの新居辰基が退団したものの、前年のJ2で17得点を挙げたアンデルソン、地域リーグで得点を量産した実績を持つレオナルドらが加入しフォワードのポジション争いは激化。更には開幕直前の練習試合中に右足第一末節骨骨折で全治1か月の大けがを負ってしまい 大きく出遅れることとなったが、戦列に復帰後は監督の岸野によってサイドバックにコンバートされると才能が開花。シーズン初出場となった4月29日のJ2第12節東京V戦で初めて右サイドバックとしてスタメン起用されると、当時J2で屈指の攻撃力を誇っていたディエゴやフッキを抑え込む だけに留まらず、藤田祥史の先制点の起点にもなるなど 攻守に渡る活躍で勝利に貢献する。この活躍により以降は左右サイドバックに定着し主力としてリーグ戦を戦い抜いた。シーズン後半の8月16日J2第34節東京V戦では左サイドバックとして先発出場し、前半9分に自陣から相手ゴール前までの約70メートルを駆け上がると高地系治のパスから得点を決め勝利に貢献。この得点が日高の公式戦初ゴールとなった。以降も最終節まで1試合も欠場する事なく不動のサイドバックとして起用され続け、最終的にチームは前年を下回る8位となったものの、日高個人としてはリーグ戦の38試合に出場。このうち37試合でスタメン起用され出場時間はチーム4位の3,370分に到達するなど飛躍のシーズンとなった。また、同年開催の天皇杯にも鳥栖が登場した3回戦以降の全試合に先発で起用されチームの5回戦進出に貢献した。
2008年からは登録ポジションをディフェンダーに変更。背番号も退団した田中淳也が背負っていた13に変更した。リーグ戦では、前年の活躍もあって監督の岸野からは主力サイドバックとして期待され、3月8日のJ2第1節山形戦でプロ3年目にして初めて開幕戦スタメンフル出場を果たすと、この年にJ1昇格を果たす相手を無失点に抑え勝利に貢献。以降も主に右サイドバックを主戦場に攻守を支え、チームの成績も一時は首位に躍り出るなど 好調な戦いぶりを見せた。このシーズンはゴールこそ挙げられなかったものの、起用に応える活躍で攻撃の起点として得点を演出する場面も多く見られた。夏場に入ると調子を落としてしまい、7月9日のJ2第25節仙台戦では公式戦初退場を経験し、その後は先発を外れ途中起用される試合も続いたが、8月17日のJ2第31節愛媛戦でスタメンに復帰すると最終節までコンスタントに先発で起用され続け、この年の出場時間もチーム4位の2,935分に到達した。一方で、チームの成績は序盤からJ1昇格争いを演じるも、リーグ戦の後半から勝ちきれない試合が目立つようになり最終的に6位でシーズンを終える。同年開催の天皇杯では4回戦以降の全試合でスタメン起用され、クラブ史上初となる同大会ベスト8入りに貢献した。
2009年はベテランの山田卓也をはじめ、柳沢将之、磯崎敬太らが加入しサイドバックのポジション争いが激化する。リーグ戦では開幕スタメンこそ果たせなかったものの、チームが開幕戦から3連敗を喫すると、3月25日の第4節岡山戦でスタメンに抜擢され、相手攻撃陣を無失点に抑える活躍で監督の岸野の起用に応える働きを見せた。これが評価されたことで、続く3月29日のJ2第5節甲府戦にもスタメンで起用されると、島田裕介が蹴ったフリーキックから決勝点となるヘディングシュートを決めてチームをシーズン初勝利へと導き、更に続く4月4日のJ2第6節湘南戦では、サイドハーフとして起用され、前半28分に磯崎敬太のパスを頭で合わせ先制点を挙げると、後半34分には高地系治のパスから決勝点となるゴールを決め、チームを2連勝へ導く原動力となった。この活躍により以降は主力として起用され、サイドバックのみならず攻撃的な中盤のポジションでも出場を続けるが、5月からは徐々に出場機会を失った。7月に入ると左サイドバックとしてスタメンで起用され続け、9月2日のJ2第37節横浜FC戦でスタメンに起用されJ2通算100試合出場を達成した。リーグ戦の終盤に入るとコンディションを落としてしまったことで 再び出場機会が限られるが、起用された試合では左サイドバックながら積極的な攻撃参加を見せ、J1昇格を争うチームを献身的に支えた。最終的にチームは5位でシーズンを終え、日高自身も自己最多となる3ゴールを挙げるも、出場時間は2,276分と前年を大幅に下回った。同年開催の天皇杯では鳥栖が登場した2回戦以降の全試合に先発で起用され4回戦進出に貢献した。
2010年はサイドの主力を務めていた高地系治、柳沢将之らが退団する一方で丹羽竜平、早坂良太ら実力者が加入。監督は岸野が退任し再び松本育夫が指揮を執る事となった。リーグ戦が開幕すると、松本からは攻撃面を評価されるも、定位置を確保するまでには至らず、シーズン序盤は控えメンバーに留まり、相手にリード許す苦しい試合展開となった際に途中交替で起用された。5月2日のJ2第10節東京V戦でこのシーズン初めてスタメンで起用されると後半ロスタイムにコーナーキックから同点弾となるヘディングシュートを決める。この試合以降コンスタントに先発で起用されるようになり、5月9日のJ2第12節大分戦では、後半ロスタイムのコーナーキックを再び頭で合わせ決勝ゴールを挙げチームを勝利に導くなど、起用に応える活躍を見せた。ところが、チームはワールドカップの中断期間明けの7月から10月までで僅か2勝しか挙げられない深刻な事態に陥ってしまい、日高も8月に入ると再び出場機会を失うこととなったが、11月からはスタメンに復帰し最終節までチームを攻守に渡って支えた。最終的にチームは9位でシーズンを終え、日高個人としても年間2ゴールこそ挙げたものの出場時間は前年を更に大きく下回る1,493分に留まり、このため日高はクラブに移籍を打診する。12月29日にオファーのあったJ2のコンサドーレ札幌へ完全移籍することが双方のクラブから発表された。

2011年、札幌でもディフェンダーとして登録され、背番号は退団した吉弘充志が背負っていた2を与えられることが決まった。クラブからは右サイドバックの主力として期待されたものの、開幕前のキャンプ中に左足腓骨骨折の重傷を負い、長期離脱を余儀なくされたことで出遅れてしまい、札幌での公式戦初出場は5月8日のJ2第11節熊本戦まで持ち越しとなった。日高はこの試合に右サイドバックとして先発起用されフル出場を果たすもチームは惜しくも敗戦している。続く5月15日のJ2第12節鳥取戦では高卒新人の三上陽輔の得点をアシストし、守備でも相手攻撃陣を無失点に抑え勝利に貢献した。これらの活躍もあって監督の石崎信弘の信頼を得ると、日高が戦列を離れていた間にサイドバックの代役を務めていた高木純平らとポジションを争いながら、以降も右サイドバックの主力としてコンスタントに起用され続け攻守に渡りチームを支え、一時はチームの失点数もリーグ最少失点を記録し堅守を誇ったが、同時に深刻な得点力不足にも陥っており序盤は下位に沈むこととなった。シーズン中盤に入ると右サイドバックの主力に定着し、また、若手の横野純貴が台頭したことや、7月にはジオゴが途中加入した事で前線に攻撃の起点が出来ると、サイドバックのポジションからの積極的な攻撃参加も顕著に見られるようになり、チームの成績も一気に向上し首位争いを演じるまでに上昇した。終盤は出場機会が限られ欠場した試合も見られたものの、年間を通して主力として活躍しJ1昇格に貢献した1人となった。
2012年、日高にとって初めてのJ1の舞台となったが、オーストラリア代表のノース、清水における史上最年少出場記録を持つ山本真希に加え、高卒新人で前年に高円宮杯U-18プレミアリーグイーストで優勝を果たした札幌U-18から昇格を果たした前貴之、小山内貴哉が加入しサイドバックのポジション争いが激化する。更には日高自身も年間を通してグロインペイン症候群の怪我に悩まされることとなった。このため、シーズン序盤から調子が上がらずリーグ戦の序盤の多くの試合を欠場した。一方で、ヤマザキナビスコカップには全試合に出場し、4月4日の予選第2節横浜FM戦では決勝点となる榊翔太のゴールをアシストし、4月18日の予選第3節鹿島戦でも榊の先制点をアシストする など活躍を見せたが、チームは予選リーグ敗退を喫した。これらの活躍が裏付けるように調子を上げると、4月21日J1第7節川崎戦でスタメンに起用されたことでJ1初出場を果たす。この試合では敗戦したものの、高木純平の得点をアシストするなど活躍を見せると、以降は主力サイドバックとして定着した。ところが、チームはリーグ戦の前半を終えて僅か1勝しか挙げられない深刻な事態に陥っており、シーズン序盤から最下位に低迷し続けた。そうした苦しい戦いの中で日高は7月に入ると上原慎也と共に孤軍奮闘の活躍でチームの攻撃を支えるようになる。7月14日のJ1第18節磐田戦では大敗を喫したものの、一矢報いる反撃のゴールを挙げる。この得点が日高にとって札幌移籍後初ゴールであるのと同時にJ1初ゴールとなった。8月11日のJ1第21節仙台戦では同点弾となるゴールを挙げ勝利に貢献。更には8月25日のJ1第23節G大阪戦ではコーナーキックを頭で合わせ同点弾となるゴールを挙げる など、サイドバックでの起用ながら短期間でゴールを積み重ねた。しかし、9月に入るとグロインペイン症候群の症状が悪化し欠場を余儀なくされる。この間に前貴之がサイドバックのポジションで台頭を見せたことなどもあって残りのシーズンを棒に振ることとなった。日高が不在の間にチームはJリーグ史上最速降格が決定し、シーズンオフにはJ2降格に伴う緊縮財政の影響により、多くの主力選手の移籍が決定していく中で日高も移籍を考えるが、最終的にチーム残留を決断する。翌年の1月8日には契約合意の旨がクラブから正式に発表され、札幌での3年目のシーズンを迎えることが決まった。
2013年、この年から新監督に財前恵一が就任し同監督からも主力サイドバックとして期待されるが、前年からのグロインペイン症候群の影響は大きく、リーグ戦が開幕後も前半戦の大半を欠場することとなった。5月12日のJ2第14節山形戦の試合終了間際に岡本賢明と交替でシーズン初出場を果たすと、以降は右サイドバックとして先発に定着。6月1日のJ2第17節横浜FC戦でキックオフ直後に相手ゴール前まで駆け上がりシーズン初得点を挙げ勝利に貢献する。6月22日のJ2第20節岐阜戦では攻撃参加から横野純貴のゴールの起点となるシュートを放つ など調子を上げていくと、夏場以降はコンディションを取り戻し全試合でスタメン起用され、右サイドで積極的な攻撃参加を見せ躍動する。7月27日のJ2第26節鳥取戦では、右サイドのセンターライン付近で三上陽輔のパスを受けると、持ち前の俊足を活かしたオーバーラップで敵陣深くまで一気に駆け上がり内村圭宏をアシストする活躍で勝利に貢献した。8月11日のJ2第28節横浜FC戦ではフェホのゴールの起点となるパスで勝利に貢献。8月25日のJ2第31節水戸戦では上原慎也のゴールの起点となるパスで逆転勝利に貢献した。これらの日高の活躍を象徴するように、この頃からチームの成績も徐々に上向いていき、J1昇格プレーオフ進出圏内を射程範囲に捉えられるまで順位も上昇した。リーグ戦終盤にも、10月20日のJ2第37節山形戦で砂川誠からのパスを頭で合わせ先制点となるゴールで勝利に貢献し、プレーオフ進出を目指すチームを攻守で支え続けるが、11月24日J2最終節北九州戦で引き分けてしまい後一歩のところで逃すこととなった。また、シーズンオフの12月28日に開催されたチャリティーサッカー2013の出場メンバーに札幌に所属の選手としては唯一選出されている。
2014年は内村圭宏、古田寛幸と共に札幌の副キャプテンに就任することが決定。リーグ戦開幕前の2月9日に行われた練習試合で左足腸腰筋肉離れの怪我を負い、全治4〜6週と診断され 開幕戦からの試合出場は絶望的となったものの、驚異的な回復を見せたことで3月2日J2第1節磐田戦で控えメンバー入りを果たす。この試合では試合終盤に菊岡拓朗と交替で途中出場すると相手攻撃陣を無失点に抑え開幕戦勝利に貢献した。5月に故障、椎間板ヘルニアと診断され手術を行い、100日以上離脱することになった。
2015年、カターレ富山へ移籍 したが、椎間板ヘルニアが再発、現役続行にはリスクが伴う ことから本シーズンをもって現役を引退。シーズン終了後にヘルニアの再手術を行った。
2016年、北海道コンサドーレ旭川U-15コーチに就任。",,エスパルスユースから大学進学→サガン鳥栖
6502,大久保 嘉人,Yoshito OKUBO,a,大久保嘉人,high_school,high_school|j_club_academy|grassroots_club,possible_incidental_schooling_around_club_academy,"幼少時は父親が購入したペレやディエゴ・マラドーナのビデオを繰り返し見たり、父親と一緒に釣りに行ったり野球に親しんでいた。合気道も嗜んでいたというが、長続きしなかったという。小学校3年時に苅田サッカースポーツ少年団に入団し、本格的にサッカーを始める。当初はストッパーの位置でプレーしていたが、小学校6年時よりFWの位置でプレーするようになった。1994年にはU-12福岡県選抜チームに選出された一方で陸上競技にも取り組み、全国小学生陸上競技交流大会に出場した他、鹿島アントラーズと横浜マリノスとの試合の前座で、北九州市選抜チームの一員として福岡県の別のチームと対戦した際に5得点を記録し、鹿島サポーターから「大久保」コールを受けるという経験もした。

三浦淳宏や永井篤志を擁して1992年度の全国高校サッカー選手権を制した長崎県立国見高校に憧れ、小学校卒業後に長崎県へ渡り国見町立国見中学校に入学。国見高校のサッカー部総監督であった小嶺忠敏が中高一貫でサッカーの指導をするために作った「小嶺アカデミースクール」に入る。国見中学校では2、3年とも全国大会ベスト8に入り、U-15長崎県選抜チームに選出された。

1998年、国見高校に進学。国見史上最弱の代と言われ、小嶺監督からは『お前らに何も期待していない』と言われていた。大久保は「それが悔しくてみんな死ぬ気で練習した」「部活は、理不尽なことだらけの中で、そこでどう耐えて、立ち向かうかを考えて生きていかないといけない。だから、めちゃくちゃ精神的に鍛えられる。練習はユースがどんなことをしているのか知らないけど、部活はきつい、厳しいことだらけ。でも、そこで鍛えられたベースは、プロになって活きた。若い時に体と気持ちが鍛えられるのって大事ですよ。あんまり気持ち、気持ちって言うと古い年代かって言われるけど、それは部活もユースも、どの年代にも必要なことだと思うんです」と話した。1年時は全く試合に絡めなかった。
2年時に先輩が退学となり、その空いた枠に大久保が抜擢されてその試合で4得点、以降レギュラーを獲得した。
3年時の2000年、松橋章太らとともにインターハイ、国体、選手権を優勝し、高校三冠を達成した。ドリブル、パス、シュートを高いレベルで兼備し インターハイでは10得点、高校選手権では8得点を挙げてそれぞれ大会得点王を獲得した。
天皇杯全日本サッカー選手権大会には、長崎県代表として2年時 (1999年度) ・3年時 (2000年度) の2度出場した他、U-19日本代表に選出されてAFCユース選手権2000にも出場した。

複数のJクラブによる争奪戦が展開されたが小嶺からはセレッソ大阪かアビスパ福岡を勧められた。アビスパ福岡への入団を表明する会見のためにホテルに向かっていた車内で「やっぱりセレッソに行かせてください」と変えた。2001年に目標の森島寛晃が在籍する C大阪に加入。「九州から出てみたかった。でも、一番はトップチームに森島さんがいたことですね。背丈も同じぐらいだし、めちゃ上手いのでプレーを盗みたいなって思いました」「最初に加入するチームはすごく大事。高校のスーパースターが強いチームに行くのはいいけど、試合に出られないと終わってしまう。だから、試合に出られて、そこに尊敬できる選手がいて、その人に教えてもらいたいなって思うところに行くべきだと思う。プロに行けば絶対に壁にぶつかるし、高校のエースは壁の乗り越え方が分からない選手もいると思うので、そういう時、尊敬できる選手がいればなんらかの力になってくれる。そうして自分が成長できるチームを選ぶべき」と回想した。同年3月17日にJ1・1st第2節浦和レッドダイヤモンズ戦に途中出場しJリーグデビューを果たす。ナビスコカップ1回戦ジュビロ磐田戦の先制点がプロ初得点。1st第5節磐田戦でリーグ戦初得点を記録したが、前半32分に田中誠との口論の末に両者にレッドカードが提示され退場処分を受けた。田中とはその後Jリーグアウォーズの場で和解している。その後、左三角靱帯損傷によって同年開催のワールドユース出場を逃し、リハビリ中の筋力トレーニングでキレを失ったこともあってリーグ戦も大半が途中出場で通年2得点に留まった。同年末、C大阪は総合成績で16位となりJ2へ降格したが、高校時の恩師小嶺や先輩に相談を仰いだ上でC大阪残留を選択した。
2002年は、J2第3節湘南ベルマーレ戦の2得点で自信を取り戻すと、好調を維持して29試合 に出場し、アルビレックス新潟のマルクスに次ぐ得点ランキング2位の18得点を記録して 1年でのJ1復帰の原動力となった。また、アテネオリンピックに向けた日本代表に選出。
2003年のJ1では通年で合計24試合に出場し、日本人最多得点となる16得点を記録した他、史上最多得票でオールスターに選出され、同年末にはAFC選出のアジア年間最優秀ユース選手賞を受賞した。U-22代表として活躍する傍ら、同代表の石川直宏及び松井大輔と共にジーコ率いるフル代表にも招集され、5月31日に行われた韓国との国際親善試合に65分から鈴木隆行との交代で出場。国際Aマッチデビューを飾り、同年の国際Aマッチ出場は14試合を数えた。
2004年のJ1は22試合出場15得点。2nd第5節では苦手としていたジェフユナイテッド市原戦でプロ入り後初のハットトリックを記録した。また、同年3月まで開催されていたアテネオリンピックアジア地区予選では2戦連続得点でチームの窮地を救い、7月にU-23日本代表としてアテネオリンピック本大会に出場した。同大会では1勝2敗でグループステージ敗退となったが、個人としては3試合に先発出場し、パラグアイ戦では81分に、ガーナ戦では37分に決勝点となるゴールをそれぞれ記録した。

オリンピックでの活躍がきっかけとなり、2004年11月にリーガ・エスパニョーラ所属のRCDマヨルカへ期限付き移籍が決定。監督のエクトル・クーペルからの評価は好意的で、選手登録が解禁された直後の2005年1月10日、第18節デポルティーボ・ラ・コルーニャ戦で初出場。ルイス・ガルシアの得点をアシストし、自身も1得点を記録する好デビューを飾ったが、そのデビュー戦で負傷した影響で戦線離脱すると、復帰後も出場機会は限られた。しかし残留争いが佳境となった終盤戦には控えとなったガルシアに代わって先発出場し、第36節アスレティック・ビルバオ戦及び第37節デポルティーボ・ラ・コルーニャ戦でそれぞれ1得点ずつ記録した他、2アシストとPK獲得の活躍で マヨルカの奇跡的とも言える1部残留に貢献した。シーズン終了後、UEFA選出スペインリーグ・若手ベストイレブンを受賞。
マヨルカからの評価は高く、C大阪との移籍期間延長交渉を経て 2005-06シーズンもクラブに残留。しかし同シーズンは途中出場が大半で、シーズン途中に監督に就任したグレゴリオ・マンサーノ体制下でのさらなる出場機会減に危機感を抱き移籍を決意。移籍期間満了後に移籍が決定した。スペインでの通算成績は39試合5得点6アシスト。後に、不遇を託ったことでより良いプレースタイルを考えることができたと述懐している。
オリンピック以後も継続的にフル代表に招集されていたが、得点を挙げられないまま2005年10月のヨーロッパ遠征を最後に招集されなくなり、2006年のワールドカップ出場を逃した。結局、ジーコ体制下では無得点に終わった。

2006年6月、セレッソ大阪へ復帰。低迷するチームを救うべく登録直後から出場を続けたものの6戦無得点。復帰後7戦目の京都パープルサンガ戦で2得点を記録し、その後はチームと共に復調を見せたが、最終順位は17位となり、J2へ降格した（個人記録は21試合出場6得点）。

2007年1月、急遽ヴィッセル神戸からのオファーが報じられ、移籍金3億円 で同クラブへ完全移籍。セレッソ大阪のフロントから「J2に降格したから来季は若手中心に切り替える。残っても出番はないかもしれない。」と告げられた事、高校の先輩である三浦淳宏から誘われた事が移籍の理由だと後に語っている。
三浦の負傷もあり、監督の松田浩に自ら進言して左ウイングバックでプレー。このコンバートによって「チームのことを考えてプレーできるようになった」と述懐している。主将にも就任し、精神面・技術面でチームを牽引。リーグ戦では14得点を記録した。
2007年8月にはカメルーンとの国際親善試合で約1年10カ月ぶりに日本代表に復帰。10月に行われたエジプトとの親善試合で1試合2得点を記録し、国際Aマッチ出場21試合目、初選出から4年越しでの初ゴールを記録した。以後、2010年のワールドカップを目指す日本代表の主力に定着。2008年開催のオリンピックには選出されなかった（後述）。
2008年は、開幕前のワールドカップ予選・タイ戦で貴重な勝ち越しゴールを挙げる活躍もあったが、同時に右ひざ半月板損傷を負った。3月のワールドカップ予選選出も危ぶまれたものの、2節川崎戦で戦列復帰し、1ゴール2アシストの活躍を見せ、代表追加招集が発表された。6月のオマーン戦で、相手GKアリ・アル・ハブシと接触した際、アル・ハブシを蹴り一発退場を受け、残りの予選3試合は出場停止処分となった。また、反町康治率いる北京オリンピックにOA枠での選出の噂もあったが、破談している（後述）。チームにおいては、より多くのボールを受けるべく、シーズン当初のFWから再び左MFへポジションを変更し牽引。2年連続の2桁得点を達成した。

ブンデスリーガ・VfLヴォルフスブルク監督のフェリックス・マガトの強い希望により、2009年1月に同クラブへ完全移籍。移籍金交渉は難航したが、移籍を望んだ本人の意向に添う形で、神戸側が最終的に譲歩し、推定2億5000万円で合意。実は初めて海外挑戦する時にもマガトから誘いを受けており、この時が3度目のオファーだったと明かしている。
オーバーヘッドシュートを放った事が理由でマガトの怒りを買ってベンチ入りメンバーから外されるという経験もしたが、ドイツのサッカーに慣れるに従い、相手選手に体をぶつけられても倒れることなくドリブルで進めるまでになった。この経験について大久保自身は取材に対し、「試合に出れなくて、まぁ、いいや、って思ったら、もう終わりよ。（中略）サッカー選手をやっている以上は、出たい、出たい、って感じで練習もするやん」というコメントを残している。2008-09年度シーズンにおいて、長谷部誠と共にクラブ史上初となるドイツ国内主要サッカー大会 初優勝達成を経験したが、大久保自身は、ポジションの重なるグラフィッチやエディン・ジェコが好調で彼ら大柄な選手に合わせたサッカーが展開されていたこともあって、出場機会は乏しかった。自身を評価するマガトの退任とワールドカップ出場を見据え、1シーズンでの移籍を決断。

2009年6月、ヴィッセル神戸へ復帰。シーズン終盤は2008年からオフなしで試合をこなしていた影響でスタメンを外れる試合もあったが、シーズン途中加入でチームトップタイの8得点を記録した。
2010年は、開幕前の東アジアサッカー選手権の韓国戦で左膝内側側副靭帯損傷の負傷で全治6週間と診断されるが、リーグ開幕戦は膝に包帯を巻いて途中出場。強行出場を続けたこともあり、コンディションが上がらず、代表の先輩でもあるMF中村俊輔からも「休め」と助言を受けた。4月には鼻骨骨折に見舞われ、代表発表までのリーグ戦でわずか2得点にとどまるなどワールドカップメンバー入りに暗雲が垂れ込めていたが、2010年5月10日、ワールドカップ南アフリカ大会に臨む代表メンバーに選出された。強化試合として行われた韓国戦、イングランド戦、コートジボワール戦 に出場し、本大会ではグループリーグ三試合と決勝トーナメント一回戦に左サイドハーフとして先発出場し、攻守に奔走する献身的プレー で日本の2大会ぶりとなる決勝トーナメント進出に貢献した。
帰国後も最前線で起用され、ゴールを挙げていたものの、14節湘南戦において自身の著書で「もう試合終盤かと思ったらまだ前半2分だった」と語るほどの極度の疲労に襲われる。その後、燃え尽き症候群を発症。ワールドカップ期間中に痛めた左膝の手術も行い長期離脱。復帰後は不運な退場劇 やも筋肉系の故障 などで離脱する機会が増えた。チームの守備的な戦いも影響し、リーグ戦は通年で17試合4得点に終わった。
2011年はシーズン途中より、2トップがポポと吉田孝行に固定されたこともあり、左サイドアタッカーとしての起用がメインとなった。細かい怪我はあったものの大きな離脱はなくリーグ戦30試合出場9得点を記録した。J1第20節浦和戦でJリーグ通算100得点を記録（J2含む）。移籍の噂もあったもののクラブとの契約を延長した。
2012年は自身の希望もあり、背番号をC大阪在籍時以来の「10」に変更。近年見せていた中盤でのプレーでなく得点への注力を希望し、開幕戦のガンバ大阪戦ではFWで起用され2得点を挙げるなど 序盤は好調ぶりを見せていた。しかし、新加入選手が多くチーム戦術や共通意識が定まらずに、中盤に下がらざるを得ない状態となってゴールから遠ざかり、第7節柏レイソル戦で負傷。2週間ほどで復帰したが、以降はコンディションが上がらず、リーグ戦26試合4得点と低調に終わり、クラブも降格した。契約期間を1年残しており神戸に残留するつもりでいたが、最初の契約交渉時に態度を保留したところ クラブからの慰留は無く 移籍を勧められ、本年限りでの退団を余儀なくされた。

2013年、熱心なオファーのあった川崎フロンターレへ2年契約で 完全移籍。川崎では自身の役割が得点に特化されたことにより、無駄なファールやスタミナの消耗も減って本領を発揮。シュート精度も向上して 多彩な得点パターンで相手DFを脅かし、第16節浦和戦でJ1通算100得点を達成。その後も磐田戦、大分トリニータ戦など終了直前に決勝点を挙げる試合も多く、チームを牽引。自己最多の26得点を記録し、得点王に輝いた。
日本代表には2012年2月のアイスランド戦以来招集されていなかったが、2013年以来の好調が持続していたこと やFW柿谷曜一朗やMF香川真司の不調もあって、2014年5月12日にワールドカップブラジル大会の日本代表にサプライズ選出された。翌6月の親善試合ザンビア戦では、2008年以来となる国際Aマッチでの得点を記録した。多様な能力を兼備するオールラウンダーであり ポジションはどこでもできるとの自身の言葉通り、FW、トップ下、両サイドハーフで構想され、チームを活性化させたものの、本大会では途中出場の第1戦コートジボワール戦、右サイドハーフで先発し決定機を外した。第2戦ギリシャ戦及び第3戦コロンビア戦のいずれも得点できず、グループリーグで敗退した。
Jリーグでは昨季の得点王として強いプレッシャーを感じながらも 得点量産を続け、同年9月のJ1第25節大宮アルディージャ戦でC大阪在籍時以来となる10年ぶり2度目のハットトリックを達成。第25節でのハットトリックはJリーグ創設以来最遅。通年では18得点を記録し、2年連続の得点王を獲得。単独での 2年連続得点王はJリーグ開幕以来初となった。なお、同年8月30日のJ1第22節名古屋グランパス戦でカルビーの広告看板を蹴って損壊させたことで2試合の出場停止処分を受けている。
FC東京からのオファー等があったもののも契約を更新し川崎に残留。2015年、1st第7節ヴァンフォーレ甲府戦でJ1通算139得点目を記録して三浦知良の持つ記録に並び、同第9節FC東京戦で140得点目を記録して単独4位となった。ゴールパフォーマンスではカズダンスを披露した。同年9月、2nd第11節名古屋戦にて自身3度目となるハットトリック 及びJリーグ史上4人目となる通算150得点を記録。通年では23得点を挙げ、Jリーグ史上初の3年連続得点王を獲得し日本屈指のストライカーとして名を馳せた。
2016年もゴールへの嗅覚は冴え、1st第3節名古屋戦でJ1歴代最多タイの通算158得点を記録し、同6節サガン鳥栖戦でJ1新記録159得点目を記録。通年ではリーグ戦33試合に出場。4年連続の得点王こそ逃したが、日本人選手最多タイとなる15得点を記録した。周囲からは攻撃的サッカーの中で活躍を続けていたように見られていたが、大久保自身は同年のチームはミスを怖がり縦パスを狙えなくなってしまったと感じており、変化を求めていた。同年末の契約満了に伴い、川崎からの慰留も含めて複数クラブによる争奪戦が展開された。なお、同年開催のオリンピックには選出されなかった（後述）。

FC東京からの2年ぶりの再オファーに熱意を感じ、2017年に同クラブへ完全移籍。3月18日、第4節の川崎フロンターレ戦では古巣からゴールを奪って移籍後初得点を決めた。シーズン半ばに監督・篠田善之が解任されると、新監督の安間貴義の元ではシャドーとしてプレーする機会が増えた。この起用について安間は「ラストパスを出せるのが嘉人しかいない」 と語っている。最終的にJ1リーグ戦28試合出場し、8得点を記録した。

2018年、川崎から復帰オファーを受け、1年で同クラブに完全移籍で復帰した。名古屋戦と鹿島戦では得点を記録するも復帰後はレギュラーでは無く途中出場が多かった。

ロシアW杯によるリーグ戦中断期間中の6月、得点力不足解消のため大久保に白羽の矢を立てたジュビロ磐田監督の名波浩から獲得のラブコールを受ける。5月5日のFC東京戦以降は登録メンバーから外れることが多くなり、『引退』を考え出していた大久保自身も「もう一度輝きたい」という思いから磐田への移籍を決断。2018年6月26日、両クラブを通じて完全移籍が発表され、背番号は「22」に決定。同年8月19日、J1第23節・対柏レイソル戦で移籍後初得点を挙げた。この得点により、佐藤寿人に次いで史上2人目となるJリーグ通算200得点を達成した。さらにその試合で通算100枚目のイエローカードを貰っており、試合後に監督の名波から「大久保が200ゴール、そして100枚目のイエローカードと非常にメモリアルなゲームになったと思っています」とネタにされている。J1第34節・古巣の川崎と対戦では、後半33分に松本昌也のクロスをヘッドで叩き込み、先制点を挙げた。しかし磐田が後半38分、後半45+4分に失点し1-2で敗れたため、最終順位が16位となり、J1参入プレーオフに回った。
2019年シーズンは、J1通算200得点を目標 に開幕戦から第7節まで先発出場するも得点は決められず、徐々に出場機会が減少。第16節には名波浩が監督を辞任し、その後も鈴木秀人→フェルナンド・フベロと相次いで監督が交代する事態となったが、出場機会は増えなかった。11月30日に行われた第33節の名古屋戦では、負ければ降格が決まる中でシーズン初ゴールとなる決勝ゴールを決めた。しかし、残留を争っていた湘南が勝利したため、チームは降格となった。プロキャリアでワーストとなる1得点でシーズンを終えた。12月12日、契約満了により同シーズン限りでチームを退団する事が発表された。

2020年、J2の東京ヴェルディへ完全移籍。出場は19試合となり、PKを外すなどチームに自身の得点で貢献することが全くできず、1年でチームを去ることになった。なおシーズン無得点はJリーグでは自身初となる。

2021年1月9日、15年ぶりとなるセレッソ大阪への復帰が発表された。チーム内の最年長選手となった。昨年度J2で無得点だったこともあり、大久保の獲得に対して疑問視する意見や抗議のメールがクラブには届いていたが、迎えた開幕戦で先発出場し、チームのシーズン第1号弾となるゴールを肩で決め勝利に貢献した。15年ぶりの得点は、J1の同一チームで最長ブランク弾である。リーグ戦2戦目の古巣川崎フロンターレ戦では2得点を挙げた。また、大久保が川崎に所属していた2013年にサポーター有志がつくった大久保の得点数を表示するヨシメーターが掲げられ、試合終了後に数字の色が川崎のチームカラーの青色から、今季所属するセ大阪仕様の鮮やかな桜色に変わる計らいがあった。そしてヨシメーターはセレッソサポーターに受け継がれた。3月6日、第2節 のFC東京戦では、1ゴール1アシストで3試合連続ゴールを決める活躍をした。38歳8カ月25日での3戦連発は、2004年の三浦知良を超えJ1史上日本人最年長記録。開幕から5試合で5得点と下馬評を覆し、ストライカーとして復活を印象づける活躍をみせたが、その後はチーム全体の戦術への迷いからボールが回らなくなったこと、チームでの新型コロナウイルスによる影響、第12節の大阪ダービーで調子の良さを見せていた矢先に負傷して、試合から離れた時期もあり得点から遠ざかった。現役オーストラリア代表のアダム・タガートの合流後も出場機会を勝ち取り続け、誕生日に迎えた天皇杯2回戦ガイナーレ鳥取戦では、ヨドコウ桜スタジアムでのチーム第1号弾を決めた。同スタジアムで初めて警告を受けたのも大久保だった。また、ACLでも得点を記録した。
11月19日、クラブからは契約延長の提示を受けていたが、2021年シーズン限りでの現役引退を発表した。小菊昭雄監督就任以降も出場機会を減らすことはなく、引退表明後は監督が「大きな荷物を降ろしたかのように、18、19歳の頃の嘉人を見ているような、素晴らしいコンディション」と表現するほどパフォーマンスを向上させた。ルヴァンカップ決勝では、後半32分にペナルティエリア外からただひとりだけゴール前に駆け込み、その動き出しを見た松田陸が低軌道の高速パスを出し、大久保は足で触れたが、ボールはゴールの枠に入らなかった。Jリーグ最終戦となった第38節清水エスパルス戦（IAIスタジアム日本平）では、清武弘嗣のコーナーキックにダイレクトボレーでシュートを放ち、相手にあたったボールはゴールネットを揺らした。大久保は自身のゴールとして喜びを表したが、結果はオウンゴールとなった。「記録する人が空気を読んでくれたら」と大久保は冗談めかして話した。当初は獲得を疑問視されたが、離脱期間以外は主力として出場し天皇杯準決勝・浦和レッズ戦が現役最後の公式戦出場となった。リーグ戦6得点はチーム内2位の記録だった。

引退後はスポーツコメンテーターとして、CS・ネット向けのサッカー中継解説のほか、スポーツニュース番組のメインキャスター、バラエティー番組のゲストなどで活動している。
セレッソ大阪のアカデミー技術委員に1年契約で就任した。ちなみにこの年のセレッソのアカデミーは、U-18、U-15、女子U-18（セレッソ大阪堺ガールズ）がクラブユース選手権で日本一になり、史上初めてクラブユース三冠を達成したアカデミーとなった。
2022年8月21日放送のフジテレビ『千鳥の鬼レンチャン』に出演した。10人が400mを走り、最下位だけが脱落するというルールを、5分の休憩を挟んで6回繰り返し、最後は4人で決勝を行うサバイバル企画「400mサバイバルレンチャン」に参加。おばたのお兄さん・森脇健児・ワタリ119との決勝戦まで残り、決勝前には「最後見ててください。俺がどれだけ気持ちを出せるか。気持ち持ってますから」と話し、決勝戦では300m手前から先頭を追い越し、後続を突き放すスピードアップをみせて優勝し、初代王者となった。レース終了直後には「超嬉しい。嬉しい。言ったでしょ、最後は気持ちで、気持ちで勝負なんですよ。サッカー辞めてまだ半年、そんなんで負けたら話にならんって」と述べた。
2023年1月29日放送の第2回目も優勝し、2連覇を達成した。
2025年1月10日、自身のInstagramアカウントにて同年4月から一家揃ってスペインに移住することを表明した。長男と三男がプロサッカー選手を目指して2024年3月と9月に相次いでスペインへ渡航しており、その夢を近くで応援したいことと、自身もサッカーを学んで新たな挑戦をするためとしているよ。
2025年9月1日、アルビレックス新潟バルセロナのクラブダイレクターに就任した。",,確認
6833,茂木 弘人,Hiroto MOGI,a,茂木弘人,unknown,,no_institution_keyword_found,"元々はDFだったが高校1年の秋に当時聖光学院高の監督だった鋤柄昌宏に勧められFWに転向。
2002年にサンフレッチェ広島に入団。同期入団は、須田剛史、佐田聡太郎、西村英樹。
2005年シーズンは開幕から好調を維持し開幕戦にゴールをあげるなど前半で4得点を挙げたが、後半は出場機会がなく、2006年シーズンからは完全移籍でヴィッセル神戸に移籍した。
2007年シーズンは監督に直訴してサイドバックに転向、レギュラーポジションを獲得した。2008年、グアムキャンプ中にアキレス腱断裂の重傷を負い、ほぼ1シーズンを棒に振った。2009年、カイオ・ジュニオール監督（当時）に直訴し、フォワードに再転向。他のフォワードの不振もあり起用されると、4月26日のガンバ大阪戦でプロ初の1試合2得点をあげた。試合後、カイオ監督はインタビューで当初茂木を構想外としていたことを明かしたが、これを撤回した。二度の監督交代後も主軸を務め、チームに貢献した。
2010年は前年復帰したFW大久保嘉人や草津から加入したFW都倉賢などの加入に伴い、再び左サイドバックを任されることが多くなったが、カップ戦ではFWで起用されることもあった。チームはJ2降格の危機に瀕し、第33節引き分けでも降格の可能性のあった清水戦で後半38分に決勝ゴールを決める活躍を見せた。第34節では先制点をアシストしチームの残留に大きく貢献した。
2012年はキャンプでFW挑戦を和田昌裕監督に直訴し、再びFWとサイドバックの両方で起用されている。西野朗の監督就任後は左サイドハーフでも出場した。2014年12月9日、ヴィッセル神戸との契約満了を発表した。
2015年、J1・J2の複数のクラブからオファーを受けるが、「体が動く間に地元でプレーしたい」という思いから地元の福島ユナイテッドFCへ移籍。また、サッカー選手と並行して同年より福島医療専門学校に通い、2018年に鍼灸師の資格を取得した。
2019年1月5日、現役を引退すると発表された。同年1月よりかまた鍼灸整骨院（福島市）で鍼灸師として勤務し、併せて福島ファイヤーボンズへの支援として選手の鍼灸施術を行うと報じられた。",high_school,高校
7082,佐藤 昭大,Akihiro SATO,a,佐藤昭大,high_school,high_school|j_club_academy,possible_incidental_schooling_around_club_academy,"朝日中学校時代から地元三重県で八田直樹とともに将来を嘱望されており、地元の強豪・三重県立四日市中央工業高等学校から誘われたが、最終的にはサンフレッチェ広島ユースに入団。
2003年春にはトップチームのキャンプに髙萩洋次郎・前田俊介・髙柳一誠と共に招集され、その後2種登録選手になる。ユースでは同年夏ごろから正GKとして活躍、高円宮杯3位、Jユースカップ優勝などに貢献した。2004年も引き続き2種登録される。同年、トップチームの第2GKを務めていた林卓人が腰の手術を行いシーズン序盤を欠場したため、河原正治を押しのけ開幕戦に高校3年生ながらベンチ入りメンバーに抜擢され、その後リーグ戦7試合・リーグカップ3試合にベンチ入りした。一方ユースではキャプテンに選ばれ、クラブユース選手権連覇、高円宮杯初優勝、Jユースカップ準優勝に貢献した。

2005年、トップ昇格。同年10月15日FC東京戦において　下田崇の負傷退場により急遽出場、これがJリーグ初出場となった。その後、下田は怪我によりシーズン絶望、リーグ戦の残り全試合でスタメン出場した。翌2006年以降、下田の前に出場機会が与えられなかった。
2007年、出場機会を求めて愛媛FCに期限付き移籍。リーグ戦2節から川北裕介を押しのけレギュラーを奪い28試合に出場したものの、自身の怪我やチーム状況からその後川北に再びレギュラーを奪われてしまった。
2008年、広島に復帰。同年6月から正GKの下田と第2GKの木寺浩一の怪我による離脱に伴い、レギュラーとなり24試合に出場した。しかし、2009年4月18日のJ1第6節対アルビレックス新潟戦にてペドロ・ジュニオールと激突し負傷退場。右足後十字靭帯断裂により長期離脱となった。その後は中林洋次にレギュラーを明け渡した。

2010年、小澤英明の退団に伴い第2GKを探していた鹿島アントラーズに期限付き移籍。不動の正GK曽ヶ端準の前に出場機会はなかったが、2011年に完全移籍した。2012年からは杉山哲の退団に伴い背番号1を継承した。2012年4月18日、Jリーグヤマザキナビスコカップのコンサドーレ札幌戦で移籍後初出場。その後は出場機会機会は少ないながらも、カップ戦を中心に出番を得た。
2015年は、トニーニョ・セレーゾ監督によって2014年まで不動の正守護神として連続出場を続けていた 曽ヶ端を差し置いて開幕スタメンに抜擢。広島時代以来約6年ぶりとなるリーグ戦出場を果たしたが、清水エスパルスに1-3で敗れた。その後控えに戻ったが、曽ヶ端が負傷した中盤戦ではスタメンに名を連ねていた。しかし、トニーニョ・セレーゾが更迭され石井正忠へ監督が代わると曽ヶ端がレギュラーに戻り、ベンチを暖めるようになった。11月26日、今季限りで鹿島を退団することが発表された。

12月25日、ロアッソ熊本への完全移籍加入が発表された。移籍後は広島でもポジションを争った原裕太郎から定位置を奪い、すぐさまチームの正GKとして第13節と天皇杯2試合を除く全試合に先発した。2017年になると畑実や野村政孝にポジションを奪われるようになるが、2018年になるとその座を奪還した。

2019年1月5日、モンテディオ山形への完全移籍が発表された。同年は守護神である櫛引政敏の前に出番はなかったが、2020年に櫛引がシーズン途中で負傷によりチームを離脱するとスタメンに抜擢。しかし、ミン・ソンジュンの離脱により急遽加入した藤嶋栄介が夏場以降はポジションを確保すると再び控えに回った。
2020年12月12日、現役引退することを発表した。",j_club_academy,高校入学せず
7091,髙萩 洋次郎,Yojiro TAKAHAGI,a,髙萩洋次郎,high_school,high_school|j_club_academy,possible_incidental_schooling_around_club_academy,"いわき市立植田中学校入学と同時にJヴィレッジサッカースクールに通い、高田豊治 コーチから指導を受ける。また、学校ではいわき市市大会で平一中に2対1で勝利し優勝に貢献した。U-15日本代表候補に選出される。
中学3年時に高田に誘われ、2002年にサンフレッチェ広島ユースに入団。2003年高校2年生時には、高校年代のサッカー界に旋風を巻き起こした広島ユースの中心選手として活躍、チームをクラブユース選手権優勝、高円宮杯3位に導いた。
また2003年、前田俊介、髙柳一誠、佐藤昭大とともにトップチームの2種登録選手となる。小野剛に評価され、同年4月5日J2第4節湘南戦に初出場。16歳8ヶ月3日での出場となり、呉章銀が有していたJリーグ最年少出場記録を更新した。同月29日J2第9節甲府戦には右サイドバックとしてフル出場した。同年11月1日、シーズン途中にユースから昇格しトップチームとプロ契約し「クラブ史上初のプロの高校生Jリーガー」となった。それと平行して、広島県立吉田高等学校から通信制のクラーク記念国際高等学校へ転校し卒業。

トップチーム昇格後、一時は先発メンバーに抜擢されプロ初ゴールを決めたが、度重なる怪我や病気に泣き、また守備面を課題視されたことから出場機会に恵まれなかった。
2006年、出場機会を求めて田村祐基や森脇良太とともに、望月一仁率いる愛媛FCへレンタル移籍。金守智哉に次ぐチーム2番目の出場時間を得、中心選手として愛媛の躍進を支えた。
2007年、広島に復帰。当初コンディションがなかなか上がらなかったこともあり、同年はほぼ通年ベンチ入りを続けたものの出場機会は僅かだった。ミハイロ・ペトロヴィッチ監督から徐々に主力として評価されるようになり、翌2008年には森﨑和幸や柏木陽介ら主力MFに怪我人が続出したためトップ下として先発メンバーに定着すると、前線でのキープ力と得点力を発揮して終盤には1トップでも活躍。攻撃のキーマンとしてJ1昇格に貢献した。以後、J1でもチーム屈指のテクニックと独特の感覚を活かしたチャンスメイクで レギュラーに定着。2010年のナビスコカップではチーム躍進の原動力となった攻守の要と評価され ニューヒーロー賞を受賞。
2012年は自身初のリーグ戦全試合出場を達成。4得点に留まったがリーグ最多アシストを記録 して 広島のリーグ初優勝に大きく貢献し、自身初のJリーグベストイレブンに選出された。
2013年、背番号を10に変更。同年7月、東アジアカップに臨むA代表に初選出され、同月21日の中国戦で国際Aマッチ初出場を果たした。トップ下に入り 攻撃にリズムを作ったが、その後は候補入りするに留まり翌年開催のワールドカップは選外となった。
2014年末、広島との契約更新を行わずオーストラリアやアメリカのクラブへの移籍を模索。

2015年1月、一番にオファーがあったというAリーグ・ウェスタン・シドニー・ワンダラーズFC（WSW）へ完全移籍。同年のACLラウンド16終了時までの短期契約を結んだ。2月1日、第15節メルボルン・シティ戦で移籍後初出場し、直接FKによる初得点を記録。同月25日のACL第1節鹿島戦では自身の決勝点を含む1得点1アシストの活躍で マン・オブ・ザ・マッチに選出された。
広島に選手としての在籍歴があるトニー・ポポヴィッチ監督の下、チームでは希少なゲームメイクのできる選手として重宝され、ボランチ及びトップ下でプレー。（前年のACLで優勝したWSWの）サッカーを肌で感じレベルアップしたいとの言葉通りプレーの幅を広げることに成功した。WSW残留も可能だったが当初の契約通り半年足らずで退団。

WSW在籍時にACLグループリーグでKリーグ1・FCソウルと対戦した際、ソウル監督の崔龍洙から高く評価され 2015年6月に同クラブへ完全移籍。契約期間は2年6カ月、アジア枠での登録となった。
コンディション面でやや出遅れたものの、河大成以来となるチーム待望のゲームメイカーとしての期待は大きく、8月19日の釜山戦で得点を挙げるなど調子を掴んでからは際立ったビルドアップ能力と 広い視野、パスセンスを武器とする 中盤の要として定着。同年の韓国FAカップでは準決勝、決勝で連続得点を挙げる活躍で優勝に貢献、特に決勝で決めたミドルシュートは幻想的とも評され大会MVPを獲得した。韓国サッカー界の公式大会で日本人選手のMVP受賞は史上初。
加入当初は弱点と見なされていたフィジカルや競り合い、守備面を格段に向上させ、球際での戦いやボール奪取でも力を発揮。2016年は得点に絡む場面こそ減少したが中盤を牽引する働きで リーグ優勝を果たした。
ソウルとは2017年末までの契約を結んでおり、2017年初頭のキャンプにも帯同していた。しかし、ソウルがFC東京所属の河大成を獲得を図ったところ、髙萩へのオファーが届いたため、両クラブ間で事実上のトレードが成立した。

2017年1月、FC東京へ完全移籍。3年ぶりのJリーグ復帰となり ドイスボランチの一角に配された。3月16日、日本代表のメンバー発表が行われ、3年8カ月ぶりに代表復帰を果たした。7月30日、第19節のアルビレックス新潟戦でJ1通算200試合を達成した。チームの大黒柱に成長した。

2022年7月、栃木SCへ期限付き移籍。
2022年12月2日に完全移籍したが、2023年11月23日、契約満了で2023年シーズン限りで栃木を退団する旨が発表された。

2023年12月25日、フリーでシンガポールプレミアリーグのアルビレックス新潟シンガポールへ加入した。
2024年10月8日、一身上の都合で11月23日のヤング・ライオンズFC戦を最後に双方合意の下に契約を解除し退団することが発表された。

2025年1月3日、自身のInstagramアカウントにて現役引退を表明した。",j_club_academy,高校入学せず
7200,矢野 貴章,YANO Kisho,a,矢野貴章,university,university|high_school|j_club_academy|grassroots_club,possible_incidental_schooling_around_club_academy,"矢野 貴章（やの きしょう、1984年4月5日 - ）は、静岡県浜松市出身のプロサッカー選手。Jリーグ・栃木SC所属｡ ポジションはフォワード、ディフェンダー。元日本代表。
実兄の矢野晴之介は現在、日本体育大学サッカー部の監督を務める。


== クラブ経歴 ==


=== プロ入り前 ===
小学生時代はジュビロ浜北サッカースクールおよび静岡大学附属浜松サッカー少年団に在籍。中学生時代に在籍したヤマハジュビロSSではサイドバックを務めていたが、浜名高校在籍時にフォワードにコンバートされた。2001年にはU-17日本代表としてU-17世界選手権に出場し、5-1と大敗したフランス戦でゴールを決めた。2002年は、ジュビロ磐田の強化指定選手に登録された。


=== 柏レイソル ===
高校卒業時には4クラブから誘われた中からJ1・柏レイソルに入団。プロ1年目の2003年開幕戦から先発メンバーに抜擢されるなどリーグ戦18試合に出場したが、2004年の試合出場はわずか9分に留まり、2005年もシーズン前半はベンチ外が続いたが、6月にU-21日本代表としてトゥーロン国際大会に参加したことが転機となり、シーズン後半はコンスタントに出場するようになった。しかし、J1・J2入れ替え戦に柏が敗れたため、柏のJ2降格が決定した。


==== アルビレックス新潟 ====
2006年、永田充と共にアルビレックス新潟に完全移籍。2009年は3トップの右ウィング及びセンターで起用され、プロ入り後最多のリーグ戦8得点を記録した。2010年は副将に就任し、状況によりゲームキャプテンを務めることもあった。


=== SCフライブルク ===
2010年8月27日、ブンデスリーガのSCフライブルク公式サイトにて、同クラブとの契約が発表され、夢だった海外移籍を実現。代理人は長谷部誠、香川真司らと同じトーマス・クロート。9月11日、VfBシュトゥットガルト戦でブンデスリーガデビューを果たすも、その後はレギュラーの座を掴めず、2010-11シーズンは主に途中投入で15試合に出場するも無得点に終わった。翌2011-12シーズンは、ベンチ入りすることもままならず、2011年12月20日にクラブから戦力外通告を受けた。その後、ドイツクラブへの移籍やスイス2部・FCアーラウのトライアウトの参加など去就が報じられたが、いずれも契約には至らなかった。


=== アルビレックス新潟 (2次) ===
2012年2月8日、古巣新潟への完全移籍での復帰が発表された。背番号は前回所属時の11番をFWブルーノ・ロペスが背負っていたため、空いていた9番を背負うこととなった。1年半ぶりの復帰となった新潟ではリーグ戦開幕から未勝利のまま低迷していたチームの初勝利となった第6節セレッソ大阪戦で決勝点を挙げるなどしたものの、出場したリーグ戦30試合は主に途中出場で、得点も2得点に留まるなど、低迷したチームの中、期待通りの活躍が出来ずにシーズンを終えた。


=== 名古屋グランパス ===
2013年、名古屋グランパスに完全移籍。3月23日、ナビスコカップ第2節サガン鳥栖戦で決勝点となる移籍後初ゴールを決めた。リーグ戦序盤は負傷のジョシュア・ケネディに代わる長身FWとして先発出場を続けていたが、これが機能せず、ケネディ復帰以後は途中出場が主となった。2014年からは守備陣に故障者が相次ぐチーム事情もあり、主に右サイドバックや右サイドハーフで起用されることが多くなった。2016年には右SBに古林将太が加わったが定位置を譲らなかった。またボスコ・ジュロヴスキー監督時代には前線で起用される試合もあった。


=== アルビレックス新潟 (3次) ===
2017年より古巣・新潟に復帰。同年8月5日、第20節の横浜Fマリノス戦で、史上49人目となるJ1リーグ通算350試合出場を達成した。
自身初のJ2で戦うことになった2018年より登録ポジションをFWに変更した。2019年を持って新潟を契約満了により退団。


=== 栃木SC ===
2020年より栃木SCへ加入。


== 代表経歴 ==
2007年3月には日本代表に初招集され、3月24日のペルー戦で国際Aマッチ初出場を果たした。また、9月11日の3大陸トーナメント・スイス戦で代表初得点を挙げた。
2010年5月10日、2010 FIFAワールドカップの最終登録メンバーに選出される。事前に予想されていなかったサプライズ選出であり、新潟在籍選手としては初のW杯メンバーとなった。6月14日に行われたグループリーグ第1戦のカメルーン戦に、後半37分から大久保嘉人との交代で出場した。


== プレースタイル ==

フォワードとしては長身を生かした空中戦や身体を張ったプレーだけでなく、ドリブル突破、スペースへの飛び出しを得意とする。また、豊富な運動量や前線からの守備が得意であり、チームの為に労を惜しまない選手である。その一方で、シュート精度に課題があり、J1リーグ戦におけるシュート決定率や90分平均得点は低いものとなっているが、殆ど角度のない位置からのシュート（通称：貴章ゾーン）を決める事が多い選手でもある。


== エピソード ==
父親が亡くなった直後に試合に出場してゴールを決め、その試合をたまたま見ていた関係者の目にとまり、日本代表に選出された。
2010年W杯メンバーに選出されたとき、岡田武史監督（当時）はFWである矢野に、フィジカルとセットプレー時の守備に期待していると語っていた。


== 所属クラブ ==
ジュビロ浜北サッカースクール付属少年団
1997年 - 1999年 ヤマハジュビロSS浜北ジュニアユース
2000年 - 2002年 静岡県立浜名高校
2002年  ジュビロ磐田 (強化指定選手)
2003年 - 2005年  柏レイソル
2006年 - 2010年8月  アルビレックス新潟
2010年8月 - 2012年2月  SCフライブルク
2012年2月 - 同年12月  アルビレックス新潟
2013年 - 2016年  名古屋グランパス
2017年 - 2019年  アルビレックス新潟
2020年 -  栃木SC


== 個人成績 ==

2002年は強化指定選手（磐田、出場なし）
その他の公式戦

2005年
J1・J2入れ替え戦 2試合0得点
Jリーグ初出場 2003年3月22日 J1-1st-1節 vsFC東京 (味の素スタジアム)
Jリーグ初得点 2003年4月20日 J1-1st-4節 vsセレッソ大阪 (日立柏サッカー場)


== 代表歴 ==
A代表初出場 2007年3月24日 キリンチャレンジカップ vsペルー (日産スタジアム)
A代表初得点 2007年9月11日 三大陸対抗サッカー大会 vsスイス (クラーゲンフルト / オーストリア)


=== 出場大会など ===
U-17日本代表
2001 FIFA U-17世界選手権 (出場2試合・1得点)
U-19、U-20日本代表
AFCユース選手権2002 (出場5試合・2得点)
A代表
アジアカップ2007 (出場3試合・0得点)
2010 FIFAワールドカップ南アフリカ大会 (出場1試合・0得点)


=== 試合数 ===
国際Aマッチ 19試合 2得点 (2007年 - 2010年)


=== 出場 ===


=== ゴール ===


== 脚注 ==


== 関連項目 ==
特別指定選手としてJリーグクラブに登録された選手一覧
ジュビロ磐田の選手一覧#アカデミー出身者
柏レイソルの選手一覧
アルビレックス新潟の選手一覧
名古屋グランパスエイトの選手一覧
栃木SCの選手一覧
ドイツ・ブンデスリーガに所属する日本人サッカー選手一覧
サッカー日本代表出場選手


== 外部リンク ==
矢野貴章 - National-Football-Teams.com (英語)
矢野貴章 - Soccerway.com (英語)
矢野貴章 - FootballDatabase.eu (英語)
矢野貴章 - WorldFootball.net (英語)
矢野貴章 - Transfermarkt.comによる選手データ (英語)
矢野貴章 - FIFA主催大会成績 (英語)
矢野貴章 - J.League Data Siteによる選手データ
矢野貴章 - playmakerstats.com (英語)
矢野貴章 - Fussballdaten.de (ドイツ語)
代理人：トーマス・クロート日本公式サイト
矢野貴章 (@kisho_yano_) - X（旧Twitter）
矢野貴章 (@kishoyano) - Instagram
矢野貴章オフィシャルブログ",high_school,大学入学事実なしj club -> 浜名高校
7228,市村 篤司,Atsushi ICHIMURA,a,市村篤司,unknown,,no_institution_keyword_found,"2005年、コンサドーレ札幌から九州サッカーリーグに所属しているロッソ熊本（現 ロアッソ熊本）の誕生と共に移籍。
熊本では不動の右サイドバックとして活躍。しかし、2010年シーズンはワールドカップ南アフリカ大会による中断直前に腸脛靭帯炎を発症したため11月中旬まで試合には出られず、17試合の出場に留まった。常に移籍の噂はあったが、ロアッソ熊本に8年在籍した。
2013年は横浜FCへ完全移籍が決まる。移籍1年目はグロインペイン症候群に苦しみ、横浜FCでは完治した2年目からレギュラーとして毎年30試合ほど公式戦に出場した。
2016年9月7日、J2リーグ第9節のロアッソ熊本戦で史上26人目となるJ2通算300試合出場を達成した。
2017年より、熊本在籍時に師事した北野誠が指揮を執るカマタマーレ讃岐に完全移籍。
2019年シーズンにて現役引退を表明した。",unknown,No Information cnfirmed
7269,中島 裕希,NAKASHIMA Yuki,a,中島裕希,unknown,,no_institution_keyword_found,"2003年に鹿島アントラーズに入団。当時の鹿島には柳沢敦、鈴木隆行、田代有三らFW陣の層が厚く、出場機会を得られなかった。

鹿島OBで親交があり、ベガルタ仙台の手倉森誠コーチ（当時）からオファーを受け、2006年、仙台に期限付き移籍。仙台ではMFロペス、FW萬代宏樹、FW中原貴之とのコンビネーションで翌2007年にかけて71試合15ゴールの成績を残し、2008年から仙台に完全移籍。
2010年のJ1昇格直後こそスタメンを確保していたが、チームの得点力不足が深刻で自身も極端なスランプに陥り、後半にはFC東京から移籍してきた赤嶺真吾や好調のフェルナンジーニョ、太田吉彰にポジションを奪われ、守備固めのフォーメーションのみの起用となって出場機会を失い、去就が注目されたが結局残留した。
2011年にも当初から守備固めとしての起用が多く、さらにルーキーの武藤雄樹の台頭や、この年移籍してきた柳沢の怪我からの復帰によりベンチ入りすらできない状況となってこの2年でわずか2ゴールという不本意な結果に終わった。

2012年、監督の手倉森の薦めもあって弟の浩がヘッドコーチとして務める同じ東北のライバルチームであるモンテディオ山形へ期限付き移籍(仙台との複数年契約であったため)。
山形では、当初山崎雅人、再びチームメイトとなった萬代とのFW3人による3トップを形成。シーズン序盤から中盤に掛けての山形の快進撃を支えた。しかし中盤以降山崎、萬代が怪我で離脱するとC大阪から中途加入したブランキーニョとのコンビが合わず中島自身も不調に陥り、監督の奥野は苦肉の策として丁度ネックとなっていたサイドハーフに転向させた。
2013年からは山形へ完全移籍。

2016年、J2に昇格したFC町田ゼルビアに完全移籍。プロ入り14年目で、シーズン全42試合出場し、キャリアハイとなる14ゴールを挙げた。
2017年2月26日、第1節のジェフユナイテッド市原・千葉戦で史上29人目となるJ2通算300試合を達成した。J2第7節アビスパ福岡戦で、87分からわずか8分間で3得点を記録し、キャリア初となるハットトリックを達成した。
2024年、第30節で初先発を掴みアシストを決めて勝利とチームの首位浮上に貢献した。第33節にJ1で自身9年振りに得点した。
2025年、12月21日に退団を発表。移籍先は出身地の富山県にあるカターレ富山に決まった",unknown,No Information cnfirmed
7276,酒本 憲幸,Noriyuki SAKEMOTO,a,酒本憲幸,unknown,,no_institution_keyword_found,"関西選抜のメンバーに選ばれ、当時スカウト担当であった小菊昭雄にスカウトされ、2003年にセレッソ大阪に入団。2006年J1第25節・対鹿島アントラーズ戦にてJ初得点を決める。2010年はクラブ初となるACL出場権獲得に貢献した。
2019年、鹿児島ユナイテッドFCに完全移籍で加入した。",unknown,No Information cnfirmed
7287,深津 康太,Kota FUKATSU,a,深津康太,unknown,,no_institution_keyword_found,"2003年に名古屋グランパスエイトに入団。デビュー戦で前半で交代するなど結果を出せず、水戸ホーリーホックに期限付き移籍。初めて1シーズンを通じてレギュラーとして出場した。
2006年名古屋に復帰するも6月に柏レイソルへの期限付き移籍で加入。水戸時代に味わった楽しさや厳しさを求めての移籍だったが、練習初日にケガで離脱し、その後も当時監督の石﨑信弘らコーチ陣と頻繁に揉め構想外となり天皇杯1試合の出場に留まった。
2006年シーズン終了後に名古屋を退団。
2007年、名古屋時代の先輩である森山泰行を頼り当時JFLに所属していたFC岐阜に加入。2年にわたって主力を務めたが、2008年シーズン終了後に契約満了。契約更改の場でGMに盾ついたことで『お前みたいなやつにはチームを探してやらん』と言われトライアウトに参加。
2009年、JFLのFC町田ゼルビアに加入。加入1年目はアマチュア契約であり、太陽光発電の営業をしていた。
2011年より東京ヴェルディ1969に完全移籍。
2012年12月15日、FC町田ゼルビアに3年ぶりに復帰することが発表された。
2023年7月27日、いわてグルージャ盛岡へ完全移籍。2024年11月24日、現役引退が発表された。
引退後、2025年2月よりFC町田ゼルビアの強化部ホームタウン担当に就任した。",unknown,No Information cnfirmed
7485,西 大伍,Daigo NISHI,a,西大伍,j_club_academy,j_club_academy,overseas_relocation_language_no_domestic_institution,"コンサドーレ札幌U-15およびU-18で育った生え抜き選手。U-15時代はFWとしてハーフナー・マイクと2トップを組み、U-18時代にはトップ下やボランチといった中盤中央のポジションでプレーしていた。2005年には全日本ユース選手権に出場し、チームの準優勝に貢献した。

2006年、藤田征也と共に 札幌トップチームに昇格したが、プロ入り当初は出場機会に恵まれず、2007年9月30日から札幌と提携を結ぶブラジルのECヴィトーリアに岩沼俊介と共にサッカー留学。当初は12月までの予定だったが、チームの主力の相次ぐ怪我を受けて10月24日に緊急帰国し、3日後の10月27日に行われた愛媛FC戦で0-0の場面で途中投入されると、後半ロスタイムにプロ初得点を決め、このゴールによってチームは勝利した。
2008年には3月30日の柏レイソル戦での決勝点を筆頭に、通算3得点を後半アディショナルタイム（公式記録上は89分）に記録した。2009年はサイドハーフからサイドバックにコンバートされ、リーグ戦42試合に出場して自己最多となる7得点を記録した。

2010年はアルビレックス新潟に期限付き移籍。当初はMFの控えだったが、やがて右サイドバックのレギュラーに定着し、リーグ戦29試合に出場して1得点を記録。

2011年、北海道コンサドーレ札幌から鹿島アントラーズに完全移籍。登録ポジションもMFからDFへ変更した。鹿島での活躍が認められ6月には自身初の代表にも選出された。
2014年には、ポルトガル1部リーグのCSマリティモへ練習参加し、鹿島の練習始動日に遅れて参加したため、規律違反処分を受けた。12月9日、8月2日のJ1第18節・サンフレッチェ広島戦(カシマサッカースタジアム)でコーナーキックからのダイレクトボレーで決めたゴールが、2014年の年間最優秀ゴールに選ばれた。
2015年から選手会長に就任。レギュラーとしてリーグ戦30試合に出場した。
2016年もレギュラーとして活躍し、2017年は自身初のJリーグベストイレブンを獲得した。
2018年シーズンでは、AFCチャンピオンズリーグで6試合2得点と活躍し、鹿島初のACL制覇に貢献した。

2019年、ヴィッセル神戸に完全移籍。開幕戦からスタメンで出場し、3月にはチームメイトの山口蛍と共に代表復帰を果たした。また、神戸から日本代表が選出されるのは5年ぶりとなった。翌年1月1日に行われた天皇杯決勝でスタメンとして出場し、クラブ史上初タイトル獲得に貢献した。
2020年シーズンもレギュラーとして出場し、ACLでもベスト4進出に貢献。

2021年シーズンより、浦和レッズでプレーする事が発表された。4月25日、第11節の大分トリニータ戦で移籍後初ゴールを決め、勝利に貢献した。
2022年1月12日、契約満了に伴い退団することが発表された。

2022年1月16日、同日から始まった、古巣札幌の沖縄キャンプに自ら希望し練習生として参加していることが分かった。2月4日、正式に加入が発表された。

2023年8月17日、J3リーグ・いわてグルージャ盛岡に期限付き移籍で加入することが発表された。2024年シーズンから完全移籍に移行。
2025年10月28日、引退を発表

2010年12月6日、アルベルト・ザッケローニ体制のAFCアジアカップ2011予備登録メンバーに選出。2011年6月1日、キリンカップのペルー代表戦で代表初出場を果たした。
2014年10月1日、ハビエル・アギーレ体制で、代表復帰を果たすも出場機会は無かった。2017年12月、ヴァイッド・ハリルホジッチ体制のEAFF E-1サッカー選手権2017メンバーにも選出されたが、負傷辞退。
2019年3月、森保一体制で代表復帰。同月26日に行われたボリビア代表戦に出場し、前回代表で出場してから2855日ぶりの試合出場は、Jリーグ発足後最長ブランク記録となった。",,確認
7493,西川 周作,NISHIKAWA Shusaku,a,西川周作,high_school,high_school|j_club_academy|grassroots_club,possible_incidental_schooling_around_club_academy,"小学校3年生時にサッカーを始め、4年生時に練習試合で当時所属した少年団の正ゴールキーパーが欠場した際、監督に代わりとして指名されたことをきっかけにゴールキーパーでのプレーを始めた。中学卒業時まで出身地の宇佐市で過ごし、高校進学時に当時の大分トリニータU-18の監督であった皇甫官と同GKコーチであった吉坂圭介に誘われ、大分U-18に入団。練習場（大分スポーツクラブ）のある大分市は宇佐市からは距離があるため、大分市内にある大分東明高等学校に進学し寮生活を送った。高校3年次の2004年にはトップチームに2種登録選手として選手登録され、リーグ戦1試合でベンチ入りした。

2005年からは大分トリニータのトップチームに昇格。当初は岡中勇人と江角浩司の控えだったが、ワールドユースから帰国直後の7月2日、横浜F・マリノス戦で初先発を果たすと、以降1試合を除いて全試合に出場。高卒1年目から正GKの座を奪取した。
2006年、前年引退した岡中より背番号1を引き継いだ。開幕時よりスタメン出場を続けていたが、11月18日のヴァンフォーレ甲府戦で、左ひざ靭帯損傷で全治3ヶ月の重傷を負い、残りのシーズンを棒に振る。翌2007年3月10日のジュビロ磐田戦で復帰したが、その後も細かい負傷での離脱やベテランの下川誠吾の存在もあり、リーグ戦ではキャリア最少の11試合出場に留まった。
2008年7月20日の磐田戦の後半44分にボールをグラウンドに叩きつけて審判の判定に異議を示したことでイエローカードを受けたが、同日、自身のブログにて「わざとイエローカードをもらいました」と、五輪代表で不在となる翌節に累積警告を消化する意図で故意に反則を犯したことを示唆する文章を公開した。公開直後から批判が殺到し、20分後には問題個所が削除された。翌日ブログで謝罪し、クラブから厳重注意とブログの無期限禁止の処分を受けた。五輪後の9月13日に行われた浦和レッズ戦で負傷し以後全試合を欠場した。
2009年はレギュラー定着後初めて怪我なくシーズンを過ごし、自身初のリーグ全試合フル出場も達成した。しかし、この年の大分は14連敗を喫するなど大不振に陥り、西川の奮戦も実らずJ2降格が決定。更にシーズン終盤には、巨額の債務超過をはじめとする深刻な経営危機が発覚し、西川をはじめとする主力選手を引き留めることは財政面で不可能となった。同年オフ、いくつかのオファーの中から、サンフレッチェ広島へ移籍金7000万円で完全移籍。背番号はルーキー時代以来となる「21」に決まった。

2010年は広島でレギュラーとして自身2年連続となるリーグ戦全試合に出場。
下田崇の引退により、2011年から再び背番号「1」をつけることになった。
2012年は4年連続となるリーグ戦全試合出場を果たし広島のリーグ優勝に大きく貢献した。同年、自身初のJリーグベストイレブンに選出された。
2013年はリーグ戦33試合に出場し、リーグ最少の29失点とクラブの連覇に大きく貢献した。天皇杯準決勝のFC東京とのPK戦では両チーム3人蹴り終わり1-3と絶体絶命の中、連続で相手のPKをセーブし、自身もPKを決めて大逆転でチームを決勝へと導いた。しかし、決勝でチームは敗れた。

2014年、浦和レッズへ完全移籍。背番号は2010年以来となる「21」に決まった。入団後はすぐに正GKの座を確保すると、7月にはJリーグ記録を塗り替える7試合連続無失点を達成し、前年まで不安定だった浦和の守備を立て直す原動力となった。同月、J1の月間MVPに選ばれた。また、GKのJ1年間完封試合数の記録を16に更新した 。同年12月9日、初のJリーグフェアプレー個人賞、3年連続のJリーグベストイレブンに選ばれた。なお、同年に公開されたドキュメンタリー映画の『We are REDS! THE MOVIE』の最初のシーンで引っ越したばかりの浦和の街を歩く西川の姿が登場している。
2015年から背番号「1」をつけることになった。
2016年、AFCチャンピオンズリーグ決勝トーナメント1回戦のFCソウル戦にて、ソウルでの2ndレグは、遠藤航のミスで失点を喫して以降は90分決着で1-1。延長戦でも相手の攻撃を止められずに最後は高余韓のミドルシュートも手に当てながらセーブしきれずに3失点。延長戦でも3-3と決着がつかず、PK戦に突入。浦和が阿部勇樹、遠藤、ズラタン、森脇良太と全員成功したのに対し、FCソウルは1人外して4-3。5人目が決めれば準々決勝進出に繋がる場面で「4人目でも5人目でも大丈夫だ」とキッカーを務めたものの、失敗した。8月6日、2ndステージ第7節の湘南ベルマーレ戦の前半8分に約70メートルのロングキックを関根貴大めがけて蹴り、これを関根がヘディングでゴールネットに押し込みリーグ戦で自身初のアシストを記録した。続く8月13日、第8節の名古屋グランパス戦でも後半87分にズラタンにほぼ同じ形で合わせ、ゴールキーパーとしてはJリーグ初となる2試合連続アシストを記録した。Jリーグアウォーズではベストイレブンに選出された。
2018年4月28日、第11節・湘南ベルマーレ戦で、史上21人目となるJ1通算400試合出場を達成。
2019年10月29日、第31節・サンフレッチェ広島戦で、J1史上2人目となる200試合連続フル出場を果たした。
2020年シーズンは柏木陽介からキャプテンを引き継いだ。
2021年シーズンは阿部勇樹がキャプテンとなり、自身は副キャプテンとなった。4月18日の第10節・セレッソ大阪戦で史上最年少でのJ1通算500試合出場を達成した。しかし、第12節・アビスパ福岡戦で自身のキャッチミスから失点しチームは0-2で敗北。その後は若手の鈴木彩艶にポジションを奪われたが、鈴木が東京五輪で不在中に再びポジションを奪い返しレギュラーに再定着した。
阿部が引退した2022年シーズンは、2年ぶりにキャプテンを務めた。3月6日の第3節・湘南ベルマーレ戦を無失点に抑えて勝利に貢献し、J1通算無失点試合数を163に伸ばしたことで楢﨑正剛と並び歴代2位タイとなった。7月10日の第21節・名古屋グランパス戦で完封し、J1最多記録となる出場試合通算170試合の無失点を達成した。
2023年シーズンはリーグ戦全試合にフル出場。J1最小失点に抑える活躍をし、7年ぶり6度目の年間ベストイレブン受賞を果たした。
2024年シーズンは5月6日の第12節・横浜F・マリノス戦でJリーグ史上3人目、浦和レッズ所属選手としては初となるJ1リーグ通算600試合出場を達成した。8月、チームキャプテンの伊藤敦樹の海外移籍により、2022シーズン以来2シーズンぶりのキャプテンに就任した。
2025シーズン、副キャプテンに就任した。3月8日、第5節ファジアーノ岡山戦で完封し、前人未到のJ1通算200試合完封を達成した。4月2日、第8節清水エスパルス戦に出場し、楢崎正剛を抜いてJ1通算出場試合数単独2位となった。

2003年にはU-18日本代表に初選出され、松井謙弥、山本海人らとのポジション争い を制して年代別代表の正GKに定着。2005年6月にオランダで開催されたワールドユースでは、全4試合に先発出場した。
2006年8月31日のアジアカップ最終予選サウジアラビア戦（9月3日）、イエメン戦（9月6日）のメンバーとしてA代表に初選出。初出場は叶わなかった。
2008年の北京オリンピック代表に選出されたが、成績は3戦全敗でグループリーグ敗退に終わった。
2009年10月8日のアジアカップ最終予選・香港戦にフル出場し、初選出から3年越しの代表デビューを果たした。
2010 FIFAワールドカップでは怪我などで長い間代表に招集されていなかった川口能活が本大会メンバーに選出された煽りを受ける形で本大会メンバーから落選した。W杯後に岡田武史が退任し、アルベルト・ザッケローニの就任後は再びコンスタントに代表に招集され、10月8日のアルゼンチン戦では川島永嗣の負傷により85分から途中出場した。
AFCアジアカップ2011ではグループリーグ第2戦のシリア戦で、川島永嗣が退場処分を受けたため途中出場。最初のプレーとなったPKで代表4試合目にして初失点を喫したが、その後は無失点に抑え勝利に貢献した。
2014年5月12日には、2014 FIFAワールドカップの本大会メンバーに選出された。しかし、本大会での出場機会はなくチームもグループリーグで敗退した。
2015年11月17日に行われた2018 FIFAワールドカップのアジア2次予選のカンボジア戦でワールドカップ予選のゴールキーパー連続試合無失点記録を5に伸ばし、松永成立と川口能活の持つ最多記録に並ぶ。翌年3月29日に行われた2018 FIFAワールドカップのアジア2次予選のシリア戦ではワールドカップ予選のゴールキーパー連続試合無失点記録を6に伸ばした。
ヴァイッド・ハリルホジッチが監督に就いてからは、川島永嗣が無所属状態で招集されなかったこともあり正ゴールキーパーに定着。最終予選の折り返し地点である5節サウジアラビア戦まで出場していたが、その後は浦和が低迷していた他、川島が復帰したこともあって出番を失う。ハリルホジッチが解任された後も川島、東口順昭、中村航輔に次ぐ位置とされ、ワールドカップ本戦にも選ばれることはなかった。
2021年、4年ぶりに代表復帰を果たした。",j_club_academy,高校は寮生活のみ
7689,増嶋 竜也,Tatsuya MASUSHIMA,a,増嶋竜也,high_school,high_school|j_club_academy,possible_incidental_schooling_around_club_academy,"小学2年生の時に兄に誘われてサッカーを始める。
小学6年時にはジェフユナイテッド市原ジュニアユースのセレクションを受けるものの、1次テストで不合格となり地元の生浜中学に入学する。
チームでは1回戦負けが多く、目立った成績を収められなかったが、個人では千葉市トレセン、千葉県選抜や関東選抜に選出経験があった。1999年度の全国高校選手権を制した市立船橋高校に憧れ、中学3年の秋に受験した市立船橋のセレクションに不合格となったため、一般入試で2001年に同校へ進学。
1年生の7月に監督の布啓一郎に身体能力の高さを見込まれ、FWからDFにコンバート、右サイドバックのレギュラーとして同年のインターハイで優勝に貢献。1年生で唯一優秀選手に選出された。その後1学年上の大久保裕樹と入れ替わる形でセンターバックとして、2年時には全国高校選手権、3年時には高円宮杯で優勝し、高校生年代の3大タイトルを獲得した。高校No.1DFとして 多くのJリーグクラブが獲得に名乗りを上げる中、2003年10月にFC東京への加入内定が発表された。また、この年には主将としてチームを牽引し、同期の石井秀典、カレン・ロバート、佐藤優也、鈴木修人、高橋昌大らと共に冬の天皇杯で3回戦に進出。J1で優勝したばかりの横浜F・マリノスを相手に互角以上の闘いを演じたが、増嶋は後半終了間際に2度目の警告を受けて退場。その後PK戦までもつれチームは敗退。なお、この試合の退場による出場停止処分は、2週間後の全国高校選手権の初戦に課された。
2004年よりFC東京に加入。第1節の新潟戦で早速公式戦デビューを果たした。同年開催のAFCユース選手権ではU-19日本代表の主将を務め、3バックの中央に入り守備を統率。翌年のワールドユース出場権を確保したものの、増嶋にとってはPK失敗やオウンゴールなど苦い経験を味わった。大熊清U-20代表監督からの信頼は厚く、ワールドユースでも代表主将を務め、全試合に出場した。2006年、J1第6節横浜FM戦でFC東京での初得点を記録。後半ロスタイムに今野泰幸のヘディングからの落としをボレーで蹴りこんだ。同年8月より2008年のオリンピックを目指す日本代表が新たに発足し、増嶋も名を連ねたが、FC東京では茂庭照幸・ジャーンのCBコンビに阻まれ、起用は彼らの負傷時などに限定され、レギュラー奪取には至らなかった。
2007年、日本代表から遠ざかりつつあった状況に危機感を抱き、出場機会を求めヴァンフォーレ甲府へ1年間の期限付き移籍。中心選手との一角となり空中戦の強さを見せた。
2008年は京都サンガF.C.へと期限付き移籍。レギュラーを確保したが、代表復帰は果たせなかった。京都では右サイドバック（SB）でも起用され、新たな武器としてロングスローを放ち好機を演出した。2009年からは京都へ完全移籍。
2011年、地元千葉県でのプレーを望み柏レイソルへ完全移籍。開幕当初は右SBとして出場するも、その後はSB酒井宏樹の台頭やCB朴東赫の離脱により、CBとして出場機会が増えていった。最終的にリーグ戦では25試合に出場し、チームのJ1初優勝に貢献した。2012年も前年に続いてCBのレギュラーを確保し、キャプテンの大谷秀和からキャプテンマークを託されることもあった。2013年は鈴木大輔の加入や橋本和の負傷もあり、序盤は左SBとして出場することが多かった。夏場以降、鈴木の台頭や自身の負傷離脱 もあったが、最終的にリーグ戦25試合に出場。最終ラインの何処に入っても遜色のないプレーでチームを支えた。2014年は、シーズン半ばまで出場機会が得られなかったが、中盤戦以降はケガ人が出たチーム状況もあって先発出場の機会を増やし、公式戦20試合に出場。同年12月に両足関節遊離体除去手術に臨んだ。2015年開幕に復帰を間に合わせたものの、1st第2節仙台戦で前十字靭帯を損傷し長期離脱を強いられた。2016年開幕節で先発復帰。
2016年12月15日、ベガルタ仙台へ期限付き移籍することが発表された。移籍期間は2017年2月1日から2018年1月31日までの1年間。なお、2017シーズンにおける柏レイソルとの対戦には出場できない。
2017年12月27日、ジェフユナイテッド市原・千葉へ期限付き移籍することが発表された。2020年からは、完全移籍にて加入。
2020年12月10日に契約満了により千葉を退団する事が発表され、現役を続けるとコメントしていたが、同月20日に行われたシーズン最終節の日に引退を発表した。
2021年元旦、YouTuberへの転身を妻の潮田玲子が自身のInstagramで報告。家族4人の写真とともに「増嶋家ちゃんねる。」のチャンネル画像を投稿した。
2021年1月、市立船橋高校サッカー部のコーチに就任した。
2023年1月、SHIBUYA CITY FCの監督に就任した。
2026年6月、ジュビロ磐田のトップチームコーチに就任した。",,確認
7885,酒井 隆介,Ryusuke SAKAI,a,酒井隆介,unknown,,no_institution_keyword_found,"2011年に京都サンガF.C.に入団すると、チームが若手に切り替える方針になったこと、6月以降DF陣に怪我人が出たこともありレギュラーで出場するようになり、2011年8月14日のギラヴァンツ北九州戦でプロA契約締結条件である公式戦（J2）900分以上出場し、プロC契約からプロA契約変更を果たした。
2015年、松本山雅FCに完全移籍。松本ではリーグ合計35試合に出場した。
2016年6月に名古屋グランパスに完全移籍することが発表された。
2018年、FC町田ゼルビアに期限付き移籍。シーズン終了後、町田に完全移籍。2021年シーズン終了後、契約満了が発表された。
2022年2月9日、現役引退を発表。
同年、インテルナシオナルジャパン横浜東京のコーチに加わり指導者への道を歩み始めた。",unknown,No Information cnfirmed
7903,鳥養 祐矢,Yuya TORIKAI,a,鳥養祐矢,university,university|high_school|j_club_academy,possible_incidental_schooling_around_club_academy,"ジェフユナイテッド市原・千葉の下部組織では遠藤敬佑と同期。ユース時代の2006年10月からはジェフのセカンドチームであり、当時JFLに所属していたジェフユナイテッド市原・千葉クラブ（ジェフ・クラブ）に2種登録選手として出場、初出場のアルテ高崎戦で得点を挙げた。高校卒業後のトップチーム昇格はならなかったが、翌2007年以降もそのままジェフ・クラブ改めジェフユナイテッド市原・千葉リザーブズ（ジェフリザーブズ）に在籍し、当初はDF登録ながら攻撃的な位置でも起用され（2009年はMF登録、2010年はFW登録）主力として活躍。2010年には自己最多の32試合に出場し6得点を挙げた。
大学を卒業した2011年からは千葉傘下を離れ、リザーブズと同じJFLに所属するSAGAWA SHIGA FCへ移籍。チーム事情から交代投入が多く出場時間が限られたものの、FWとしてHonda FC戦での2得点 など自己最多の8得点を記録してこの年のJFL優勝に貢献した。2012年も攻撃の切り札として出場し4得点を挙げるが、この年限りでSAGAWA SHIGA FCが活動停止となったため退団を余儀なくされた。
2013年は同じくJFLのFC琉球に移籍 したが、開幕前に右膝半月板を損傷し手術。シーズン前半をほぼ欠場し、復帰後も調子を取り戻せず無得点、シーズン終了後に契約満了により退団となった。
そのままサッカーを辞める可能性もあったが、上野展裕に誘われる形で2014年にJFLに昇格したレノファ山口FCに完全移籍。主に右サイドMFとしてポジションを確保し、初めてリーグ戦全試合（26試合）に出場した。チームがJ3リーグに加入した2015年には開幕戦・ガイナーレ鳥取戦（維新百年記念公園陸上競技場）にてキャリア210戦目にして初めてJリーグ公式戦出場を果たし、この試合でJリーグ初得点。得意にしているというバック転のゴールパフォーマンスを披露した。このシーズンは最終戦こそ出場機会がなかったものの、35試合に出場、キャリアハイに並ぶ8得点を挙げた。
チームがJ2に昇格した2016年には、前年からの攻撃的なスタイルで好調なチームにおいて5月から先発出場の機会を得ると、5月15日のセレッソ大阪戦で同点（J2初ゴール）、逆転の2ゴールを挙げた。その後メンバーを外れる時期があるも、天皇杯でのJ1福岡戦で先制点を奪う活躍をみせる など復調し、リーグ戦25試合出場で4得点をあげた。
2017年シーズンは前年限りで退団した平林輝良寛の後を継いでキャプテンに就任 するも、前年の主力選手を複数失ったチームは下位に低迷し、鳥養も5月練習中に左膝内側半月板を痛めて長期欠場となった。6月から指揮を執ったマジョールの元、8月5日の熊本戦で復帰すると、翌節8月11日の千葉戦からはボランチのポジションで出場するなど様々な形での起用に応え、チームはJ2残留を果たした。
2018年シーズンは、新たに監督に就任した霜田正浩に5月3日の甲府戦からジェフリザーブズ時代以来となる左サイドバックとして起用され、先発メンバーに定着した。
2019年8月、FC琉球に完全移籍で復帰。引き続きサイドバックとして活路を見出したが、2021年11月11日、同年シーズン限りでの現役引退を発表。

2022年1月、自身のSNSにて選手として長く活動した山口で政治活動を始める事を宣言し、同年4月17日公示4月24日投開票の山口市議会議員選挙に無所属で立候補。3511票を獲得してトップ当選を果たした。2022年5月12日時点は会派「未来志行山口」に属する。",,確認
8058,田中 裕介,Yusuke TANAKA,a,田中裕介,unknown,,no_institution_keyword_found,"2005年に横浜F・マリノスに入団したが、当初は同じポジション（左サイドバック）に絶対的なレギュラーであったドゥトラが居たため、なかなか出場機会が得られなかった。その後、クラブの世代交代の一環として2006年シーズン終盤から左サイドバックとして出場機会が得られるようになり、2007年シーズンの序盤はレギュラーとして出場。しかし、軽度の怪我で戦列を少しだけ離れた時期に、同じポジションを争っていた小宮山尊信が台頭。その後はベンチに入れるか入れないか、という状態が続いた。
クラブでは控えに甘んじていたが、U-22代表にも招集され、2007年6月6日に行われた北京オリンピックアジア地区第2次予選・対マレーシア戦で先発フル出場を果たした。しかし、この試合ではあわや失点につながる大ミスを犯してしまうなど、十分なパフォーマンスを見せる事が出来なかった（サッカーダイジェストの採点は全選手中最低の5点であった）。
出場機会をなかなか生かしきれない状態が続いていたが、2008年シーズンは桑原隆監督の抜擢を受け、左ストッパーとして開幕戦からレギュラーの座を掴み取った。2009年は右サイドバックにコンバート。2010年は小宮山が抜け、左サイドバックに定着したが、夏場は起用されなかった。

2011年に川崎フロンターレに移籍し、かつてのライバルであった小宮山と再度プレーすることになった。
2014年の12月4日に契約満了が発表された。

2015年1月11日、オーストラリア・Aリーグのウェスタン・シドニー・ワンダラーズFCと契約を結んだ が、同年6月6日、ウェスタン・シドニー・ワンダラーズFCを退団したことをクラブの公式ウェブサイトで発表した。

2015年7月9日、当時J2に所属していたセレッソ大阪に移籍することが発表された。
2016年は33試合に出場してチームのJ1昇格に貢献。
2017年はルヴァンカップのチームの勝ち上がりに出場機会の少なかったメンバーと共に貢献、チームは優勝。天皇杯決勝・横浜Fマリノス戦に出場し、延長戦の末の優勝に貢献。
2018年、シーズン初戦・前年度リーグ王者の川崎フロンターレとのスーパーカップに出場、優勝に貢献。徐々に出番を無くし、2018シーズン終了後に契約満了により退団する事が発表された。

2018年12月、ファジアーノ岡山への完全移籍が発表された。
2021年11月26日、契約満了が発表された。

2022年2月10日、東京都1部リーグに所属するSHIBUYA CITY FCへ加入することが発表された。
2023年1月10日、現役引退およびSHIBUYA CITY FCの運営会社の執行役員に就任することが発表された。",unknown,No Information cnfirmed
8099,片岡 洋介,Yosuke KATAOKA,a,片岡洋介,unknown,,no_institution_keyword_found,"2016年にガイナーレ鳥取に加入 した。2017年シーズン限りで現役を引退。
引退後は入江慎也が経営する会社「イリエコネクション」に入社し、アスリートのセカンドライフ支援などに従事していた。2020年時点では、「大阪タレ焼肉まる29」に勤務。2022年2月からは埼玉県に戻り、武蔵浦和の「焼肉林檎」で働いていた。2023年、北与野駅前に「焼肉バルオレンジ」を開店した。",unknown,No Information cnfirmed
8115,藤本 康太,Kota FUJIMOTO,a,藤本康太,unknown,,no_institution_keyword_found,"セレッソ大阪にはボランチとして入団したが、当初は主に右ウイングバックや、サイドバックとして出場。
2005年の優勝がかかった最終節では出場停止になったブルーノ・クアドロスに代わり出場した。
2006年のJ1第19節・対京都戦でJ初得点を決めると、以降4戦連続ゴールを記録した。
2009年シーズンは第3クールに中盤の底(アンカー)のレギュラーを獲得した。
2010年シーズンは先発としてはなかなか出場機会に恵まれなかったものの、CBやアンカー等、守備固めとして試合終盤に投入され、貴重な守備の切り札として役割を果たした。ナビスコカップ第5節では、交代枠を使い切った後に退場処分を受けたキム･ジンヒョンに代わり、急遽GKを務めた。
2011年シーズンも引き続き先発出場の機会には恵まれなかったが、ACLの大阪ダービーでの堅守など、守備陣のバックアップメンバーとして、また、得点源として活躍した。
2012年シーズンはキャプテンを務めたが、2014年以降は負傷が多く年間を通じて試合に出場することがなくなっている。
2019年シーズン、8月31日（土）の明治安田生命J3リーグ第21節ロアッソ熊本戦で負傷し、傷病名：頭蓋骨骨折、脳挫傷。全治4ヶ月と診断されたホームゲーム最終戦となる清水エスパルス戦の前に現役引退を発表。15年間セレッソ一筋を貫き現役生活に幕を下ろした。
2020年、セレッソ大阪アンバサダーに就任。2022年からはアシスタントコーチを務めている。",unknown,No Information cnfirmed
8117,丹野 研太,TANNO Kenta,a,丹野研太,unknown,,no_institution_keyword_found,"2005年にセレッソ大阪に入団。
2007年、当時九州リーグ所属だったV・ファーレン長崎へ期限付き移籍。レギュラー取りとはならなかったが、公式戦初出場を果たす。シーズン終了後にC大阪へ復帰したが、復帰後もキム・ジンヒョンの控えにとどまった。
2011年途中に大分トリニータに期限付き移籍。この年はシーズン終盤の数試合にスタメンで出場した。
2012年からは完全移籍となり、1月23日に入籍もした。清水圭介の後塵を拝しベンチを温める日々が続いたが、第41節・モンテディオ山形戦でスタメンに抜擢されると、以降のJ1昇格プレーオフを含む全公式戦に出場し全試合で失点を許さず、大分のJ1昇格の立役者の一人となった。また、12月26日にユアテックスタジアム仙台で開催された日本プロサッカー選手会主導のチャリティーマッチである「チャリティーサッカー2012」に東北ドリームスの一員として試合に出場した。
2013年はJ1初出場を含む自己最多のリーグ戦25試合に出場したが、チームは最下位に終わり1年でJ2降格。
2014年は古巣・C大阪に武田洋平と入れ替わる形で完全移籍で復帰した。同年は公式戦出場なしに終わったが、2015年はキム・ジンヒョンの負傷離脱によってチャンスを掴み、リーグ戦19試合に出場した。
2017年、ルヴァンカップで8試合、リーグ戦で3試合、天皇杯で4試合出場。その計15試合中無失点は9試合。守備陣をはじめとする全体の守備意識の向上もあったとはいえ、要所でのビッグセーブで何度もピンチを救い、2冠の原動力となった。
2019年限りでC大阪を契約満了となった。
2020年、川崎フロンターレに加入。同年はJ1での出場は無かったが、第2GKとして常にベンチ入りを果たし、川崎のJリーグ優勝に貢献した。
2021シーズンも守護神チョン・ソンリョンの控えに留まっていたが、チョンが怪我で離脱したためJ1第7節・大分トリニータ戦で川崎加入後初出場を果たした。その後はソンリョンが復帰するまでの5試合に出場。4勝1分と好成績を残した。
2022シーズンも2ndGKの立ち位置であったが、チョンのアクシデントもありリーグ戦4試合に出場。同年を以て契約満了により退団、フロンターレでは出場した全試合で無敗だった。
2023年よりJ3のいわてグルージャ盛岡に移籍。1番手として38試合に出場した。
2024年よりJ2の栃木SCに完全移籍で加入。
2025年11月17日　現役引退を発表。",unknown,No Information cnfirmed
8167,秋本 倫孝,Michitaka AKIMOTO,a,秋本倫孝,unknown,,no_institution_keyword_found,"2005年にセレクションを経て甲府に入団。2005年シーズン昇格争い真っ只中の第4クールでレギュラーを奪う。2006年8月、オーバーワーク症候群と診断され、一時戦列を離れるが、11月18日大分戦で復活を果たした。2008年はキャプテンに指名され、甲府をDFリーダーとして統率した。
2011年1月京都サンガF.C.に完全移籍。2月23日副キャプテンの就任が発表される。2013年シーズン終了後、契約満了により退団。
2014年、カターレ富山へ移籍。同シーズン終了後契約満了をもって退団。
2015年から2018年までタイ・ホンダFCでプレー。
2019年、藤枝MYFCへ移籍。2021年12月3日、契約満了による退団が発表された。
2022年1月23日、現役引退が発表された。",unknown,No Information cnfirmed
8168,大西 容平,Yohei ONISHI,a,大西容平,unknown,,no_institution_keyword_found,"FWから中盤まで多くのポジションをこなす。2005年シーズンは全て途中起用で第4クールの4試合に出場、2006年シーズン第5節対アビスパ福岡戦で初の先発出場を果たす。2008シーズン、初ゴールを挙げるとその後は活躍をつづけ、シーズン終盤には2007年まで同チームに在籍していたFC岐阜の奈須伸也選手に「甲府は大西のチームになっている」と評価された。
2010年シーズン終了をもって6年間プレーした甲府を離れ、2011年シーズンよりカターレ富山に完全移籍した。
2015年シーズン終了をもって引退。
双子の弟は日本フットボールリーグ（JFL）（当時）の松本山雅FCやYKK APでプレーしていた大西康平である。",unknown,No Information cnfirmed
8196,高山 薫,Kaoru TAKAYAMA,a,高山薫,university,university|high_school|j_club_academy,possible_incidental_schooling_around_club_academy,"6歳の時に幼稚園の先生に誘われたことがキッカケでサッカーを始めた。小学6年生の時にはサッカーの川崎市選抜にも選出されている。
中学・高校時代は、同期の永木亮太と一緒に川崎フロンターレの下部組織に在籍していたが、トップチームに昇格することは出来ず、専修大学に進学。大学2年時に「関東大学選抜B」に選出、大学4年時には神村奨と2トップを組んで12得点を挙げ、2010年の関東大学サッカーリーグ2部での最多得点者となった。

2011年に湘南ベルマーレに加入。大卒1年目ながらリーグ戦35試合に出場し、チームトップの9得点を挙げる活躍を見せた。
2012年は、同年より監督に就任した曺貴裁の下、「動き出しの早さで相手より前を取れるという薫のよさがチームに活かされたらいい」という意図により、3-4-3の左ウイングバックに起用された。リーグ戦38試合で6ゴール・4アシストの活躍を見せ、チームのJ1復帰に大きく貢献した。2013年もリーグ戦でチームトップタイの4得点を挙げるも、チームはJ2降格となった。
2014年、柏レイソルに完全移籍。柏では、湘南時代とは逆の右サイド や、3-6-1の2シャドーの一角 としてもプレーした。
2015年、湘南に完全移籍で復帰。同年は主戦場のサイドでは無く主にシャドーでプレー。出場停止1試合を除く全試合に先発出場を果たしJ1自己最多の7得点をマークした他、Jリーグが計測したトラッキングデータでは走行距離でリーグ5位、スプリント回数ではリーグ2位を記録し、「走るベルマーレ」の象徴としてチームの8位進出に貢献した。
2016年は永木亮太、秋元陽太、遠藤航らが移籍した中で残留を決断し、曺からの推薦によりキャプテンに就任。以後3シーズン連続でキャプテンを務めた。前年同様リーグ戦33試合（内1試合は途中出場）に出場したが、チームはシーズン17位となりJ2降格となった。
2017年は3月25日のJ2第5節・千葉戦で全治8ヶ月・前十字靭帯損傷の怪我を負い、シーズンの大半を棒に振った。第40節・福岡戦にて交代出場により公式戦復帰を果たした。
2018年は先発から外れる機会が増えたが、同年のJリーグカップ決勝・横浜FM戦では1点リードで迎えた後半32分に投入されると、身体を張って相手の攻撃を防ぎ優勝に貢献。表彰式ではチームメイトに背中を押され、優勝カップを掲げた。
2019年、大分トリニータに完全移籍。開幕から左サイドの先発ポジションを掴んだが、シーズン途中に田中達也が加入して以降は出場機会を減らした。
2021年7月9日、SC相模原への期限付き移籍が発表された。2022年より相模原に完全移籍したが、出場機会を掴めず同年限りで契約満了となった。
2023年1月20日、台湾社会人甲級サッカーリーグの台中Futuroへの移籍が発表された。",,確認
8577,鎌田 翔雅,Shoma KAMATA,a,鎌田翔雅,unknown,,no_institution_keyword_found,"2007年7月6日、2種登録選手として湘南ベルマーレに追加される。
2010年1月5日、ジェフユナイテッド千葉へ期限付き移籍。9月22日、アジア競技大会に臨むU-21日本代表に選出され、初戦のU-21中国代表との試合で先発フル出場するなど、4試合に出場した。
2011年シーズンより湘南に復帰。J2第21節・ジェフ千葉戦の前半17分、鎌田のアーリークロスを相手GKがファンブルし、前線に残っていた大井健太郎が先制点を奪った。大井はこの試合4日前に第一子が誕生しており、また湘南も7試合ぶりに勝利した。
2012年シーズンは、J2リーグに40試合出場し、湘南の自動昇格に貢献。鎌田の出場時間はクラブ内第1位（3,447分）。
2013年シーズンは、自身初のJ1リーグでプレー。J1第16節・ヴァンフォーレ甲府戦の後半32分、鎌田がゴール前に上げたクロスから岩上祐三の得点が決勝点となった。湘南はこの試合の勝利でJ1通算100勝を達成。
2014年1月7日、ファジアーノ岡山に期限付き移籍。
2015年1月7日、清水エスパルスへ完全移籍。5月15日、「左ひざ内側側副靭帯損傷」で全治まで約4週間と診断されたことが発表された。J1-1stステージでは出場機会に恵まれなかったが、2ndステージ第7節・アルビレックス新潟戦でフル出場すると、最終節まで11試合に出場。その内、第9節・FC東京戦を除いた10試合にフル出場した。しかし、クラブは年間総合順位で17位となり、オリジナル10としてJリーグ創設以来24年間戦ったJ1リーグから初めて降格。
2016年シーズンは、J2開幕戦から第7節・セレッソ大阪戦まで先発出場を続けていたが、同節で負傷退場。4月12日、「左膝前十字靭帯損傷」で全治約6か月と診断されたことが発表された。
2017年シーズンは、怪我から復帰し第2節・サンフレッチェ広島戦から出場を重ね、第8節・川崎フロンターレ戦では前半14分に鎌田のパスカットが起点となり、鄭大世からのグラウンダーのボールに合わせた金子翔太が先制点を挙げた。金子のゴールはJ1リーグ通算20,000得点目であり、チームメートと共に喜びを爆発させた。J1第18節・ガンバ大阪戦で、プロ入り10年目・公式戦170試合目にして初得点を挙げるなど、主力として出場を重ねた。J1第33節・新潟戦の後半20分、北川航也と交代で途中出場したが、後半24分に足を負傷。ピッチ外で処置を受けた後にピッチに戻るが、後半30分に長谷川悠と途中交代。12月9日、「右膝前十字靭帯損傷」で全治約7か月と診断されたことが発表された。昨シーズンに続き、2年連続で長期離脱となった。
2018年シーズンは、怪我の影響もあり公式戦の出場は無かった。12月29日、清水との契約を更新。
2020年、ブラウブリッツ秋田へ完全移籍。主力として活躍し、圧倒的な成績で、J3優勝達成。2020年12月4日、契約満了による退団が発表された。
2021年3月24日、福島ユナイテッドFCへの加入が発表された。
2022年、富山に完全移籍、キャッチコピーは「道を開けろ！俺が通るぞ！！」で、フェイスタオルの受注数1位を獲得した。
2023年1月9日、現役引退の発表が行われた。",unknown,No Information cnfirmed
8775,仙石 廉,Ren SENGOKU,a,仙石廉,j_club_academy,j_club_academy,overseas_relocation_language_no_domestic_institution,"志木市立志木第四小学校4年生、9歳の時に柏レイソルの下部組織に加入した。後に仙石、酒井宏樹、工藤壮人、武富孝介、山崎正登、比嘉厚平、指宿洋史、島川俊郎、畑田真輝という計9名のプロ選手を輩出した柏レイソルユース「黄金世代」の中心選手として活躍し、U-12からU-18まで同チームの主将を務めた。
ユース最終学年となった2008年、第32回日本クラブユースサッカー選手権（U-18）大会で準優勝を飾り、同大会のMIPを獲得。その直後に参加した第11回ビジャレアル国際ユーストーナメントでは、リヴァプール、アヤックス、セルティックといった強豪を破って3位に輝き、自身も大会MVPに選出された。この活躍が海外スカウトの目に留まり、同年11月にはオランダ1部リーグ・フェイエノールトのユース練習に参加。スペイン1部リーグのマジョルカからもプロC契約のオファーが届いたが、最終的に国内残留を決断し、酒井宏樹、工藤壮人、武富孝介、山崎正登、比嘉厚平と共にトップチームへ昇格した。

2010年12月4日、J2第38節ザスパ草津戦でプロ初出場を果たしたが、トップチームでの公式戦出場はこの試合のみに留まり、同年末には留学という形でスペイン1部リーグ・エルクレスのBチーム練習に参加した。帰国後の翌年1月11日、ファジアーノ岡山への期限付き移籍が発表された。

2011年はリーグ戦16試合に出場し、同年12月15日、岡山に完全移籍することが発表された。翌年はボランチのポジションでレギュラーに定着し、累積警告により出場停止となった第12節横浜FC戦を除くリーグ戦全試合に出場した。

2015年、AC長野パルセイロへ期限付き移籍。2016年に完全移籍に移行した。

2017年、栃木SCに完全移籍。2018年8月、ガイナーレ鳥取へ期限付き移籍。シーズン終了後、期限付き移籍期間満了及び契約満了が発表された。
同年12月12日、フクダ電子アリーナで行われたJリーグ合同トライアウトに出場したが移籍先を決めず引退となった。",,確認
8784,武富 孝介,Kosuke TAKETOMI,a,武富孝介,j_club_academy,j_club_academy|grassroots_club,overseas_relocation_language_no_domestic_institution,"小学生時代は埼玉県さいたま市の三室少年団に所属。2002年、同市浦和地区少年団の選抜チーム「FC浦和」の一員として、山田直輝らと共に、第26回全日本少年サッカー大会で優勝を飾った。
2003年より柏レイソルの下部組織に加入し、吉田達磨の指導の下、武富、酒井宏樹、工藤壮人、比嘉厚平、山崎正登、仙石廉、指宿洋史、島川俊郎、畑田真輝という計9名のプロ選手を輩出した柏レイソルユース「黄金世代」の一員として、地中海国際サッカートーナメント、ビジャレアル国際ユースサッカー大会といった海外遠征を経験した。

2009年、酒井、工藤、比嘉、山崎、仙石と共にトップチームへ昇格。同年6月18日から4ヶ月間、酒井と共にサンパウロ州選手権1部・モジミリンECへ短期留学した。
2010年、J2第13節徳島ヴォルティス戦に後半20分から出場し、公式戦デビュー。後半45分に公式戦初得点を記録した。

2010年12月21日、ロアッソ熊本への期限付き移籍が発表された。
2011年は移籍初年度ながらJ2リーグ戦33試合に出場し、期限付き移籍期間が1年間延長された。翌年フォワードにコンバートされると、持ち前の攻撃センスが開花し、開幕からゴールを量産。J2得点ランキング5位の14得点を挙げた。

2013年、J1に昇格した湘南ベルマーレに再び期限付き移籍。第3節清水エスパルス戦で、J1リーグ戦初得点を記録した。同年9月8日に行われた第93回天皇杯2回戦FC琉球戦では、プロ入り後自身初となるハットトリックを達成。クラブは1年でJ2に降格したが、同年12月27日、期限付き移籍期間を翌年まで延長することが発表された。
2014年は主に2シャドーの一角としてリーグ戦39試合に出場し、9得点を記録。チームは開幕14連勝を飾るなど記録的な快進撃を続け、柏に所属していた2010年以来、自身2度目のJ2優勝を達成した。

2014年12月7日、期限付き移籍期間終了により柏へ復帰。2015年4月29日、川崎フロンターレのリーグ戦で移籍後初得点。5月14日、AFCチャンピオンズリーグ2015の公式サイトで日本勢唯一のグループリーグベストイレブンに選ばれた。2017年9月23日、第27節のFC東京戦では2得点を決めて自身の誕生日を祝った。

2018年1月5日、浦和レッズに完全移籍した。しかし、8試合の出場に留まった。
2019年から湘南へ期限付き移籍。2月23日、開幕戦の北海道コンサドーレ札幌戦では2得点を決めて勝利に貢献した。8月15日に浦和レッズへの復帰を発表した。理由については、前日から長期に渡り続いている曺監督のパワーハラスメントに関するで監督が指揮を取れる状況ではなくなってしまったからだという。しかし疲労骨折を負っていたことが判明し、シーズン中に再出場することは叶わなかった。翌年も、8試合試合の出場に留まった。

2020年12月28日、京都サンガF.C.に完全移籍。2022年11月18日、契約満了により京都を退団した。

2022年12月8日、ヴァンフォーレ甲府に完全移籍。

2025年1月10日、関西サッカーリーグ2部のおこしやす京都ACに完全移籍。しかし2025年シーズン途中の6月16日、おこしやす京都は5月31日付で武富の現役引退を発表した。",,確認
8830,田中 裕人,Hiroto TANAKA,a,田中裕人,unknown,,no_institution_keyword_found,"2013年にジュビロ磐田に入団。同年3月20日に行われたナビスコカップ・大宮アルディージャ戦でプロデビュー。
2015年12月19日に、V・ファーレン長崎へ期限付き移籍することが発表された。
2017年、間瀬愛媛FCへ期限付き移籍。同年12月14日、ジュビロ磐田より完全移籍で加入することが発表された。2019年に新潟戦で逆転のJ初ゴールをヘディングで決める。また、栃木戦でもボレーで合わせて得点した。2022年は、宮崎戦、鳥取戦 でネットを揺らした。
2023年、ブラウブリッツ秋田に完全移籍、元同僚の小暮大器、丹羽詩温と再会。球を拾って攻守に顔を出し動き回ると語る。キャッチコピーと同様にプレースタイルが「いぶし銀」と評価されている。
2023年11月、現役引退を表明した。",unknown,No Information cnfirmed
8921,三田 啓貴,Hirotaka MITA,a,三田啓貴,university,university|j_club_academy,possible_incidental_schooling_around_club_academy,"小学校の校庭で練習していたところ、同校に通う武藤嘉紀の父が三田のプレーを目に留めてバディSCへと勧誘。小学校4年生の時に友達に誘われて同クラブでサッカーを始めた。
2003年よりFC東京の下部組織に加入。倉又寿雄によって左サイドハーフからボランチへとコンバートされ、守備意識を厳しく叩き込まれた。当時はトップチームのFWササ・サルセードに憧れていた。2008年の日本クラブユース選手権 (U-18)大会では、準々決勝、準決勝、決勝で3試合連続得点を記録し、チームの優勝に貢献。MVPにも選出された。この活躍により、トップチーム監督の城福浩はトップ昇格を熱望したが、春の時点で明治大学からオファーを受けていたために断念することとなった。同期は岩渕良太、山村佑樹、畑尾大翔、藤原広太朗、山崎侑輝、井上亮太、平野又三、など。
2009年、岩渕、山村と共に明治大学へ進学し、サッカー部に所属。同年の天皇杯では、監督の神川明彦曰く「大舞台に強い」と1年生ながら先発に抜擢され J2・湘南、J1・山形とJリーグ勢を相手に得点を重ねて4回戦進出に貢献した。プロを目指していない選手も多い環境の中でなかなか力を出し切れずにいたが、2学年先輩にあたる山田大記の練習に取り組む姿勢に影響され、徐々に責任感あるプレーを発揮。2011年より山田から背番号10を受け継ぎ 中心選手として活躍。同年の大学選手権ではベストMFに選出された。

2012年7月、FC東京の特別指定選手として登録された。磐田なども獲得を図っていたが 同月中に2013年からのFC東京加入内定が発表された。同年8月のJ1第22節大宮戦でJリーグ初出場。2013年は、6月のJ1中断期間中に評価を高め先発出場の機会を掴み、J1第15節浦和戦でJリーグ初得点を記録した。監督のランコ・ポポヴィッチからは、縦にボールを引き出し、高精度のパス配球が出来る点を長所に挙げられていた。2014年は序盤からインサイドハーフで先発起用され、7月には天皇杯秋田戦、J1第15節鹿島戦と公式戦連続得点を挙げたが、中盤より羽生直剛らとのポジション争いが激化。攻守のバランスに課題を見出し改善に努めたが、インサイドハーフでの本領発揮は難しく その攻撃の爆発力を十分には示せなかった。

2016年、ベガルタ仙台へ期限付き移籍。ドイスボランチでのプレーを志願し、開幕節横浜FM戦で先発起用され、決勝点を挙げた。通年して高精度の配球で好機を演出しシュート数及びタックル数でチーム2位を記録するなど 攻守両面で活躍し、チーム年間MVPに選出された。
クラブからの高評価に応え、2017年から完全移籍へ移行。4月30日、第9節の清水エスパルス戦でJ1通算100試合出場を達成した。11月18日、第32節の大宮アルディージャ戦で自己最多のシーズン5点目を決めた。

2018年、ヴィッセル神戸に加入。リーグ戦では移籍初年度ながら前年を上回るシーズン6得点を挙げ、アンドレス・イニエスタやルーカス・ポドルスキを始めとしたタレント陣と共にチームを牽引した。

2019年7月、シーズン途中ながら古巣・FC東京へ完全移籍で加入、3年半ぶりの復帰となった。

2023年1月2日、横浜FCに完全移籍加入。
2024年11月18日、契約満了で横浜を退団する旨が発表された。

2025年2月6日、ポルトガルのUDオリヴェイレンセへの加入が決定。前所属先の横浜FCと同じONODERA GROUPがオーナーのクラブへの移籍となり、また、海外クラブでのプレーは34歳にして自身初となる。",,確認
9077,小林 亮太,Ryota KOBAYASHI,a,小林亮太,unknown,,no_institution_keyword_found,"2006年に特別指定選手として登録され、2007年にザスパ草津に加入。同年、5月から7月まで大原学園JaSRAサッカークラブへ期限付き移籍。2008年8月、アルビレックス新潟シンガポールに期限付き移籍。2009年も期間を延長して新潟Sに在籍し、2010年に草津へ復帰。同年限りで契約満了となり草津を退団。
2011年はアルテ高崎に在籍。2012年グルージャ盛岡に移籍。2017年2月、現役引退を発表した。",unknown,No Information cnfirmed
9080,酒井 高徳,SAKAI Gotoku,a,酒井高徳,high_school,high_school|j_club_academy|grassroots_club,possible_incidental_schooling_around_club_academy,"日本人の父親とドイツ人の母親との間にアメリカ合衆国ニューヨーク州ニューヨーク市で生まれ、2歳の時父親の仕事の都合で新潟県三条市に引っ越した。

10歳でサッカーを始め、三条サッカースポーツ少年団、レザーFSジュニアユースを経て、2006年にJAPANサッカーカレッジ高等部に進学し、開志学園高等学校に籍を置くとともに、アルビレックス新潟ユースに入団。寮生活によって、勉強とサッカーを両立させた。2008年には、2種登録選手としてトップチームにも在籍した。同年11月5日に昇格が発表された。2種登録期間中の11月15日、とりぎんバードスタジアムで行われた天皇杯5回戦（対戦相手: FC東京）に出場し、公式戦に初出場した。
2009年3月7日に味の素スタジアムで開催されたJ1第1節（対戦相手: FC東京）にてリーグ戦に初出場した。同年度は途中出場を中心にリーグ戦18試合に出場した。2010年度よりレギュラーとして試合出場するようになり、翌2011年10月1日の横浜F・マリノス戦（東北電力ビッグスワンスタジアム）にてプロ初得点を挙げた。

2011年12月23日、ブンデスリーガ・VfBシュトゥットガルトへの期限付き移籍が発表された。期限は2013年6月30日まで。新潟の生え抜きの選手が欧州のクラブに移籍するケースはこれが初である。2012年2月11日、第21節ヘルタ・ベルリン戦でスタメンフル出場しブンデスリーガ初出場を果たした。以降途中加入ながらレギュラーに定着し、地元紙からその活躍を絶賛されドイツ紙『WELT』からドイツ代表に招集すべきと報道された。
2013年1月10日、VfBシュトゥットガルトへ完全移籍。契約は16年6月まで。
2015年2月14日、ブンデスリーガ第21節ホッフェンハイム戦でブンデスリーガ初得点を決めた。2014-15シーズンは、開幕当初こそスタメンで起用されたが、チームが残留争いの渦中に立たされたシーズン終盤は控えに甘んじることが多かった。

シュトゥットガルトでの出場機会は減少した為、移籍を検討。シュトゥットガルトの監督（2011年当時）であったブルーノ・ラッバディアの熱望を受け、2015年7月5日にハンブルガーSVへ完全移籍した。11月7日、第12節ダルムシュタット戦で初先発。2016年2月7日、第20節ケルン戦以降はレギュラーに定着し、3月6日、第25節ヘルタ・ベルリン戦ではブンデスリーガ通算100試合出場を記録。
2016年11月18日、マルクス・ギズドル監督からチームキャプテンに指名された。ブンデスリーガで日本人選手がチームキャプテンを務めるのはこれが史上初である。また、この時より本職であるサイドバックだけでなく、ボランチでプレーする事も増えた。2017年1月28日、ブンデスリーガ第18節FCインゴルシュタット04では自身約2年ぶりのゴールとなるミドルシュートを決めた。最終節、同じく1部残留を争うVfLヴォルフスブルク戦ではフル出場し、2-1の勝利に貢献。結果的にキャプテン就任時はリーグ最下位だったチームを1部残留させる事に成功した。シーズン終了後には今まで一度も2部に降格した事のないチームのキャプテンを任される事について「何が何でも『2部に降格させた初めてのキャプテンが日本人だ』なんていうのは、もう絶対に、絶対に俺のプライドが許さないっていう感じのがありました。その重圧っていうのはすごくありましたね。何なら最終節の試合の途中でも『マジかよ』と思いながらプレーした時間帯もありました」とプレッシャーがかかっていた心境を吐露した。
2017-18シーズンもキャプテンとしてプレーするも、チームは55年目のシーズンでクラブ史上初の2部降格が決定した。スュペル・リグのベシクタシュJKが関心を示していたものの、シーズン終了後にハンブルガーとの契約を延長し、残留した。
2018-19シーズンは、終盤まで自動昇格圏内の2位以内を維持していたが終盤に大失速し、プレーオフに参戦できる3位にも入れず、4位に終わった。1年での昇格を逃したチームの状況によりサポーターから槍玉にあげられ、最終節のMSVデュースブルク戦ではサポーターからブーイングを浴びせられた。そのブーイングに対して、試合終了後にルイス・ホルトビーらチームメイトが批判し、酒井をかばっている。しかし、昇格を逃した戦犯扱いは変わらず、19-20シーズンに向けてのキャンプに参加した酒井が映っている写真がチームのInstagramに上がると、それが炎上する事態となった。

2019年8月14日、ヴィッセル神戸への完全移籍を発表した。8月17日、第23節の浦和レッズ戦で2011年以来8年ぶりのJリーグ復帰を果たした。以降は神戸の主力選手として活躍し、翌年1月1日に行われた鹿島アントラーズとの天皇杯決勝戦で勝利し、自身初のタイトルを獲得した。2020年1月13日、石川県羽咋郡宝達志水町の特使になる。3月30日、2019新型コロナウイルスに感染した事が発覚し入院。4月25日に退院した。Jリーガーとして初の新型コロナウイルス感染者となった。9月5日、第14節の湘南ベルマーレ戦で神戸移籍後初ゴールを挙げた。J1リーグでの得点は9年ぶりとなった。自身初のAFCチャンピオンズリーグでは6試合に出場し、ベスト4進出に貢献した。2021年シーズンは、リーグ戦全38試合にフル出場し、ACL圏内で神戸のJ1最高順位となるリーグ3位に貢献。Jリーグ優秀選手賞にも選出された。2022年シーズンも前年に引き続きリーグ戦全34試合にスタメン出場。メディアからは「鉄人」と称された。
2023年シーズンは開幕から右サイドバックを任され、第3節のガンバ大阪戦でプロ入り後自身初となる1試合2ゴールを決めた。チームに負傷者が続出したこともありチーム状況によってはセンターバックを任され、シーズン終盤に盟友山口蛍が負傷欠場した際にはボランチとして穴を埋めるなどそのポリバレントぶりを遺憾なく発揮。また高いリーダーシップでチームを統率するなど、クラブを初のJ1リーグ優勝に導いた。シーズン終了後には自身初のJリーグベストイレブンに選出された。2024年シーズンは山口の復帰に伴い右サイドバックにポジションを戻した。

2006年、U-16日本代表に選出され、以後U-17、U-18と各カテゴリの代表チームに選出された。2008年にはU-20日本代表へも選出され、SBSカップ 国際ユースサッカーへ出場した。
2010年1月6日にはAFCアジアカップ2011最終予選第5戦（対戦相手: イエメン）に出場する日本代表に選出された が、これがA代表への初選出であった。2010 FIFAワールドカップでは代表チームに選出されなかったが、サポートメンバーの一員としてチームに帯同した。
同年10月にはAFC U-19選手権2010に出場するU-19日本代表チームに選出され、ミッドフィールダーとして3試合に出場したが、準々決勝で敗退し2011 FIFA U-20ワールドカップへの出場権を得る事はできなかった。12月にはAFCアジアカップ2011本大会に出場する日本代表に選出された が、腰痛のためチームから離脱した。
2011年6月より、U-22日本代表に選出されロンドンオリンピック予選 に出場した。2012年のオリンピック本大会のメンバーにも選出され、右SBの酒井宏樹、左SBの徳永悠平のバックアップという位置付けながら 酒井宏樹の負傷もあって4試合に出場し、ベスト4入りに貢献した。
2012年9月6日に故郷、新潟にある新潟スタジアムで行われたキリンチャレンジカップ2012、対UAE戦でA代表デビューを果たした。
2014年5月12日にW杯ブラジル大会の日本代表メンバーに選出された。しかし、本大会での出場機会はなくチームもグループリーグで敗退した。
日本代表がハビエル・アギーレ体制になってからは、それまで右SBを務めていた内田篤人の負傷離脱などの影響で重用されるようになり、アギーレ体制での試合全てに出場する。2015年1月のAFCアジアカップ2015でも全ての試合で先発フル出場するも、チームは準々決勝で敗れた。
代表監督がヴァイッド・ハリルホジッチに変わってからも引き続き招集され、当時クラブで担当していた事もあり、手薄であったDHとして出場した試合もあったが、目立った活躍ができずDH要員から構想外となると、両SBのバックアッパーと言う立場は変わらなかった。2018年5月31日にW杯ロシア大会の日本代表メンバーに選出された。第3戦のポーランド戦に先発でW杯初出場を果たしたが、ポジションは本来とは違う右MFであった。敗退後に、「次のW杯を、僕は目指すつもりはない。未来と希望がある選手が目指したほうがいい」と述べ、今大会を最後のW杯とする意向を明かしている。",j_club_academy,"高校は籍のみ Sonnet recheck 2026-07-07: ""JAPANサッカーカレッジ"" (a private soccer college) is not the JFA Academy despite the superficial name similarity; the actual pattern is a named high school (開志学園高等学校) plus dormitory living (寮生活) arranged around joining アルビレックス新潟ユース, i.e. the incidental-schooling-for-club-academy case; corrected from jfa_academy to j_club_academy."
9096,谷口 堅三,Kenzo TANIGUCHI,a,谷口堅三,unknown,,no_institution_keyword_found,"2人の兄の影響で4歳からサッカーを始め、中学からはアミーゴス鹿児島の中心選手として活躍。J1チームからのオファーもあったが、当時J2のサガン鳥栖に入団。
2007年は、4試合無得点という結果だった。
2008年、開幕戦に出場すると、続く第3節にプロ初ゴールを決めたものの、レギュラーの座を確保するには至らず。2010年7月より、当時鹿児島県社会人サッカーリーグのFC KAGOSHIMAへ移籍することとなった。
チームの九州リーグ昇格後、3シーズンで53試合75得点と驚異的な得点力をみせ、3年連続リーグ得点王を獲得、チームのJFL昇格に大きく貢献した。
2014年からはFC KAGOSHIMAとヴォルカ鹿児島の統合により誕生した鹿児島ユナイテッドFCの所属となったが、怪我のため開幕に出遅れ13試合の出場で3得点にとどまり、シーズン終了後契約満了となり退団した。
2015年、グルージャ盛岡へ移籍。
2018年1月、藤枝MYFCへの完全移籍が発表された。2019年シーズン終了後、契約満了により退団。
2020年2月、J.FC MIYAZAKIへ加入した。
2023年12月21日、契約満了による退団が発表された。
2024年1月26日、現役を引退することが発表された。",grassroots_club,grass
9126,園田 拓也,Takuya SONODA,a,園田拓也,unknown,,no_institution_keyword_found,"主にセンターバックと右サイドバックをこなす選手で、中央大卒業後はモンテディオ山形に加入。2012年に愛媛FCへ完全移籍。2014年にはロアッソ熊本へ完全移籍した。
加入当初よりチームの主軸として活躍。2014年シーズンは開幕戦で右サイドバックとして試合出場。後半にループシュートを決めるなど、ディフェンダーながら6得点の活躍だった。右サイドバックやセンターバックにて出場することが多いが、2015年はチームが低迷し脱却を図るため、持ち前の守備力を期待されボランチで起用される試合が多かった。
怪我により離脱する期間も多かったがチームの主力として活躍し続けたが、2018年は出番を減らし、同シーズンをもって契約満了となり退団した。
2018年12月16日、FC今治に加入。
2019年シーズン、JFLベストイレブン受賞。
2021年10月20日、2021シーズン限りで現役の引退を発表。",university,大学卒業記述あり
9415,小川 大貴,OGAWA Daiki,a,小川大貴,unknown,,no_institution_keyword_found,"2014年にジュビロ磐田に入団。同年10月26日に行われたJ2第38節・京都サンガF.C.戦でJリーグデビュー。
2016年4月24日に行われたJ1 1stステージ第8節・サガン鳥栖戦でJ1初出場を果たしたが、
同年6月に右膝前十字靭帯損傷、半月板損傷の負傷。トレーニング合流まで約6か月の診断を受け、シーズンを通した活躍は出来なかった。
2018年4月21日、J1第9節・ベガルタ仙台戦でJリーグ初得点となる強烈なミドルシュートを叩き込み、チームの勝利に貢献した。
2021年シーズンより背番号を「5」番に変更。このシーズン25試合に出場し、自身キャリアハイの3得点を挙げてJ2優勝とJ1昇格に貢献した。
2024年7月、ジェフユナイテッド千葉に期限付き移籍。12月13日、契約満了により磐田を退団する事が発表された。
2025年、松本山雅FCに移籍。
2026年6月4日にJリーグ百年構想リーグをもって現役引退を発表。",unknown,No Information cnfirmed
9650,益山 司,Tsukasa MASUYAMA,a,益山司,unknown,,no_institution_keyword_found,"2008年、ジェフユナイテッド千葉に入団。阿部勇樹、水野晃樹、青木孝太らが着けた背番号”29”を与えられ、ポスト阿部としての成長を期待されていたが、当人の目標は今野泰幸である。
2010年8月、出場機会を求めるために大分トリニータに期限付き移籍し、11試合出場。2011年は千葉へ復帰したが、出場機会に恵まれず天皇杯は1試合のみで留まった。
2012年、松本山雅FCに期限付き移籍。栃木SC戦で移籍後初出場を果たしたが、同年シーズン終了後、期限付き移籍期間満了で松本山雅FCを退団。その後、期限付き移籍元チームの千葉も契約満了により退団。
2013年は、地元をホームタウンとするFC岐阜へ完全移籍した。出場機会を得ると直ぐに首脳陣の信頼を勝ち取り、ボランチとしてスタメンに名を連ねる機会も増えた。翌2014年は宮沢正史や水野泰輔、ヘニキと定位置を争い、サイドバックとしても起用された。2016シーズンをもって現役を引退し、同チームのサッカースクールコーチに就任した。",unknown,No Information cnfirmed
9687,清水 慶記,Keiki SHIMIZU,a,清水慶記,unknown,,no_institution_keyword_found,"2008年に大宮アルディージャへ入団するが、江角浩司・荒谷弘樹・北野貴之といった実力者達の前に2012年まで出場機会が1度も訪れることはなかった。2013年にプロ6年目でようやく初出場を果たすも、ポジションを勝ち取ることはできなかった。
2016年より地元・群馬県をホームタウンとするザスパクサツ群馬に期限付き移籍。同年はリーグ戦全試合を先発でフル出場を果たした。2017年は同年に期限付き移籍で加入した牲川歩見とポジション争いをしたが、リーグ戦31試合でフル出場した。
2018年よりブラウブリッツ秋田に期限付き移籍。シーズン終了後、大宮へ復帰。
しかし復帰した大宮では、笠原昂史や加藤有輝を前に出番は無かった。
2020年、ザスパクサツ群馬へ完全移籍。
群馬では開幕からレギュラーを務めていたが、シーズン終盤は松原修平にポジションを譲った。翌年の2021年も松原が引き続きレギュラーを務めていたが、リーグ中盤頃にレギュラーに再定着。その後は松原と激しいポジション争いを繰り広げ、出場数は松原に勝る25試合に出場した。
2024年1月6日、現役引退が発表された。",unknown,No Information cnfirmed
9702,古部 健太,Kenta FURUBE,a,古部健太,unknown,,no_institution_keyword_found,"2008年に横浜F・マリノスに入団。
2009年4月にツエーゲン金沢へ期限付き移籍、8月2日に移籍期限満了を迎えたが、「ツエーゲンをJFLに昇格させるまでは帰らない」と移籍期間の延長宣言。2010年に金沢に完全移籍した。
2012年V・ファーレン長崎へ移籍。2013年、2015年の2度J1昇格プレーオフに出場。
同年12月4日、右足関節三角骨障害と診断され内視鏡手術を受けた。
2016年1月6日J1昇格プレーオフ準決勝の対戦相手であった、アビスパ福岡への完全移籍が発表された。
2016年12月16日1年でのV・ファーレン長崎へ完全移籍での復帰が発表された。2012年-2015年に長崎に所属していた時と同じ背番号17をつけて臨んだ。JリーグDAZNニューイヤーカップ宮崎ラウンドに出場した。2017年11月25日、V・ファーレン長崎と契約満了を発表した。同年12月に行われたJリーグ合同トライアウトに出場。
2018年2月、モンテディオ山形加入が発表された。2019年シーズン終了後、契約満了により山形を退団。
2020年2月、J.FC MIYAZAKIへ加入した。
2022年12月28日、2022シーズン限りでの現役引退が発表された。今後は同チームの「事業担当兼スカウト補佐」への就任が予定されている。",unknown,No Information cnfirmed
9979,堀米 勇輝,HORIGOME Yuki,a,堀米勇輝,j_club_academy,j_club_academy,overseas_relocation_language_no_domestic_institution,"2007年にU-15日本代表に初選出されて以降、プラチナ世代と呼ばれる激戦区において常に世代別代表に選出。2009 FIFA U-17ワールドカップでは全試合で先発出場している。
中学生のときからヴァンフォーレ甲府のアカデミーで育ち、U-18在籍中の2010年4月に2種登録選手としてトップチームに登録され、同年8月にプロC契約を結んだ。
2011年の開幕戦で途中出場しJリーグデビュー。この年は途中出場で3試合に出場するも、チームはJ2に降格した。
2012年は城福浩監督が就任し、開幕戦で先発出場を果たすなど大きく期待されたが徐々に出場機会が減少したものの、シーズン21試合に出場した。また、8月12日の水戸ホーリーホック戦でJ初ゴールを挙げた。
2012年12月に呂比須ワグナーが監督を務めるブラジル・コメルシアウFCへ2週間の留学。期限付き移籍の話も出たが就労ビザの問題によって断念したと報じられた。
2013年シーズン途中でロアッソ熊本へ期限付き移籍。期間は2013年5月1日から8月26日までであったが、8月6日に、期限付き移籍期間延長が発表された。新しい期限は2014年1月1日までである。2013年12月11日、期限付き移籍満了が発表された。
2014年から愛媛FCへ1年間の期限付き移籍。この年はチームで唯一の全試合フル出場を果たした。2015年は甲府に復帰し、主に試合途中から起用され12試合に出場した。
2016年から京都サンガF.C.に完全移籍した。「移籍を決めた一番の理由」として同クラブの監督が愛媛時代に指導を受けた石丸清隆であることをあげた。攻撃陣の中心選手としてプレーし、得点数はチームトップの7点を記録
2017年から完全移籍でヴァンフォーレ甲府へ復帰。4月30日、第9節のヴィッセル神戸戦でJ1初得点を決めた。
2019年から完全移籍でジェフユナイテッド市原・千葉に加入。
2021年はモンテディオ山形に期限付き移籍。
2022年、サガン鳥栖に完全移籍で加入した。
2025年8月19日、 愛媛FCに期限付き移籍が発表された。同年12月26日期限満了となり退団。
2025年12月26日、北海道コンサドーレ札幌に完全移籍で加入することを発表。",,確認
10536,野口 遼太,Ryota NOGUCHI,b,野口遼太,unknown,,no_institution_keyword_found,"2015年を以てカマタマーレ讃岐を契約満了となった。2016年より鈴鹿アンリミテッドFCに完全移籍により加入した。2017年、ヴィアティン三重へ完全移籍。シーズン終了後、退団が発表された。
2018年、鈴鹿アンリミテッドFCへ復帰。
2021年鈴鹿ポイントゲッターズを退団。",unknown,No Information cnfirmed
10852,森 泰次郎,Taijiro MORI,b,森泰次郎,unknown,,no_institution_keyword_found,"富山北FCでは大﨑淳矢と共にプレーし、2003年の全日本少年サッカー大会で準優勝した経験を持つ。2009年12月10日、カターレ富山への2010年シーズンからの入団が発表された。カターレ富山ではクラブ創設以来初となる地元出身の新卒選手である。
2014年、JFL・佐川印刷京都へ期限付き移籍。9月、富山へ復帰した。
2015年シーズン終了をもって富山を退団した。
2020年6月17日、富山新庄クラブへ完全移籍により加入した。また、富山市内でサッカースクールを開設した。
2021年12月21日、現役引退が発表された。",grassroots_club,grass
10937,金久保 彩,Sai KANAKUBO,b,金久保彩,unknown,,no_institution_keyword_found,"2011年に水戸ホーリーホックに加入するもリーグ戦3試合のみの出場で、2013年にV・ファーレン長崎に移籍。
2015年にAC長野パルセイロへ移籍。
2016年7月に鹿児島ユナイテッドFCに期限付き移籍するも、シーズン終了後に契約満了にともない長野を退団となり、期限付き移籍中だった鹿児島との契約も終了となり退団。
2017年、ヴァンラーレ八戸へ移籍。
2018年、奈良クラブへ移籍。
2019年をもって奈良クラブとの契約が満了。
その後半年以上に亘って無所属の期間が続いていたが、8月、地元境町の境トリニタスに加入したことが発表された。
2020年、AC長野パルセイロ時代の同僚であった山田晃平とともに、長野市内でバナナジュース専門店「Oh!! my BANANA」をオープンさせた。
2021年4月、堺トリニタスに在籍しながら営業スタッフとして水戸ホーリーホックに復帰。
2023年12月9日、境トリニタスより現役引退が発表された。",unknown,No Information cnfirmed
10938,鈴木 将也,Masaya SUZUKI,b,鈴木将也,unknown,,no_institution_keyword_found,"2011年に水戸ホーリーホックに加入。
2012年、SC相模原に移籍。開幕からレギュラーとして活躍し、チームの関東1部優勝とJFL昇格に貢献。自身も関東1部のベストイレブンに輝いた。
2015年、アスルクラロ沼津へ完全移籍。2017年シーズン終了後、契約満了により退団。同年12月に行われたJリーグ合同トライアウト出場した。
2018年3月、東邦チタニウムサッカー部に完全移籍により加入すると発表された。2020年シーズンには、4アシストをあげて関東サッカーリーグ2部ベアシスト王（2人同率）に選出された。
2024シーズンをもって現役を引退した。",unknown,No Information cnfirmed
11868,天野 恒太,Kota AMANO,b,天野恒太,unknown,,no_institution_keyword_found,"2010年、ザスパ草津U-23に加入するも、同年8月に退団。
2011年、関東サッカーリーグのSC相模原に入団。
2012年、開幕からレギュラーに定着し、チームのリーグ優勝とJFL昇格に貢献。自身も関東1部のベストイレブンに輝いた。2016年をもって現役を引退した。",unknown,No Information cnfirmed
11871,松本 祐樹,Yuki MATSUMOTO,b,松本祐樹,unknown,,no_institution_keyword_found,"2011年1月にSC相模原に入団。
2015年、JFLのMIOびわこ滋賀に完全移籍。
2016年、FCマルヤス岡崎に完全移籍。2018年シーズン終了後に退団した。
2019年、J.FC MIYAZAKIへ移籍。2020年1月、契約満了により退団。
2020年3月8日、Cento Cuore HARIMAに加入した。2023年の終わりに引退した。",unknown,No Information cnfirmed
11872,北原 毅之,Takahisa KITAHARA,b,北原毅之,unknown,,no_institution_keyword_found,"2012年、関東1部のSC相模原に入団。
2017年、VONDS市原へ移籍したが、1年で退団。
2018年、鈴鹿アンリミテッドFCへ移籍。
2019年1月、VONDS市原へ復帰。
2021年を以てVONDS市原を退団。
2022年、地元川越市からJリーグを目指すCOEDO KAWAGOE F.Cへ移籍。
2025年、埼玉県に3つ目のJリーグを目指しKONOSU CITY F.C.（現:SAITAMA KNØS UNITED）へ移籍。
2026年、SAITAMA KNØS UNITEDの選手兼監督に就任。",unknown,No Information cnfirmed
11893,吉岡 航平,Kohei YOSHIOKA,b,吉岡航平,unknown,,no_institution_keyword_found,"2015年シーズンをもって現役を引退した。
2023年9月に開催された、SC相模原のクラブ創設15周年を記念したドリームマッチに出場した。",unknown,No Information cnfirmed
12054,上田 陵弥,Ryoya UEDA,b,上田陵弥,unknown,,no_institution_keyword_found,"2012年に横河武蔵野FCに加入すると開幕からベンチ入りを果たし、結果1年目はリーグ戦を23試合出場を果たした。2014年よりFC琉球に完全移籍。
2015年を以て、FC琉球との契約が満了。2016年より東京武蔵野シティFCへ完全移籍により加入した。しかしわずか1年で武蔵野を退団した。2017年より十勝FCへ加入 し、シーズン終了後に退団。",unknown,No Information cnfirmed
15846,堂安 律,Ritsu DOAN,b,堂安律,high_school,high_school|j_club_academy,possible_incidental_schooling_around_club_academy,"堂安 律（どうあん りつ、1998年6月16日 - ）は、兵庫県尼崎市出身のプロサッカー選手。ブンデスリーガ・ アイントラハト・フランクフルト所属。ポジションはミッドフィールダー（攻撃的ミッドフィールダー、右サイドミッドフィールダー）。日本代表。
兄は元プロサッカー選手の堂安憂。
既婚で妻は明松美玖。
1児の父。


== クラブ経歴 ==


=== プロ入り前 ===
尼崎市立浦風小学校・尼崎市立小田南中学校出身。小学生時代には浦風FCに所属していた。ヴィッセル神戸のサッカースクールにも通いテクニックを磨いた。途中から西宮SSへ所属。中学校へ進学する際に、ガンバ大阪、セレッソ大阪、ヴィッセル神戸、名古屋グランパスエイトのジュニアユースからオファーを受けた末にガンバ大阪ジュニアユースへ入団した。ジュニアユース時代の2012年に史上初となるU-15年代全国3冠を達成。ガンバユースでは左右両方をこなせる攻撃的MFとして早くから頭角を現し、レフティでフィジカルが強いことから同様の特徴を持つガンバユース出身である家長昭博2世と称された。


=== ガンバ大阪 ===
高等学校は全日制の追手門学院高校に進学も、代表に呼ばれるようになると単位習得が難しくなり、通信制の向陽台高校に転校する。高校2年となった2015年にトップチームに2種登録されると開幕からトップチームに帯同し、4月7日のACLブリーラム・ユナイテッドFC戦では初のベンチ入りを果たすと、5月27日のACL決勝T1回戦のFCソウル戦で、クラブ史上2番目となる16歳344日の若さで公式戦デビューを果たした。ACLのFCソウル戦、高校2年でのプロデビューは6年前にプロデビューしたガンバユースの先輩である宇佐美貴史と同じシチュエーションとなった。6月3日、J1第10節の鹿島アントラーズ戦で宇佐美の記録を塗り替える16歳11カ月18日でのクラブ史上最年少リーグ戦デビューを果たし、6月20日のJ1第16節ベガルタ仙台戦で公式戦初スタメンで起用された。2015年11月24日には、翌2016年シーズンからのトップチーム昇格が内定した。飛び級でのトップチーム昇格は井手口陽介以来6人目となった。
2016年3月20日、この年から設立されたガンバ大阪U-23のJ3第2節のグルージャ盛岡戦で公式戦初得点。4月23日、J3第6節の大分トリニータではプロ入り初の1試合2得点を決めて、J3リーグ得点ランキング暫定首位に立った。同年7月にエールディヴィジの名門・PSVアイントホーフェンから正式オファーを受けるが、海外経験がありドイツへ移籍した宇佐美や長谷川健太監督のアドバイスを受けガンバ残留を決断した。7月23日、J1・2ndステージ第5節の柏レイソル戦では後半途中から出場し、トップチームでシーズン初出場。8月13日、J1第8節のジュビロ磐田戦では途中出場からJ1初となるアシストを記録した。11月10日、天皇杯4回戦の清水エスパルス戦でプロ入り初先発を果たした。12月1日、アジア年間最優秀ユース選手賞を受賞した。
2017年4月21日、J1第8節の大宮アルディージャ戦ではJ1初得点を含む2得点の活躍を見せた。4月25日、ACL第5節のアデレード・ユナイテッドFC戦ではACL初先発を果たすと、同大会初得点を決めた。


=== FCフローニンゲン ===
2017年6月23日、オランダ1部のFCフローニンゲンに翌年6月末までの期限付きで移籍することが発表された。8月13日、SCヘーレンフェーンとのリーグ戦初戦で公式戦初先発を果たした。9月21日、カップ戦1回戦のデルデ・ディヴィジ所属ヘラクレスとの試合で移籍後初得点を決めた。9月30日、第7節のPECズヴォレ戦でリーグ戦初得点を決めた。11月19日、第12節のSBVフィテッセ戦では連敗ストップに貢献し、ホームゲームで一部観客の投票によって選ばれるマン・オブ・ザ・マッチに選出された。2018年1月21日、第19節のヴィレムII戦では2018年初得点を決めた。4月23日、フローニンゲンは買い取りオプションを行使し、完全移籍での獲得を発表した。4月29日、第33節のSBVエクセルシオール戦ではシーズン9点目を決め、試合終了後にはサポーターが選ぶMVPに選出された。このゴールで、フローニンゲンの10代選手では歴代3位の記録となった。
2年目となる2018-19シーズンでは、背番号を「7」に変更した。8月12日、SBVフィテッセとの開幕戦でシーズン初得点を決めた。2019年3月3日、第24節のVVVフェンロー戦ではプロ入り初の退場処分を課されている。


=== PSVアイントホーフェン ===
2019年8月27日、PSVアイントホーフェンに移籍した。背番号は「25」。クラブ史上初の日本人選手となった。9月14日、第6節のフィテッセ戦で途中出場から移籍後初出場を果たした。9月19日、UEFAヨーロッパリーグ・GL第1節のスポルティングCP戦で欧州リーグデビューを果たした。9月29日、第8節のPECズヴォレ戦で移籍後初得点を決めた。移籍直前には11番のユニフォーム姿で試合に出場していた。


=== アルミニア・ビーレフェルト ===
2020年9月5日、ドイツ・ブンデスリーガのアルミニア・ビーレフェルトに2020-21シーズン終了までのレンタルで移籍した。背番号は「8」。加入2日目で古巣フローニンゲン相手のフレンドリーマッチにて途中出場した。10月18日、ブンデスリーガ第4節バイエルン・ミュンヘン戦にてブンデスリーガでの初ゴールを決めた。
年間ベストルーキー賞の候補に選ばれ、月間ベストルーキー賞では、ジュード・ベリンガム、ジャマル・ムシアラ、サイラス・ワマンギトゥカなどの選手より受賞回数を上回り、月間賞候補のノミネート回数では単独最多だった。
シーズン通してクラブでは残留争いに巻き込まれたものの、2021年5月22日の最終節Vfbシュツットガルト戦で試合を決定付ける2点目を決め残留に大きく貢献した。個人としてもリーグ戦全34試合に出場し、チームトップタイの5得点を挙げた。その後ビーレフェルト側は堂安の完全移籍での獲得を目指したものの、COVID-19からくる財政難でそれも叶わず、2021年6月9日に退団が発表された。


=== PSVアイントホーフェン復帰 ===
2021年9月11日、第4節のAZアルクマール戦で後半から今季初出場を果たしゴールを決めた。 11月26日、UEFAヨーロッパリーグ・GL第5節のSKシュトゥルム・グラーツ戦にて空中でボールを操り、アシストしたことから国内外で大きな話題を呼んだ。2022年5月2日、第31節のヴィレムII戦で開始2分でゴールを決め、4期ぶりに2ケタ得点を記録。KNVBカップ決勝のアヤックス戦では69分から途中出場して好プレーを見せて、日本国籍の選手として初となる優勝を果たした。また、プロ入り初のタイトル獲得にもなった。


=== SCフライブルク　 ===
2022年7月5日、ブンデスリーガのSCフライブルクへの完全移籍が発表された。背番号は「42」。プレシーズンマッチのRCストラスブール戦で1G1Aを記録した。7月31日、移籍後初の公式戦となるDFBポカール1回戦の1.FCカイザースラウテルン戦で決勝ゴールを決め、逆転勝利した。
2024-25シーズンはリーグ戦全試合に出場。17日にホームで行われた最終節、チームは4位で迎えUEFAチャンピオンズリーグ初出場を懸けて3位アイントラハト・フランクフルトと直接対決。自身は先制点を決めて史上初の1シーズン二桁得点を達成。しかしチームは1-3で逆転負けを喫し、他会場でボルシア・ドルトムントが勝利したため5位フィニッシュとなり、クラブ・自身初のチャンピオンズリーグ出場はならず、来季はUEFAヨーロッパリーグに出場することが決定した。


=== アイントラハト・フランクフルト　 ===
2025年8月7日、アイントラハト・フランクフルトへ完全移籍して5年契約を結んだことが発表された。背番号はかつて長谷部誠が着用していた20番となる。ESPNによると移籍金は2200万ユーロと推定されている。8月18日、移籍後初の公式戦となるDFBポーカル1回戦のFVエンガース07戦で移籍後初ゴールを含む2得点を決めて勝利に貢献。8月30日、第2節のTSG1899ホッフェンハイム戦で移籍後リーグ戦初ゴールを含む2ゴール1アシストの活躍で勝利に貢献した。9月18日、UEFAチャンピオンズリーグ2025-26・リーグフェーズ第1節のホーム・ガラタサライ戦で先発出場しUCL初出場を果たす。試合は5-1でフランクフルトが勝利。自身は37分に同点ゴールを決めたが、後に記録上はオウンゴールとなった。加入1年目もチームの主力を務め、リーグ戦31試合出場5得点を記録した。


== 代表経歴 ==
2014年にU-16日本代表に選出され、9月のAFC U-16選手権では左サイドバックで起用された。
2016年10月、AFC U-19選手権のメンバーに選出。10月24日、準々決勝のU-19タジキスタン戦では1得点1アシストの活躍で5大会ぶりとなるFIFA U-20ワールドカップの出場権獲得に貢献。10月30日、決勝のU-19サウジアラビア戦では0-0でPK戦の末優勝を果たし、AFC U-19選手権の大会MVPに選出された。
2017年5月、FIFA U-20ワールドカップのメンバーに選出。5月21日に行われた初戦のU-20南アフリカ戦では逆転ゴールを決め、5月27日のU-20イタリア戦では2得点を挙げて、日本の決勝トーナメント進出に貢献した。チームは、決勝トーナメント1回戦で敗れたものの、4試合3得点でチームを牽引し、イタリア戦後にはFIFA公式ツイッターでは「日本のメッシ」と評された。
2018年8月30日、キリンチャレンジカップ2試合に挑むA代表に初招集され、9月11日、古巣G大阪のホームスタジアムであるパナソニックスタジアム吹田で行われたコスタリカ戦でA代表初出場を果たした。10月16日のキリンチャレンジカップ2018・ウルグアイ戦でA代表初ゴールを決めた。10月、フランスのサッカー専門誌「フランス・フットボール」が創設した21歳以下の最優秀選手に贈られる若手版バロンドールに当たる賞「コパ・トロフィー」の候補者にノミネートされた。

2018年12月、翌年1月に開催されるAFCアジアカップ2019のメンバーに選出。1月9日、初戦のトルクメニスタン戦ではアジアカップにおける日本代表最年少得点を決めた。なお、この記録は同大会1月22日のサウジアラビア戦で、日本代表DF冨安健洋（20歳77日）に更新されている。右サイドMFとしてグループステージのウズベキスタン戦を除く5試合に出場し、準々決勝ベトナム戦では決勝点となるゴールを決めるなどチームの決勝戦進出に貢献。決勝戦カタール戦でも先発出場するが、チームは1-3で敗れ準優勝となった。大会を通して6試合出場2ゴールという成績を残す。FIFAによる今大会の「ブレイクスター」5人のうち1人に選ばれる
2021年6月、東京オリンピックに向けたU-24日本代表で10番のユニフォームを背負い親善試合のガーナ戦で1G1Aを叩き出しチームを勢いに乗せ、6-0と快勝した。直後のジャマイカ戦でも1ゴールを記録した。
2021年6月22日、東京オリンピックに向けたU-24日本代表に選出された。背番号は「10」。
7月12日の東京オリンピック前の強化試合のホンジュラス戦、17日のスペイン代表戦で、1ゴールを記録。U-24日本代表戦では4戦連続ゴールを記録した。東京オリンピック本大会では、全6試合に出場し1ゴールを記録するも、チームは4位で大会を終え、メダル獲得にはあと一歩及ばなかった。
2022年11月1日、2022 FIFAワールドカップに臨む日本代表に選出された。11月23日、GL初戦のドイツ戦で後半から途中出場し、75分に値千金の同点ゴールを決めると、その後チームは83分に浅野拓磨のゴールで逆転し、2-1で勝利し格上ドイツから金星を収め、自身も勝利に貢献した。なお、A代表での得点は2019年1月のアジアカップ以来となった。11月27日、GL2戦目のコスタリカ戦では先発出場するも目立った活躍はなく67分に交代し、チームも81分に先制を許し0-1で敗れた。12月1日、決勝トーナメント進出が懸かったGL3戦目のスペイン戦では後半開始から途中出場し、開始2分に大会2点目となる同点ゴールを決めた。直後に田中碧の逆転ゴールを演出し、チームも逆転勝利を収めてグループ首位で2大会連続決勝トーナメント進出を決めた。W杯で1大会に複数得点を挙げた日本代表選手は、稲本潤一と本田圭佑、乾貴士に次ぐ4人目となった。12月5日、決勝トーナメント1回戦のクロアチア戦では先発出場。前半43分にCKを獲得すると、自身がキッカーを務め、前田大然の先制ゴールを演出した。その後は後半に途中交代。試合は延長・PK戦までもつれたが、惜しくも史上初のベスト8進出はならなかった。それでもベスト16進出に大きく貢献した。
2023年6月、キリンチャレンジカップ2023のエルサルバドル戦、ペルー戦の2試合で、これまで背番号10を背負ってきた南野拓実に代わり、背番号10を着用した。エルサルバドル戦では三笘薫のシュートのこぼれ球を押し込んでゴールを決めた。11月16日には古巣G大阪の本拠地であるパナソニックスタジアム吹田で行われた2026 FIFAワールドカップ・アジア2次予選兼AFCアジアカップ2027・2次予選初戦のミャンマー戦でフル出場し、86分にチームの5点目を決める。なお、この得点は古巣チームの本拠地での代表戦初ゴールであり、W杯・アジア予選初ゴールにもなった。
2024年6月11日に行われた同予選最終戦となるシリア戦で国際Aマッチ50試合出場となり、当試合で1ゴールも決めた。
2026年3月、イギリス遠征に臨む日本代表メンバーに選出され、負傷離脱中の遠藤航に代わりキャプテンに任命された。31日、ウェンブリー・スタジアムで行われたアウェイ・イングランド戦ではキャプテンマークを巻いて先発出場。
5月15日、2026 FIFAワールドカップに臨む日本代表メンバーに2大会連続で選出された。背番号は引き続き10を着用。W杯の日本代表では6人目の背番号10を背負う選手となった。6月14日に行われたGL初戦のオランダ戦ではキャプテンマークを巻いて先発出場し、75分間プレー。チームは2度勝ち越しを許しながらも終盤に追い付いて2-2でドロー決着し、格上オランダから勝点1を獲得した。続く20日に行われたGL2戦目のチュニジア戦でも先発出場し、74分プレー。チームは4-0で大会初勝利を収め、W杯における1試合最多得点、最多得点差の勝利を挙げた。続く25日に行われたGL3戦目のスウェーデン戦でも先発出場し、66分プレー。56分に前田大然の先制点をアシスト。その後チームは同点に追い付かれ1-1の引き分けで終わったものの、グループ2位で3大会連続決勝トーナメント進出を決め、自身もチームに貢献。29日に行われた決勝トーナメント1回戦となるラウンド32のブラジル戦でも先発出場し、66分プレー。チームは終了間際の失点で逆転負けを喫し、この大会より新設されたラウンド32で敗退した。


== 人物・エピソード ==
人名の表記は ""DOAN""である。
2022 FIFAワールドカップ（カタールW杯）のグループステージにおける日本対スペイン戦（12月1日開催）では、1点ビハインド（1点差の劣勢状態）で迎えた後半戦の開始直後に堂安が同点ゴールを叩き込んだが、イスラエルの視聴者（インターネットで見ていた人など）の中にはスペイン側が得点を重ねたものと早合点した人がいた という。それと言うのも、英語の""Doan"" もそうだが、「堂安」のヘブライ語の綴りである""דואן""は「ドゥアン」「デュワン」などとも読め、フランス人やスペイン人風の名字に見えたためである。つまり、""Doan"" なる選手がゴールを決めてにわかに盛り上がっているならそれはスペインの加点に違いないという勘違いを多くの人がしてしまったという話である。
""Doan"" という綴りは、ベトナムでは一般的な名字 ""Đoàn（漢字表記：段）"" （発音、音写例：ドゥワーン）であり、AFCアジアカップ2019でベトナム代表と対戦する際、ベトナム・メディアは堂安のことを「両親は日本人でベトナムにルーツはない」とわざわざ解説している。また、同大会での堂安は、同じく ""Doan (Đoàn)"" とアルファベット表記されるベトナム代表のドゥアン・バン・ハウと対戦し、Doan対決が実現した。
プーマと契約期間10年の総額約10億円のスポンサー契約を結んだことが発表された。
中学からガンバ大阪の下部組織に所属しているが、小学校4年生の時には、セレッソ大阪のセレクションを受けている。実兄の憂は、創造学園高等学校へ進学するまでセレッソのアカデミーに所属していた。また、親との話し合いで「（当時所属していた西宮SSより）もっとレベルの高いチームへ行こう」と決めた末の挑戦だったが、不合格に終わった。堂安がフローニンゲン在籍中に受けたテレビ番組『情熱大陸』（毎日放送）向けの取材で明かしたところによれば、「セレッソから（入団の）オファーが届くような選手になっても1秒で断る」と決めたほど、このセレクションで大きな挫折だったかもしれないという。そのため、中学校へ進学する際には、セレッソからジュニアユースチームへの入団を誘われても断っている。
日本代表において同年代の中島翔哉、南野拓実との2列目でのコンビネーションは、メディアからは本田圭佑、香川真司、岡崎慎司に代わる新ビッグ3、三銃士と呼ばれる事があった。
アジアカップ2019では長友佑都と共に毎日ジムでトレーニングをし、師弟に近い関係を築いた。準々決勝ベトナム戦の前には長友の前で「ゴールを決められなかったら丸刈りにする」と約束し、その言葉通りゴールを決めた。長友からは「向上心があってホントに情熱がある選手」と評価され、かつて共にプレーしたフィリペ・コウチーニョやマテオ・コヴァチッチと比較して、能力的に全然劣ってないと語られた。
プロ野球、特に読売ジャイアンツ（巨人）のファンとしても知られる。巨人ファンである理由は、家族の影響に加えて、巨人が最も強く、最も伝統のあるチームだからだと述べている。PSVアイントホーフェン在籍時には、野球オランダ代表のリック・バンデンハークとの対面も実現した。
2024年6月2日にX、Instagramにて結婚を発表。なお、相手はインフルエンサーの明松美玖
2025年8月25日にForbes JAPAN 30 UNDER 30 2025 FEATUREを受賞。
2026年7月3日にInstagramにて第1子が誕生していた事を発表。長女。


== 所属クラブ ==
ユース時代

2005年 - 2010年 浦風FC、西宮少年SS
2011年 - 2013年 ガンバ大阪ジュニアユース（小田南中学校）
2014年 - 2015年 ガンバ大阪ユース
2015年 ガンバ大阪（2種登録）
プロ経歴

2016年 - 2018年6月  ガンバ大阪
2017年7月 - 2018年6月   FCフローニンゲン（期限付き移籍）
2018年7月 - 2019年8月  FCフローニンゲン
2019年8月 - 2022年  PSVアイントホーフェン
2020年9月 - 2021年6月   アルミニア・ビーレフェルト（期限付き移籍）
2022年 - 2025年  SCフライブルク
2025年 -  アイントラハト・フランクフルト


== 個人成績 ==

その他の国際大会
2017年
AFCチャンピオンズリーグ・プレーオフ 1試合0得点
備考
2015年は2種登録
出場歴
公式戦初出場 - 2015年5月27日 ACLラウンド16第2戦 vsFCソウル（万博記念競技場）
Jリーグ初出場 - 2015年6月3日 J1.1st第10節 vs鹿島アントラーズ（万博記念競技場）
Jリーグ初得点 - 2016年3月20日 J3第2節 vsグルージャ盛岡（市立吹田サッカースタジアム）
エールディヴィジ初出場 - 2017年8月13日 第1節 vsSCヘーレンフェーン（エウロボルグ）
エールディヴィジ初得点 - 2017年9月30日 第7節 vsPECズウォレ（MAC³PARKスタディオン）
ブンデスリーガ初出場 - 2020年9月19日 第1節 vsアイントラハト・フランクフルト（ドイチェ・バンク・パルク）
ブンデスリーガ初得点 - 2020年10月18日 第4節 vsFCバイエルン・ミュンヘン（シューコ・アレーナ）


== タイトル ==


=== クラブ ===
 ガンバ大阪ジュニアユース
関西サンライズリーグ：3回（2011年 - 2013年）
JFAプレミアカップ：1回（2012年）
日本クラブユースサッカー選手権：1回（2012年）
高円宮杯全日本ユース選手権：1回（2012年）
 ガンバ大阪ユース
高円宮杯プレミアリーグWEST：1回（2015年）
 PSVアイントホーフェン

KNVBカップ：1回（2021-22）


=== 代表 ===
U-19日本代表
AFC U-19選手権：1回（2016年）
パンダカップ：1回（2016年）


=== 個人 ===
AFC U-19選手権・MVP（2016年）
アジア年間最優秀ユース選手賞（2016年）
JPFAアワード（JPFA）・ベストイレブン：1回（2022年）


== 代表歴 ==
国際Aマッチ初出場 - 2018年9月11日 キリンチャレンジカップ2018 vsコスタリカ代表（パナソニックスタジアム吹田）
国際Aマッチ初得点 - 2018年10月16日 キリンチャレンジカップ2018 vsウルグアイ代表（埼玉スタジアム2002）
国際Aマッチ50試合出場 - 2024年6月11日 2026 FIFAワールドカップ・アジア2次予選兼AFCアジアカップ2027・2次予選 vsシリア代表（エディオンピースウイング広島）


=== 出場大会 ===
U-15日本代表
AFC U-16選手権2014・予選（2013年）
U-16日本代表
Caspian Cup 2013（2013年）
AFC U-16選手権2014（2014年）
U-17日本代表
第22回バツラフ・イェジェク国際ユーストーナメント（2015年）
U-18日本代表
SBSカップ 国際ユースサッカー（2015年）
長安フォードカップ（2015年）
AFC U-19選手権2016・予選（2015年）
U-19日本代表
バーレーンU-19カップ（2016年）
水原JSカップ U-19国際ユースサッカー大会（2016年）
パンダカップ（2016年）
NTC招待大会（2016年）
AFC U-19選手権（2016年）
U-20日本代表
ドイツ遠征（2017年）
FIFA U-20ワールドカップ（2017年）
U-22日本代表
キリンチャレンジカップ（2019年）
U-24日本代表
東京オリンピック（2021年）
日本代表
キリンチャレンジカップ（2018年）
AFCアジアカップ2019（2019年）
2022 FIFAワールドカップ・アジア2次予選兼AFCアジアカップ2023・2次予選（2019年）
2022 FIFAワールドカップ・アジア3次予選（2021年）
キリンカップサッカー2022（2022年）
2022 FIFAワールドカップ（2022年）
2026 FIFAワールドカップ・アジア2次予選兼AFCアジアカップ2027・2次予選（2023年）
AFCアジアカップ2023（2024年）
2026 FIFAワールドカップ・アジア3次予選（2024年）
2026 FIFAワールドカップ（2026年）


=== 試合数 ===
国際Aマッチ 69試合11得点（2018年 - ）


=== 出場 ===


=== ゴール ===


== 出演 ==


=== CM ===
アクエリアス（2019年、2026年）
東京メトロ（2019年）
Visa「Visaでタッチ・リフティング篇」（2020年-）
プーマジャパン（2020年）
楽天グループ「楽天カード」(2022年)
TCLジャパンエレクトロニクス (2023年)
みずほ銀行「青さで、挑む。SAMURAI BLUE篇」（2026年）
Indeed「堂安律は、ひとりじゃない」（2026年）
Google 「Google 検索」(2026年)


== 脚注 ==


== 関連項目 ==
ガンバ大阪の選手一覧
ヨーロッパのサッカーリーグに所属する日本人選手一覧
ドイツ・ブンデスリーガに所属する日本人サッカー選手一覧


== 外部リンク ==
堂安律 - Olympedia (英語)
堂安律 - National-Football-Teams.com (英語)
堂安律 - Soccerway.com (英語)
堂安律 - Soccerbase.comによる選手データ (英語)
堂安律 - FootballDatabase.eu (英語)
堂安律 - WorldFootball.net (英語)
堂安律 - Transfermarkt.comによる選手データ (英語)
堂安律 - FIFA主催大会成績 (英語)
堂安律 - UEFA (英語)
堂安律 - J.League Data Siteによる選手データ
堂安律 - ゲキサカによる選手情報
堂安律 (@doan_ritsu) - X（旧Twitter）
堂安律 (@doanritsu) - Instagram
堂安律 - YouTubeチャンネル",j_club_academy,高校は2部
19148,内薗 大貴,Hirotaka UCHIZONO,b,内薗大貴,unknown,,no_institution_keyword_found,"2017年シーズン末に鹿児島ユナイテッドFCより契約期間の満了が発表。
同年12月に行われたJリーグ合同トライアウト出場を経て2018年から古巣のテゲバジャーロ宮崎に2009年以来9年振りに復帰する事となった。
2020年シーズンは、リーグ戦全8試合中7試合に途中出場するスーパーサブとして足場を固めたが、
年度後半に大腸癌の診断を受け、同年10月26日に手術を受けた。チームでは治療に専念できるよう募金口座を開設、多くのサポーターなどが支援に応じた。
その後、リハビリを行い回復。2021年シーズンは5月16日にY.S.C.C.横浜戦に回復後初出場を果たした。
2022年12月7日、テゲバジャーロ宮崎は契約期間の更新を発表した。
2023年11月17日、2023シーズンでの現役引退が発表された。",unknown,No Information cnfirmed
19154,田上 裕,Yutaka TANOUE,b,田上裕,unknown,,no_institution_keyword_found,"FC琉球などを経て、2010年に同年創設されたFC KAGOSHIMAに入団。2010シーズンから2012シーズンまで選手兼監督として活躍する。
2014年にチームがヴォルカ鹿児島と合併、鹿児島ユナイテッドFCとなった後も引き続き在籍し、2019年を以て現役を引退した。
2020年より所属していた鹿児島ユナイテッドFCの応援リーダーとして活躍し、テレビ解説やローカルタレント、YouTuberとして活躍。",unknown,No Information cnfirmed
19341,梶山 幹太,Kanta KAJIYAMA,b,梶山幹太,unknown,,no_institution_keyword_found,"2016年12月22日、2017年シーズンから名古屋グランパスのトップチームに昇格することが発表された。
2018年9月5日、SC相模原に育成型期限付き移籍で加入。
2019年、SC相模原へ完全移籍。2020年12月23日、契約満了による退団が発表された。
2021年2月4日、ヴェロスクロノス都農に加入。2025年12月10日、契約満了による退団が発表された。
2026年1月6日、アトレチコ鈴鹿クラブへの加入を発表。",unknown,No Information cnfirmed
19383,菅原 由勢,Yukinari SUGAWARA,b,菅原由勢,unknown,,no_institution_keyword_found,"ASラランジャ豊川出身。2018年2月23日、名古屋グランパスから2種登録されたことが発表された。その翌日に開催された2018年シーズンのJ1リーグ開幕戦対ガンバ大阪戦でスタメンフル出場。17歳7か月27日でのJ1リーグ開幕戦先発は史上2位の記録（1位は稲本潤一の17歳6か月）。

2018年3月31日、第5節への出場によりプロA契約締結条件を満たし、同年4月6日に名古屋とプロ契約。17歳10か月でのプロ契約は名古屋史上最年少。

2019年6月18日、オランダ1部のAZアルクマールへの期限付き移籍加入が発表された。7月25日、UEFAヨーロッパリーグ予選2回戦のBKヘッケン戦で初出場を果たした。8月4日、開幕戦のフォルトゥナ・シッタートで開幕スタメンを飾ると移籍後初ゴールを決めた。2020年2月23日、AZは買取オプションの行使を発表し、翌シーズンからの完全移籍が決定した。2025年夏までの5年契約となる。2022年1月には「ヨハン・クライフ・タレント・オブ・ザ・マンス」の月間若手MVP、2023年8月にはエールディヴィジにおける8月度の『チーム・オブ・ザ・マンス（月間ベストイレブン）』に選出。

2024年7月14日、プレミアリーグのサウサンプトンFCへの完全移籍が発表された。2028年6月までの4年契約となる。

2025年8月26日、ドイツ・ブンデスリーガのヴェルダー・ブレーメンへの期限付き移籍が発表された

2020年10月、親善試合に挑む日本代表に初選出された。10月9日、カメルーン代表戦で原口元気に代わって途中出場から代表デビューを果たした。しかし翌年に開催された東京オリンピックではメンバーから漏れた。
2023年3月、キリンチャレンジカップに挑むメンバーに選出され、ウルグアイ戦で日本代表初先発を飾った。同年6月、キリンチャレンジカップに挑むメンバーに選出され、エルサルバドル戦、ペルー戦では両試合ともに先発出場を果たした。ドイツ戦では先制点をアシストし、2点目の起点にもなった。同年11月のW杯2次予選のシリア戦で代表初ゴールを記録した。
2026年5月15日、2026 FIFAワールドカップに臨む日本代表に選出された。",grassroots_club,grass
2279,高木 義成,Yoshinari TAKAGI,b,高木義成,unknown,,no_institution_keyword_found,"2000年に東京ヴェルディ1969に入団。クラブでは本並健治と菊池新吉が引退した後の2002年よりレギュラーを務めてきたが、2008年はFC東京から移籍してきた土肥洋一にポジションを奪われ、控えに回された。J2に降格して迎えた2009年も7試合の出場に留まり、シーズン終了後に東京Vから戦力外通告を受け、2010年1月7日、名古屋グランパスへの完全移籍が発表された。同年7月の対横浜F・マリノス戦ではベンチ入りの控え選手ながら主審に執拗に抗議したという理由で退場処分を命じられた。移籍後は楢﨑正剛の控えに回った。
東京V在籍時から日本プロサッカー選手会（旧称：Jリーグ選手協会）の理事（副会長）を務めていたが、2010年12月24日、協会との方向性の違いにより辞任した。
2016年からFC岐阜に所属。開幕戦は沖縄キャンプで足首を負傷していた影響でベンチスタートだったが、開幕2試合で8失点を喫したポープ・ウィリアムに代わって3戦目から先発出場。無失点に抑え勝利に貢献し、以降正GKの座を獲得した。翌2017年シーズンはビクトルが全試合に出場したため出番は無く、この年限りで現役を引退した。
2020年10月、自身のYouTubeチャンネル『高木式GKメソッド』 を開設し、将来ゴールキーパーを目指す人々に向けてさまざまなレッスン動画を挙げている。",unknown,No Information cnfirmed
23150,登崎 雅貴,Masaki TOZAKI,b,登崎雅貴,unknown,,no_institution_keyword_found,怪我をしたセンターバックの代健司の代わりに第22節から出場すると、第33節にゴールを決めた。だがクラブの秩序風紀を乱す行為で12月10日付でカターレ富山との契約を解除された。2018年から矢崎バレンテに所属。,unknown,No Information cnfirmed
23190,安部 裕葵,ABE Hiroki,b,安部裕葵,high_school,high_school|j_club_academy,possible_incidental_schooling_around_club_academy,"北区立浮間小学校時代は城北アスカFC、北区立十条富士見中学校時代はS.T.FOOTBALL CLUB（帝京FCジュニアユース）でプレー。高校からは自身の成長のために親元を離れての寮生活を選び、広島県瀬戸内高等学校へ進んだ。2016年に広島県で開催された全国高等学校総合体育大会では3ゴールを挙げるなどチームの8強進出に貢献した。準々決勝で優勝した船橋市立船橋高等学校に敗れるも、大会優秀選手に選出された。9月23日、J1リーグに所属する鹿島アントラーズ加入が内定したことが発表された。

2017年、鹿島アントラーズに入団。4月1日、J1リーグ第5節大宮アルディージャ戦でプロ初出場を果たした。4月22日、第8節のジュビロ磐田戦でプロ入り初先発を果たした。6月21日、天皇杯2回戦のFCマルヤス岡崎戦でプロ入り初得点を含む2得点1アシストの活躍を見せた。7月22日、JリーグワールドチャレンジのセビージャFC戦では後半途中出場し、DFとGKをともに引きつけながらラストパスを出し鈴木優磨の先制点をアシストして勝利に貢献した。7月29日のJ1第19節・ヴァンフォーレ甲府戦でリーグ戦初得点を挙げた。
2018年7月19日、第16節のジュビロ磐田戦では1得点1アシストの活躍を見せた。12月13日、同年のJリーグベストヤングプレーヤー賞を受賞した。12月15日、FIFAクラブワールドカップ1回戦のCDグアダラハラ戦では決勝点を決めて勝利に貢献した。12月20日に行われたクラブW杯準決勝のレアル・マドリード戦ではフル出場するも1-3で敗れた。この試合後に涙を流した場面について、シーズン最後のタイトルを目指して戦っているなかで負けてしまい、自身がケガをして復帰した事も含めてチームのこの一年の戦いを思い返して感極まってしまったと振り返っている。
2019年より背番号を10番に変更した。

2019年7月12日、リーガ・エスパニョーラのFCバルセロナBへの完全移籍でクラブ間合意に達したことが鹿島アントラーズから発表された。7月15日、FCバルセロナと正式に4年契約を結んだ。移籍金は110万ユーロで、契約解除金はバルサBの選手である間は4千万ユーロ、トップチームに所属する場合は1億ユーロに設定された。
2019-20シーズンは、9月1日、第2節のジムナスティック・タラゴナ戦で公式戦デビューを果たすと、先発16試合を含む公式戦20試合に出場して主力として活躍し、11月17日、第13節のUEコルネジャ戦で移籍後初ゴールを決める など4得点を記録。2月2日、第23節のプラット戦で右大腿二頭筋腱を断裂し、2月11日、フィンランド・トゥルクにて手術を受け全治5か月と診断された。
背番号9を付けて臨んだ2020-21シーズンは、11月6日、練習中に右大腿二頭筋を怪我し、12月13日、第9節のエスパニョールB戦で復帰するものの同試合で同箇所を再受傷。4月18日、グループリーグ第3節のビジャレアルB戦で戦列復帰したが、同シーズンは8試合の出場にとどまった。
2021-22シーズン開始前、7月21日、トップチームのプレシーズン初戦となるジムナスティック・タラゴナ戦で途中出場してトップチームデビューを果たしたが、8月8日、バルセロナBのテストマッチ・ジローナ戦で右太腿の違和感により負傷交代。以降は登録外となり、2022年2月23日、フィンランドで右ハムストリングの手術を受けた。
2022-23シーズン終了後、6月30日、契約満了によりFCバルセロナ・アトレティックを退団した。

2023年7月3日、浦和レッズへ完全移籍。しかしながらコンディション調整や相次ぐ負傷離脱で試合に出場することはできず、2024年までの1年半で出場は親善試合の1試合に留まった。
2025年10月18日の第34節、横浜F・マリノス戦に交代で入り移籍後初出場。最終節の川崎フロンターレ戦にも途中出場し、イサーク・キーセ・テリンの得点に繋がるクロスを出し初アシストを記録。

2019年5月24日、コパ・アメリカに臨む東京五輪世代中心で構成された日本代表に初選出された。6月18日、コパ・アメリカ初戦のチリ戦で途中出場し、A代表デビューを果たした。その後は、世代別代表で時には10番を背負うなどとメンバー入りを果たしていたが、怪我もあってメンバーから外れると、東京五輪まで復帰することなく、本大会にも選出されなかった。",,確認
2926,永井 雄一郎,Yuichiro NAGAI,b,永井雄一郎,j_club_academy,j_club_academy,overseas_relocation_language_no_domestic_institution,"小学校1年生から高校3年生までの12年間、三菱養和SCでプレー。

1997年
高卒新人FWとして浦和レッズへ入団。4月12日の開幕戦・対横浜マリノス戦でプロデビューを果たした。この試合で当時の日本代表DF井原正巳をフェイントで、小村徳男をドリブルで翻弄し、強烈なインパクトを残し、翌日の新聞・TVで大きく取り上げられた。7月9日のヴェルディ川崎戦にて初得点を記録。18歳4ヶ月25日で達成したこの記録は、2009年4月12日に対名古屋グランパスエイト戦で原口元気（17歳11ヶ月3日）に塗り替えられるまでの12年間、浦和のクラブ史上最年少得点記録だった。また、U-20日本代表として1997 FIFAワールドユース選手権に出場し、チームのベスト8に貢献した。
1998年
前年とは対照的に、1stステージではわずか3試合の出場だった。その後、8月にはドイツのカールスルーエSCへ留学。
1999年
7月に帰国。徐々にキレと感覚を取り戻すとレギュラーを獲得。2ndステージからの復帰で、12試合出場で3得点。トルシエ率いるU-20日本代表のFWの主軸として、1999 FIFAワールドユース選手権に2大会連続で出場。高原直泰と2トップを組み、準決勝・ウルグアイ戦で決勝点を決めるなど、チームの準優勝に貢献した。
2000年
自身の希望で背番号「11」を背負い、主に左サイドMFとして起用された。複数人抜きのドリブルゴールや3試合連続得点、天王山の大分トリニータ戦での得点など、チーム最多の12得点を記録してチームのJ1復帰に貢献した。
6月10日のアルビレックス新潟戦でクビツァに対して激しく接触した寺川能人に激怒し、倒れた寺川にボールを手で投げてぶつけて退場するなど、精神的に不安定な部分もあった。
2001年
新加入のトゥットが背番号「11」を希望したため、背番号を「18」へ変更。
1stステージ途中からトゥットと、2ndステージは主にエメルソンとの2トップでレギュラーを獲得し、6得点を挙げた。
2002年
背番号をかつて野人こと岡野雅行の「7」へ変更。しかし、1stステージはエメルソンとトゥットがレギュラーで控えが田中達也、永井はFWの4番手という扱いを受け、ベンチを温める日が続いた。
2ndステージ第2節のベガルタ仙台戦のVゴールでようやくシーズン初得点を奪うと、エメルソンとの2トップにてスタメンに定着。トゥットが怪我から復帰した後も「TENトップ」（T＝トゥット、E＝エメルソン、N＝永井）の一角としてスタメン出場した。
ところが、シーズン終盤に2トップに戻ると永井はベンチへ追いやられた。最終的に4得点でシーズンを終えた。
2003年
前年に引退した「ミスターレッズ」こと福田正博から背番号「9」を引き継いだ。
日本代表に招集され、ソウルワールドカップ競技場で行われたアウェーの韓国戦（4月16日）で代表初出場。この試合で試合終了間際、左サイドでDFに囲まれながらのドリブル突破から相手DFのチョ・ビョングクのクリアミスを誘い代表初得点を記録し、ジーコジャパンの初勝利に貢献した。
1stステージこそエメルソンとの2トップでスタメン出場していたが、6月頃からの怪我が悪化して8月から9月前半はリハビリに費やした。その間に急成長を遂げた田中達也がエメルソンと2トップを組むことが多くなり、2ndステージはエメルソンか田中が出場停止時等の代役、もしくはスーパーサブとしてベンチに控える試合が増えた。
出場機会が少ないながらもエメルソンが出場停止だった試合では、スタメン出場して得点も決めた。さらに、11月29日に行われた最終節の鹿島アントラーズ戦で2点ビハインドの試合展開の中で途中出場し、1ゴール1アシストを記録する活躍を見せた。この年はJ1での自己最多8得点を挙げた。
2004年
8月21日の東京V戦では、GK都築龍太のスローを受けると、そのまま約70メートルのドリブルで3人を抜いてゴール。このスーパーゴールを含む3得点を挙げ、山瀬功治と共に「1試合で同じチームの二人がハットトリックを達成」という珍しい記録での圧勝劇の中心となった。このシーズンの得点はハットトリックを含む6得点だったものの、優勝争いをしていたジェフ市原やガンバ大阪から奪った貴重なゴールだった。
2005年
開幕戦こそFWで出場したが、前半戦は主にトップ下でコンスタントに出場機会を得た。エメルソンがシーズン途中で退団してからは田中達也や途中加入のマリッチと2トップを組んだ。10月に田中達也の負傷離脱以降はマリッチが1トップに入る形で固定されたため、右サイドでプレーする試合が増えると、マリッチの得点を幾度となくアシストし、マリッチからもクロスの精度を絶賛された。
持病の腰痛の影響で3月後半、7月後半、11月中旬から約1カ月の間は試合を欠場したが、前年と同様にリーグ戦で6得点を挙げた。そのうち5得点が同点、先制、決勝点と勝負強さを見せた。2003年以来のジーコジャパンのトレーニングキャンプにレッズでチームメイトだった桜井直人と共に選出されるもメンバーには残れなかった。
2006年
ワシントンの加入で前線はワシントンの1トップ、その後ろにポンテ、小野伸二（終盤戦は山田暢久）が2シャドーとして控える形がほぼ固定され、2トップの場合でもワシントンと負傷から復帰した田中達也のコンビがファーストチョイスとなり、右サイドも序盤戦は山田暢久、中盤戦以降は平川忠亮が起用される事が多かったため、ベンチスタートの試合が増えていった。また、スタメン出場した試合でも本人が希望するFW起用ではなく、2シャドーの一角で起用されることが多かった。そういった中でも4月29日、9月10日に行われた大宮アルディージャ戦、7月22日に行われた川崎フロンターレ戦では終盤に貴重なダメ押し点を記録し、チームの勝利に大きく貢献した。だが、12月2日に行われたG大阪戦ではベンチ入りはしたものの出場機会が無く、ピッチ上で優勝の瞬間に立ち会うことは出来なかった。
天皇杯ではワシントンが持病の心臓疾患の検査で帰国、田中達也も前年に受けた手術の際に埋め込んだボルトの除去手術を受け離脱をした影響で不慣れな1トップのFWとして起用されたが、2007年元日に行われた天皇杯決勝G大阪戦で後半42分に決勝点を挙げ、チームを天皇杯連覇に導き、この試合を最後に退任するブッフバルト監督の花道を飾った。
2007年
シーズン開幕前にヴァンフォーレ甲府から獲得オファーを受けるが、監督が変わることを理由に残留を選択。新監督として就任したホルガー・オジェックからは、FWとしてのフリーランニングや囮の動きを第一に考えることを求められた。それまでのドリブル重視のプレースタイルからは変化したが、オジェック監督の信頼を得た永井は一貫してFWで起用された。
リーグ戦での得点数こそ6点だったが、開幕戦の横浜FC戦、天王山のG大阪戦、過密日程の間の横浜F・マリノス戦で決勝点を挙げるなど、記憶に残るゴールを挙げた。
11月14日に行われたAFCチャンピオンズリーグ2007決勝でも先制点を決め、大会MVPに選出された。12月10日のFIFAクラブワールドカップ準々決勝フーラッド・モバラケ・セパハンFC戦で先制点を挙げ、同大会史上初の日本人得点者となった。
2008年
シーズン途中から就任したゲルト・エンゲルス監督の下ではキープ力と決定力を活かし、トップ下で多彩な能力を発揮。その活躍から4月には代表候補合宿に招集された。シーズン中盤以降、ポンテや田中達也の復帰と共に4番手のFW扱いとなり、更にサッカー観の違いから監督と確執が生じ、マスコミに対しフロント・監督批判ととられる発言をしたため、終盤はほとんど起用されない状態となった。
7月5日のJ1第15節FC東京戦にてJ1通算50得点を記録。
2009年
年末に清水エスパルス、ヴィッセル神戸、ジェフユナイテッド市原・千葉から獲得オファーを受け、1月7日、12年間過ごした浦和から清水へ完全移籍することが両チームから発表された。なかなかレギュラーに定着できずにいたが、10月31日の天皇杯3回戦 コンサドーレ札幌戦において、移籍後初得点を含む2得点を記録。
2011年
3年間在籍した清水から戦力外通告を受ける。
2012年
横浜FCへ移籍。
2013年
契約満了に伴い、横浜FCを退団した。
2014年
関西1部のアルテリーヴォ和歌山へ完全移籍し、主にトップ下でプレーした。契約満了に伴い1年で退団。
2015年
ザスパクサツ群馬の練習生を経て、2月12日に入団が発表された。2017年で契約満了に伴い退団。
2018年
神奈川県1部のFIFTY CLUBへ加入した。
2020年
神奈川県2部のはやぶさイレブンへ加入した。
2022年
選手兼任監督に就任 し、関東2部に昇格した。
2023年
埼玉県3部（北部）のKONOSU CITY FCの選手兼任監督に就任し、埼玉県2部に昇格した。
2024年
埼玉県1部に昇格した。契約満了により退団。
2025年
選手兼監督として大森FCに加入した。
2026年
ザスパクサツ群馬のアカデミーダイレクター兼U-18監督への就任が発表された。その後の2月27日、クラブアンバサダー就任も発表された。",grassroots_club,三菱養和SC→レッズ→留学
29413,桑原 海人,Kaito KUWAHARA,b,桑原海人,j_club_academy,j_club_academy,overseas_relocation_language_no_domestic_institution,"小学校時代は三宅SSCでプレーし、小学校3～6年次にはFCバルセロナスクール福岡校に通った。また小学校6年次、アビスパ福岡のスクールにも通い始め、中学校からはアビスパ福岡U-15に所属。2016年、U-16日本代表に継続的に選出されて海外遠征に参加したが、十分なアピールをすることはできず、同年9月のAFC U-16選手権はメンバー外となった。アビスパ福岡U-18所属時の2017年夏には、3週間のブラジル留学を経験。2018年3月、トップチームに2種登録された。
2019年にトップチームへ昇格した。7月3日、天皇杯2回戦の鹿児島ユナイテッドFC戦でトップチームデビュー。2020年9月30日、J2第23節の栃木SC戦でスタメン出場しJリーグデビューを飾った。
2021年8月31日、レノファ山口FCへ育成型期限付き移籍。
2022年10月26日、移籍期間終了及び移籍元クラブであるアビスパ福岡との契約満了を発表。2日後の11月28日、カンセキスタジアムとちぎで行われたJリーグ合同トライアウトに出場した。
2023年1月10日、JFLの鈴鹿ポイントゲッターズに移籍加入。
2024年12月4日、鈴鹿を退団。
2025年2月21日、ミネベアミツミFCへの移籍を発表。",,確認
3152,高木 純平,Jumpei TAKAKI,b,高木純平,unknown,,no_institution_keyword_found,"2009年5月17日の大分トリニータ戦（アウトソーシングスタジアム日本平）で、J1通算100試合出場を達成。
2015年9月26日のベガルタ仙台戦（ＮＤソフトスタジアム山形）で、Jリーグ通算200試合出場を達成。
2017年12月、現役引退が発表された。",unknown,No Information cnfirmed
32591,川﨑 修平,KAWASAKI Shuhei,b,川﨑修平,unknown,,no_institution_keyword_found,"2019年、トップチームに2種登録され、U-23チームとしてJ3リーグで出場機会を得た。11月4日、J3第29節のSC相模原戦でJリーグ初得点を決めた。11月7日、G大阪と2020年からの昇格選手として仮契約を結ぶことを発表した。
2020年8月12日、若手選手中心で臨んだルヴァンカップGL第3節の湘南ベルマーレ戦で初スタメンでトップチーム初出場を果たした。9月5日、U-23チームでの活躍が評価され、J1第14節のベガルタ仙台戦でメンバー入りし、途中出場からJ1初出場を果たした。9月11日、直近のJ3リーグ戦で5得点3アシストの活躍をしたことやアグエロを彷彿とさせるドリブルや決定力などが評価され、「2020明治安田生命 KONAMI 月間MVP」の8月度選手のJ3部門を受賞した。11月29日、第30節のサガン鳥栖戦でJ1初先発を果たした。
2021年7月7日、ACLグループステージのタンピネス・ローバースFC戦において、トップチーム初得点を含むプロ入り初のハットトリックを決めた。

2021年8月、ポルトガルのポルティモネンセSCに完全移籍で加入した。

2023年1月8日、ヴィッセル神戸に期限付き移籍で加入する事が発表された。9月3日、第26節の京都サンガF.C.戦でリーグ戦今季初スタメンに抜擢され、J1初得点を決めて勝利に貢献した。

2023年のJリーグシーズン終了後、ポルティモネンセSCに復帰。

2023-24シーズン終了後、ラトビア1部のヴァルミエラFCに期限付き移籍。

2025年3月31日、J1・東京ヴェルディに期限付き移籍で加入が発表された。
2026年1月6日、東京ヴェルディとの契約満了を発表。

2026年3月26日、J3の奈良クラブへの完全移籍を発表。",unknown,No Information cnfirmed
44160,福井 悠人,Eugene FUKUI,b,福井悠人,unknown,,no_institution_keyword_found,2021年6月18日、2022年シーズンからのカマタマーレ讃岐加入内定、並びに特別指定選手認定が発表された。7月10日、J3第15節のヴァンラーレ八戸戦で途中出場し、Jリーグデビューを果たした。,unknown,No Information cnfirmed
44638,松田 隼風,Hayate MATSUDA,b,松田隼風,unknown,,no_institution_keyword_found,"2019年には第74回国民体育大会サッカー競技・少年男子で静岡県代表として出場し、優勝を果たした。2021年9月、2022年シーズンからの水戸ホーリーホック加入内定、並びに特別指定選手承認が発表された。
2023年6月8日、レギオナルリーガに所属するハノーファー96 IIへの期限付き移籍が発表された。水戸ホーリーホックとハノーファー96の間で締結された育成業務提携に基づくものとなる。
2シーズンに渡ってハノーファー96 IIで主力としてプレーしたことを受け、2025年6月19日にハノーファー96へ完全移籍し、2025年7月1日から2028年6月30日までの3年契約を締結したことが発表された。",unknown,No Information cnfirmed
44757,津覇 実樹,TSUHA Jitsuki,b,津覇実樹,unknown,,no_institution_keyword_found,小学3年生より中原FCでサッカーを始め4年時に県制覇。,grassroots_club,grass
45106,落合 陸,OCHIAI Riku,b,落合陸,university,university|high_school|j_club_academy,possible_incidental_schooling_around_club_academy,"落合 陸（おちあい りく、1999年5月23日 - ）は、埼玉県川口市出身のプロサッカー選手。Jリーグ・アルビレックス新潟所属。ポジションはミッドフィールダー、フォワード。


== 略歴 ==
柏レイソルのアカデミー出身で、小・中・高の全カテゴリーで背番号「10」を着けて主にトップ下としてプレー。高校3年時に柏とは別のクラブからオファーを受け、プロになることを決断。しかしその話が急きょ破談になり、複数の誘いがあった大学にも時期を逃して入れなかった。


=== VONDS市原 ===
浪人中にプレーできるチームを探して関東サッカーリーグのVONDS市原に加入。しかし1年で退団し、「1年遅れでも来てほしい」と誘われた東京国際大学に進学を果たした。大学入学後はボランチに転向し、3年時には全日本大学選抜に選出された。


=== 柏レイソル ===
2021年10月、2023年シーズンからの柏レイソル加入内定が発表された。2022年シーズン開幕直前に特別指定選手に認定され、同年2月23日のYBCルヴァンカップGS第1節・京都サンガF.C.戦でトップチームデビューした。
2023年6月7日、天皇杯2回戦・山梨学院大学PEGASUS戦でプロ初得点を記録し、チームの勝利に貢献した。同年6月10日、J1第17節・横浜F・マリノス戦で途中出場し、Jリーグ初出場を果たした。


=== 水戸ホーリーホック ===
2024年、水戸ホーリーホックに期限付き移籍で加入した。


=== アルビレックス新潟 ===
2025年、アルビレックス新潟に完全移籍で加入した。


=== 大分トリニータ ===
2025年8月、大分トリニータに期限付き移籍で加入した。


== 所属クラブ ==
尾間木SSS（川口市立木曽呂小学校）
柏レイソルU-12（川口市立木曽呂小学校）
2012年 - 2014年 柏レイソルU-15（川口市立北中学校）
2015年 - 2017年 柏レイソルU-18（日本体育大学柏高等学校）
2018年  VONDS市原
2019年 - 2022年 東京国際大学
2022年  柏レイソル （特別指定選手）
2023年 - 2024年  柏レイソル
2024年  水戸ホーリーホック (期限付き移籍)
2025年 -  アルビレックス新潟
2025年8月 - 同年12月  大分トリニータ (期限付き移籍)


== 個人成績 ==

2022年は特別指定選手
出場歴
Jリーグ初出場:2023年6月10日 J1第17節 横浜F・マリノス戦（日産スタジアム）
Jリーグ初得点:2024年4月13日 J2第10節 栃木SC戦（ケーズデンキスタジアム水戸）


== 代表歴 ==
2022年 U-23日本代表
カンボジア遠征


== タイトル ==
個人
関東大学サッカーリーグ戦2部・ベストイレブン: 2021年
関東大学サッカーリーグ戦1部・ベストイレブン: 2022年


== 脚注 ==


== 関連項目 ==
特別指定選手としてJリーグクラブに登録された選手一覧
柏レイソルの選手一覧
VONDS市原の選手一覧
水戸ホーリーホックの選手一覧
アルビレックス新潟の選手一覧
大分トリニータの選手一覧


== 外部リンク ==
落合陸 - Soccerway.com (英語)
落合陸 - Soccerbase.comによる選手データ (英語)
落合陸 - FootballDatabase.eu (英語)
落合陸 - WorldFootball.net (英語)
落合陸 - Transfermarkt.comによる選手データ (英語)
落合陸 - J.League Data Siteによる選手データ
落合陸 - playmakerstats.com (英語)
落合陸 (@riku_ochiai) - Instagram",university,大学進学を逃す User confirmed 2026-07-07 after own detailed check: university is the correct terminal stage.
49330,下田 栄祐,SHIMODA Yoshihiro,b,下田栄祐,unknown,,no_institution_keyword_found,"2022年9月19日、2023年シーズンよりトップチームに昇格することが発表された。

2022年12月13日、J2に所属するいわきFCへ育成型期限付き移籍することが発表された。なお、移籍期間は2年間（2023年2月1日から2025年1月31日）。また、この移籍は両チームの提携による移籍。いわきFCは「2年間の移籍期間で選手の成長を最大限に後押しすることで、若手選手育成の新しいモデルとなることを目指す」と公式サイトを通じて発表している。

2025年、鹿島アントラーズに復帰。

2025年12月29日、栃木シティへ期限付き移籍で加入することが発表された。

2026年6月23日、高知ユナイテッドSCへ期限付き移籍での加入が発表された。",unknown,No Information cnfirmed
49639,行德 瑛,GYOTOKU Ei,b,行德瑛,unknown,,no_institution_keyword_found,"2022年10月4日、2023年シーズンからの名古屋グランパス加入が内定し、2022年11月25日、ASローマとの親善試合で同じく加入内定者であった榊原杏太、倍井謙らと共にトップチームデビューを果たした。
2023年5月24日、ルヴァンカップ・グループステージのヴィッセル神戸戦でプロデビューを飾った。
2024年7月、AC長野パルセイロへ育成型期限付き移籍。",unknown,No Information cnfirmed
49642,近藤 壱成,KONDO Issei,b,近藤壱成,unknown,,no_institution_keyword_found,"2022年3月に行われたデンソーカップチャレンジサッカーにて、優勝に貢献。大会MVPを獲得。
2022年11月30日、2023シーズンよりジェフユナイテッド市原・千葉への加入が発表された。しかし出場機会はなかった。
2024年、ザスパ群馬に完全移籍。",unknown,No Information cnfirmed
49782,横山 夢樹,YOKOYAMA Yumeki,b,横山夢樹,unknown,,no_institution_keyword_found,"憧れの選手は香川真司。
2023年4月にFC今治に、特別指定選手として登録。
2024年にFC今治へ加入。
2024年3月3日のJ3リーグ第2節のツエーゲン金沢戦でプロデビュー、第4節のY.S.C.C.横浜戦でプロ初ゴール。
2025年12月26日、セレッソ大阪へ完全移籍。香川真司からのアドバイスでいつドリブルを発揮するのか、シュートへの意識やポジショニングについてアドバイスを受けた。J1百年構想リーグで2試合連続2得点。",unknown,No Information cnfirmed
54724,端野 拓馬,Takuma HASHINO,b,端野拓馬,unknown,,no_institution_keyword_found,2023年12月15日、YSCC横浜から加入内定が発表された。,unknown,No Information cnfirmed
5774,藤ヶ谷 陽介,Yosuke FUJIGAYA,b,藤ヶ谷陽介,high_school,high_school|j_club_academy|grassroots_club,possible_incidental_schooling_around_club_academy,"幼少時は父親の影響で野球をやっていた。小学校3年次に中ノ町小学校へ転校したが中ノ町サッカースポーツ少年団の指導者でもあった担任教員に誘われてサッカーを始める。同少年団ではフォワードからゴールキーパーまで全てのポジションを経験した。小学校4年次には浜松市の選抜チームである浜松JFCにゴールキーパーとして選出され、以後重要な試合の際はゴールキーパーとして試合に出た。進学先の天竜中学校サッカー部以降はゴールキーパーに専念。中学生の頃は静岡県西部選抜にも選抜され少しずつゴールキーパーとしてプレーする面白さを感じたという。
中学校卒業後は磐田東高等学校に入学しサッカー部に入部。同級生のひとりに古橋達弥がいた。藤ヶ谷は後年インタビューにて、高校時代にゴールキーパーとしての基本や考え方を教えてもらったと語っている。

1999年、J2のコンサドーレ札幌に入団。サッカー部監督の伝手でJリーグクラブに練習参加し、そのうち唯一獲得のオファーがあったのが札幌であった。同年10月31日のJ2第33節（対戦相手: 川崎フロンターレ）にて74分に佐藤洋平が退場処分を受けた事に伴う途中交代でJリーグデビュー。その後しばらくは出場機会が多くはなかったもののU-18日本代表に選出されている。2003年からは佐藤に代わりレギュラーに定着した。
ユース代表としては、2000年のアジアユース、2001年のワールドユースともにU-19、U-20日本代表のレギュラーとして日本代表のゴールマウスを守った。
2005年にガンバ大阪に移籍した。背番号は22。当初はベンチに座る日々が続いたが、正GKだった松代直樹の故障もあって、この年のシーズン後半からレギュラーとなり、G大阪のリーグ初優勝に貢献した。その後も松代と熾烈なレギュラー争いを繰り広げたが、毎年コンスタントに20試合以上に出場した。
松代が引退した2010年からは背番号を1に変更。移籍後初のリーグ戦全試合フル出場を果たし、名実ともに正GKに定着した。G大阪の公式応援番組『GAMBA TV〜青と黒〜』の年末特別企画『GAMBA TV アウォーズ』では、選手とサポーターが選ぶ影のMVPに選出された。2011年も2年連続で公式戦全試合にフル出場した。
しかし、2012年は開幕から不安定なプレーを露呈。4月28日の鹿島アントラーズ戦では、遠藤康からのスルーパスをクリアできず空振りし、大迫勇也にゴールを許したミスを含めて5失点で大敗すると、5月6日の大宮アルディージャ戦からは木村敦志にレギュラーを奪われた。6月26日に木村が負傷離脱した後は再びレギュラーに戻るも、28試合出場で58失点を喫し、リーグ戦17試合以上に出場したGKの中で最低のセーブ率を記録するなどシーズン通して安定感の欠ける1年となり、チームも終始低迷。最終節のジュビロ磐田戦で敗れ、J2降格が決まった。
2013年は、公式戦全試合にスタメンフル出場しガンバのJ1復帰に貢献。シーズン終了後、契約満了に伴い9年間プレーしたガンバからの退団が発表された。
2014年、川口能活が抜けた地元のジュビロ磐田へ完全移籍。移籍後は開幕からスタメンを掴んだが、第8節の横浜FC戦からは八田直樹がスタメンとなり控えとなった。第16節ファジアーノ岡山FC戦では八田の負傷により後半開始から9試合ぶりに出場するものの、翌第17節の水戸ホーリーホック戦から再び控えに回り、結局最後まで出場機会は訪れなかった。
2015年、河田晃兵の移籍と木村敦志の引退により、新たに控えGKを探していた古巣のG大阪からオファーを受け、1月15日に2年ぶりとなる復帰が発表された。リーグ戦の出場は正ゴールキーパー東口順昭が負傷交代したことで投入された1試合のみで、他は東口が日本代表に招集されて不在だったナビスコカップ4試合とスルガ銀行CSに出場した。ただほとんどの試合にはベンチ入りしており、緊急時に出場した際も安定感あるプレーを見せた。
2016年もJ1リーグ戦は東口の控えで出場機会はなかった。この年のトップチームでの出場は、敗退が決まったACLグループステージ最終戦のアウェイ・メルボルン・ビクトリーFC戦と東口が日本代表招集で不在のルヴァンカップ準々決勝～準決勝の4試合に出場し、3大会連続決勝進出に貢献。天皇杯4回戦、準々決勝の2試合にも出場し計7試合に出場。さらにこの年J3に発足したガンバ大阪U-23ではOA枠でリーグ戦4試合に出場。
2017年、3月19日のJ1第4節浦和レッズ戦で東口の負傷離脱によりスタメン出場し、2012年J1最終節以来となる5年ぶりのJ1先発を果たす。無失点で抑えていたが後半途中で負傷し、控えにいた第3GKの田尻健がJ1デビューする形で交代した。ターンオーバーで臨んだ6月21日の天皇杯2回戦のヴェルスパ大分戦で先発し、実戦復帰した。その後15年・16年と同様、東口が代表招集で不在となったルヴァンカップ準々決勝～準決勝の計4試合に出場。しかし10月8日の準決勝第2戦のホーム・セレッソ大阪戦で終了間際に勝ち越しを許し4大会連続の決勝進出はならず、この敗戦でこの年のチームの無冠が確定してしまう悔しい試合となった。結局この試合が自身にとって現役最後の試合となった。
2017年11月29日、現役を引退することを発表した。2018年１月15日ガンバ大阪ジュニアユースコーチ就任を発表した。2026年よりトップチームアシスタントGKコーチに就任。",,確認
61692,箱崎 達也,HAKOZAKI Tatsuya,b,箱崎達也,unknown,,no_institution_keyword_found,"2024年10月、2025年からのFC岐阜への加入内定を発表。
2025年2月16日、J3リーグ第1節・FC大阪戦に途中出場し、Jリーグデビューを飾った。
2026年1月10日、入籍を発表した。",unknown,No Information cnfirmed
61738,井波 勇太,INAMI Yuta,b,井波勇太,unknown,,no_institution_keyword_found,"2024年8月29日に2025年からヴァンラーレ八戸への加入が発表された。
2025年2月23日のFC岐阜戦でJリーグ初出場を果たし、3月9日のSC相模原戦でJリーグ初ゴール。",unknown,No Information cnfirmed
6824,内田 智也,Tomoya UCHIDA,b,内田智也,unknown,,no_institution_keyword_found,"ルーキーイヤーの2002年のJ2第6節で早速デビューし、堂々としたプレーを披露。当時の信藤健仁監督は「いい財産を手に入れた」と高い評価をした。
サッカー雑誌「サッカーJ+」の「2006年に注目する選手6人」に田代有三（鹿島アントラーズ）・中田洋介（ベガルタ仙台）、兵働昭弘（清水エスパルス）、徳永悠平（FC東京）、中村北斗（アビスパ福岡）らと共に選ばれる。（）内の所属はいずれも当時。
横浜FCのチームメイトだった北村知隆は四日市中央工高の先輩にあたり、また、同じく横浜FCのチームメイトであった吉武剛とは共に三重県出身ということで仲が良い。それぞれのブログに度々登場する。
2017年9月に現役を引退し、横浜FCの事業部員として勤務すると発表された。",unknown,No Information cnfirmed
7730,増田 誓志,Chikashi MASUDA,b,増田誓志,unknown,,no_institution_keyword_found,"2004年に鹿島アントラーズへ入団。同年5月2日の神戸戦がリーグ戦デビューとなり、同試合でリーグ初得点を挙げた。
2006年にパウロ・アウトゥオリ監督が就任するとボランチで起用される機会が増えたが、フェルナンドの負傷からの復帰や中後雅喜の台頭に伴いレギュラーポジションを確保するには至らなかった。
2007年にオズワルド・オリヴェイラが監督に就任すると鹿島は2009年シーズンまで3年連続のリーグ戦優勝を達成する。しかし増田自身はボランチでは小笠原満男、青木剛、中田浩二、攻撃的MFでは野沢拓也、本山雅志らの牙城を崩せず、厚い選手層に阻まれ出場機会が減少していった。
2010年1月6日、出場機会を求め、田代有三と共にモンテディオ山形へ期限付き移籍。
移籍後は増田の守備能力の問題で出場機会に恵まれなかったものの、シーズン途中にチームのフォーメーションが変更されてからは左セントラルMFでプレーする様になり、前線へ得意のラストパスを供給する司令塔としてレギュラーとなった。
2011年シーズンは鹿島に復帰。チームは本田拓也を補強し激しいポジション争いが予想されたが、シーズン途中からボランチのスタメンレギュラーを確保。
2012年シーズンは鹿島の選手会長就任、メインスポンサーの常陽銀行イメージキャラクターへの抜擢など中心選手としての活躍が期待されていたが、リーグ戦が開幕すると出場機会が大幅に減少し、ベンチ入りすらままならない時期も過ごした。

2013年、韓国・Kリーグの蔚山現代FCへ完全移籍。
2014年シーズン途中より大宮アルディージャに期限付き移籍で加入した。だが大宮はJ2に降格することになった。12月13日、大宮との契約満了を発表した。
2015年、大宮へのレンタル移籍から蔚山現代へ復帰。
2017年1月、アラビアン・ガルフ・リーグのアル・シャールジャSCCへ完全移籍。

2017年8月、清水エスパルスへ完全移籍。13日、J1第22節・対柏レイソル戦で後半30分に金子翔太と交代で移籍後初出場する。25日のトレーニング中に受傷し、30日に静岡市内の病院にて検査を行ったところ左ハムストリングス肉離れと診断された。12月2日、J1第34節・対ヴィッセル神戸戦で前半26分に移籍後初得点となるボレー弾を叩き込み、3-1の逆転勝利に貢献。最終節までヴァンフォーレ甲府と残り1つの残留枠を争っていた清水のJ1自力残留にも貢献した。

2019年1月、韓国・Kリーグ2のソウルイーランドFCへ期限付き移籍。蔚山現代以来3シーズンぶりに韓国でプレーをすることになる。12月11日、現役を引退する事を発表した。

引退後は山形市で飲食店「韓国酒場 チャン」を経営している。

2007年、北京オリンピックに向けた日本代表において予選では主力として活躍したが、翌年の本大会のメンバーには選出されなかった。
2011年7月28日、日本代表候補トレーニングキャンプメンバー（8月1日-3日、札幌）に初選出される。
2012年2月24日、キリンチャレンジカップ・アイスランド戦で代表初出場を果たした。",unknown,No Information cnfirmed
9750,廣瀬 智靖,Tomoyasu HIROSE,b,廣瀬智靖,unknown,,no_institution_keyword_found,2016年1月、現役を引退。翌2月にアパレル販売のトゥモローランドに入社。これまでにショップスタッフとしてルミネ有楽町店や日本橋高島屋S.C.店で勤務している。,unknown,No Information cnfirmed
10960,奥田 達朗,Tatsuro OKUDA,c,奥田達朗,unknown,,no_institution_keyword_found,"2011年にサガン鳥栖に加入。同年7月10日に行われたカターレ富山戦でJリーグデビュー。鳥栖では、1年目からサポーターナンバーとされることが多い背番号12を着用し、2015年のJリーグにおいては、唯一背番号12を着用している選手であった。2015年シーズン終了後に契約満了により鳥栖を退団。
2016年にジュビロ磐田に移籍したが、シーズン終了後に退団。
2017年1月6日にV・ファーレン長崎への完全移籍が発表された。2018年シーズン終了後、契約満了により退団。同年12月13
日、フクダ電子アリーナで行われたJリーグ合同トライアウトに出場した。
2019年2月、高知ユナイテッドSCへの加入が発表された。
2020年、高知ユナイテッドSCを退団。
2021年、奈良クラブに移籍。しかしわずか1年で退団となった。",unknown,No Information cnfirmed
11029,阿波加 俊太,Shunta AWAKA,c,阿波加俊太,unknown,,no_institution_keyword_found,"2012年11月18日に北海道コンサドーレ札幌のトップチームへの昇格が発表された。
2014年、SC相模原へ育成型期限付き移籍。李昊乗の負傷により札幌のGK陣が手薄となったことから、同年5月31日、契約を解除して札幌への復帰が両クラブより発表された。阿波加は翌日6月1日のJ3第14節FC琉球戦（ギオンス）にSC相模原所属として後半途中からJリーグ初出場を果たし、6月3日の練習より札幌に復帰合流した。
2015年6月16日にJFLのHonda FCに育成型期限付き移籍となった。
2016年、札幌に復帰。
2017年4月、愛媛FCに育成型期限付き移籍。12月29日、育成型期限付き移籍満了により札幌に復帰した。
2022年3月29日、鈴鹿ポイントゲッターズに完全移籍。しかし4月3日の東京武蔵野ユナイテッドFC戦で左膝前十字靭帯断裂で全治9ヶ月の大けがを負った。
2023年、鈴鹿ポイントゲッターズを退団。
2024年、北海道コンサドーレ札幌に復帰することが発表された。シーズン開始直後に菅野孝憲が怪我により離脱したため、練習での好調を評価され、第3節・浦和レッズ戦で先発に抜擢、J1デビューを果たした。しかしその後は正GK定着には至らず、シーズン終了をもって契約満了が発表された。
2025年1月10日、北海道コンサドーレ札幌の公式より現役引退を発表。今後は一般法人コンサドーレ北海道スポーツクラブのスクールコーチに就任することも同時に発表された。",unknown,No Information cnfirmed
11317,和田 倫季,Tomoki WADA,c,和田倫季,unknown,,no_institution_keyword_found,"2013年シーズンよりヴィッセル神戸のトップチームへ昇格。J3のJリーグ・アンダー22選抜のメンバーとして試合に出場。
2015年7月31日、Kリーグクラシック・仁川ユナイテッドFCへ期限付き移籍。2016年1月、神戸との契約が満了となり退団した。
2016年より同リーグの光州FCに完全移籍。2017年7月27日、兄・篤紀のいる韓国・KリーグチャレンジのソウルイーランドFCに移籍。
2018年4月、関西リーグ2部のレイジェンド滋賀FCに加入。同年12月、退団が発表された。
2019年、オーストラリア・イラワラプレミアリーグのコリマル・レンジャーズFCに移籍。
2022年7月、インドネシア・リーガ1のTIRA ペルシカボに移籍。
2023年、オーストラリア・ナショナル・プレミアリーグ・ビクトリアのエイボンデールFCに移籍。
2024年、タンジョン・パガー・ユナイテッドFCに移籍。",unknown,No Information cnfirmed
11324,永坂 勇人,Yuto NAGASAKA,c,永坂勇人,unknown,,no_institution_keyword_found,"2012年11月18日に北海道コンサドーレ札幌のトップチームへの昇格が発表された。背番号は29。
2013年7月4日、タイのコーンケンFCへ期限付き移籍。
2017年7月17日、水戸ホーリーホックへ期限付き移籍。2018年シーズン終了後、契約満了により札幌・水戸両クラブから退団が発表された。
2019年7月26日、北海道十勝スカイアースへ加入すると発表された。
2023年1月21日、同13日に札幌市内の病院にて、左足関節遊離体摘出と外側靱帯再建術の手術を行い、無事に完了したことが北海道十勝スカイアースから発表された。
2023年シーズンを最後に現役を引退し、北海道十勝スカイアース強化部兼スクールコーチに就任した。",unknown,No Information cnfirmed
11361,山之内 優貴,Yuki YAMANOUCHI,c,山之内優貴,unknown,,no_institution_keyword_found,"鹿児島実業高校3年次には、ナイキのスカウトプロジェクト「THE CHANCE」で第2次選考（26人）まで残った経歴を持つ。
その後はJ1・J2各クラブの練習に参加していたが、2013年にギラヴァンツ北九州に入団。
2015年4月から東海リーグ1部のFC鈴鹿ランポーレに期限付き移籍。シーズン終了後に北九州を契約満了になり、同年12月28日に大分トリニータへの加入が発表された。
2017年からアルビレックス新潟シンガポールに完全移籍により加入した。2018年1月1日に現役引退を自身ツイッターより発表した。",high_school,高校
11504,波夛野 寛,Hiroshi HATANO,c,波夛野寛,unknown,,no_institution_keyword_found,2014年をもって現役を引退し、2015年-2018年はカマタマーレ讃岐のクラブスタッフ（運営）を務めた。2019年からは京都パープルサンガのクラブスタッフ（企画課）に移り、ツイッター上で開催された裏イケメンスタッフ総選挙1位に輝いた。,unknown,No Information cnfirmed
1684,加藤 竜二,Ryuji KATO,c,加藤竜二,jfa_academy,jfa_academy|j_club_academy,overseas_relocation_language_no_domestic_institution,"東邦チタニウム、東京ガス、PJMでそれぞれ正GKとしてプレー。
1995年にJリーグ昇格元年の柏レイソルへ加入。昇格に貢献した土肥洋一からポジションを奪いレギュラーを掴んだ。同年シーズン終盤に土肥が再台頭して以後は第2GKとなったが、明るい性格でチームを盛り立てた。
1998年、コンサドーレ札幌へ移籍。1999年、シーズン終了を待たずチームから離脱し、ブラジルへ短期留学。帰国後2000年よりサンフレッチェ広島へ加入。2002年5月に広島を退団 して佐川急便東京へ移籍し、正GKとして活躍した。
2005年、九州リーグ・ロッソ熊本（現 ロアッソ熊本）へ加入。守護神としてほとんどの試合に出場し、日本フットボールリーグ昇格に貢献した。2006年にGKコーチ就任。2007年までの2年間は選手兼任だった。2008年にA級ジェネラルライセンス取得。
2014年4月、ロアッソ熊本の3人の登録GKのうち畑実及び永井建成の負傷によって出場可能GKが金井大樹だけになり、控えGKが居なくなったことから 急遽選手登録され、7年ぶりの現役復帰となった。リーグ戦出場となれば1998年にハーフナー・ディドが記録したGKとしてのJリーグ最年長出場記録を塗り替える快挙であったが、チームは仙台からシュミット・ダニエルを期限付き移籍によって獲得し、八木大政を2種登録することによってGK不足を解消したため、同月25日に登録抹消。1試合にベンチ入りしたのみで再びGKコーチに戻ることになった。同年をもって双方合意の上で退団。
2015年、JFAアカデミー福島女子のゴールキーパーコーチに就任。2017年、JFA S級コーチライセンス取得。",unknown,アカデミー記載は現役引退後のコーチキャリア
18987,半田 優希,Yuki HANDA,c,半田優希,unknown,,no_institution_keyword_found,"神村学園高等部では中心選手として活躍し、2014年2月、モンテネグロ1部リーグのOFKグルバリ・ラダノヴィチへ加入。欧州挑戦のため同年1月中旬からグルバリのキャンプに参加し、トレーニングマッチにおける好プレーが評価され、契約に至った。
2015年9月、SC相模原へ完全移籍で加入した。2016年シーズン終了後、契約満了に伴い退団。
2017年、FC刈谷へ移籍加入。同年6月21日、退団が発表された。",high_school,高校
19184,山川 デション諒,Desheun Ryo YAMAKAWA,c,山川デション諒,unknown,,no_institution_keyword_found,"小学校4年生でサッカーを始め、前原高校2年次にはブラジルでのサッカー留学を経験した。
2016年より、FC琉球へ加入。2017シーズン限りで契約満了に伴い退団。",high_school,高校
19476,野田 樹,Tatsuki NODA,c,野田樹,unknown,,no_institution_keyword_found,"2017年よりヴィッセル神戸のトップチームに昇格。当初はヴィッセルに登録されていたが、2月4日、FC今治にレンタル移籍が決定した。シーズン終了後、ヴィッセル神戸に復帰した。
2018年8月29日、カターレ富山に育成型期限付き移籍で加入。2018年12月30日、2019年も富山への育成型期限付き移籍期間延長することが発表された。
2019年5月に左膝前十字靭帯損傷及び外側半月板損傷で全治8ヶ月のけがを負った。
2019年にヴィッセル神戸、カターレ富山との契約満了を発表。
2020年はどこにも所属せず、2021年1月に関東サッカーリーグ1部のVONDS市原に加入、2022年末で契約が満了。
2023年1月31日、おこしやす京都ACへの移籍が発表された。",unknown,No Information cnfirmed
23214,森 俊介,Shunsuke MORI,c,森俊介,unknown,,no_institution_keyword_found,"2016年11月16日、同年に天皇杯で対戦したアルビレックス新潟への入団が発表された。
2018年、東京ヴェルディへ期限付き移籍。同年6月23日、栃木SC戦で初先発で出場し、前半31分、右サイドからのカットインからのシュートを決めてJリーグ初ゴールをマークした。シーズン終了後に新潟へ復帰した。2020年12月15日、契約満了による退団が発表された。
2021年、奈良クラブへ加入した。
2022年シーズンは、左ウインガーとして活躍。チームのJFL優勝、J3昇格に主力選手として貢献した。同年12月15日には来季に向けた契約も更新、自身も3シーズンぶりのJリーグ復帰を確定させた。
2018年一般女性と結婚。
2023年11月22日、引退を発表。",unknown,No Information cnfirmed
29318,伊藤 遼哉,Ryoya ITO,c,伊藤遼哉,j_club_academy,j_club_academy,overseas_relocation_language_no_domestic_institution,"東京生まれで幼稚園からサッカーを始めた。7歳から12歳までシドニーに在住。2010年にはスイスに移住し、FCチューリッヒ、グラスホッパー・クラブ・チューリッヒのユースチームでプレー。その後は、バイエルン・ミュンヘンの下部組織に入団して、2014年8月12日にシャルケ04のU-17チームに移籍し、デビュー戦でゴールを決めるなど活躍した。2016年7月にはフォルトゥナ・デュッセルドルフへと移籍した。
2018年、Jリーグ・サガン鳥栖に加入。2019年6月、海外再挑戦を目的にクラブと合意の元契約解除。同年8月、ドイツ4部に相当するレギオナルリーガ・ノルト（北部）のSSVイェッデローに加入。
2020年1月31日、バイエルンリーガ・ズュート（南部）（ドイツ5部）のTSV 1880ヴァッサーブルクに加入。2020年6月15日、レギオナルリーガ・ヴェスト（西部）のSFロッテに加入を発表。2021年6月、レギオナルリーガ・ヴェストのSV リップシュタットに移籍。
2022年現在はエージェント企業に代理人として所属している。中野伸哉や福井太智を顧客に持ち、福井のFCバイエルン・ミュンヘン移籍を手掛けた。",,海外クラブ下部組織で育成＞j clubのママとする
32469,志村 謄,Noboru SHIMURA,c,志村謄,unknown,,no_institution_keyword_found,"2015年3月にモンテネグロ1部リーグのFKベラネに入団。8月にFKモルナルに移籍。
2016年8月にFKスティエスカ・ニクシッチに移籍。
2017年7月、セルビア1部リーグのFKスパルタク・スボティツァに移籍した。
2019年より、FC町田ゼルビアへ期限付き移籍で加入。",unknown,No Information cnfirmed
32491,工藤 大雅,Taiga KUDO,c,工藤大雅,unknown,,no_institution_keyword_found,2019年、大分トリニータトップチームに2種登録。8月14日に天皇杯3回戦で途中出場でトップチームデビューを果たした。,unknown,No Information cnfirmed
32617,大串 昇平,OGUSHI Shohei,c,大串昇平,unknown,,no_institution_keyword_found,2024年11月、2025年からのFC岐阜への加入内定を発表。,unknown,No Information cnfirmed
32745,平田 海斗,Kaito HIRATA,c,平田海斗,j_club_academy,j_club_academy,overseas_relocation_language_no_domestic_institution,"藤岡第二小SC、高崎FCを経て、水戸ホーリーホックユースへ加入。2017年夏、ブラジル留学を経験した。2019年9月、トップチームに2種登録された。
2020年より、トップチームへ昇格した。7月4日、J2第3節のジェフ千葉戦で途中出場しプロデビュー。
2021年8月、ラインメール青森に育成型期限付き移籍。
2022年、水戸、青森ともに契約満了。同年11月28日、カンセキスタジアムとちぎで行われたJリーグ合同トライアウトに出場した。
2023年1月11日、ラインメール青森に完全移籍。
2024年12月4日、青森退団を発表。
2025年2月22日、モンテネグロのFKボケリ・コトルへ移籍することを発表。
2025年6月でFKボケリ・コトルを退団。
2025年8月27日、沖縄SVに加入。",,留学はクラブユース時代 -> J clubのままでOK
37581,吉田 晃,Akira YOSHIDA,c,吉田晃,unknown,,no_institution_keyword_found,"2019年9月14日、名古屋グランパスへの2020シーズンからの加入内定が発表された。
2022年8月、FCマルヤス岡崎へ育成型期限付き移籍したが、この年を以て名古屋、マルヤス共に契約満了となった。同年11月28日、カンセキスタジアムとちぎで行われたJリーグ合同トライアウトに出場した。
2023年、当時関東リーグ1部の栃木シティへ加入。",unknown,No Information cnfirmed
37849,濱口 功聖,Kosei HAMAGUCHI,c,濱口功聖,unknown,,no_institution_keyword_found,"2020年10月2日に、鹿児島ユナイテッドFCより来期加入の内定が発表された。同時に、日本サッカー協会より「2020年JFA・Jリーグ特別指定選手」として認定されたことを発表された（鹿児島ユナイテッドFCにとっては初のJFA・Ｊリーグ特別指定選手）背番号は37。
2022年、九州サッカーリーグに所属するヴェロスクロノス都農へ期限付き移籍。同年11月25日、鹿児島ユナイテッドFCは、期限付き移籍期間満了と契約満了を発表。3日後の11月28日、濱口はカンセキスタジアムとちぎで行われたJリーグ合同トライアウトに出場した。
2023年1月6日、昨シーズン期限付き移籍していたヴェロスクロノス都農へ加入する事が発表された。
2024年末でヴェロスクロノス都農を退団。
2025年よりジェイリースFCに加入。",unknown,No Information cnfirmed
37989,石津 快,Kai ISHITSU,c,石津快,unknown,,no_institution_keyword_found,"2021年1月、鹿児島ユナイテッドFCへの加入内定が発表された。同年8月12日、おこしやす京都ACへの育成型期限付き移籍が発表された。
2022年、鹿児島ユナイテッドFCに復帰。
2023年1月7日、FC徳島（四国サッカーリーグ）へ期限付き移籍することが発表された。",unknown,No Information cnfirmed
44747,山内 彰,Akira YAMAUCHI,c,山内彰,unknown,,no_institution_keyword_found,"2021年9月、2022年からのFC岐阜加入が内定し、特別指定選手として選手登録された。
2022年3月12日、J3リーグ開幕戦のYSCC横浜戦でプロデビュー。
2023年7月、JFLのレイラック滋賀FCへ育成型期限付き移籍。同年12月、所属元の岐阜からの契約満了による退団が発表され、2024年1月12日に滋賀との契約満了も発表された。
2024年、九州サッカーリーグのヴェロスクロノス都農に移籍。",unknown,No Information cnfirmed
45054,佐久間 太一,Taichi SAKUMA,c,佐久間太一,unknown,,no_institution_keyword_found,"2021年8月15日、同期の齋藤来飛とともに、2022年シーズンからのトップチーム昇格が発表された。
2022年3月13日、J2リーグ第4節のツエーゲン金沢戦でトップチームデビューを果たした。
2023年、ヴァンラーレ八戸へ期限付き移籍。
2024年、ジェフユナイテッド千葉に復帰。同年7月10日の天皇杯 JFA 第104回全日本サッカー選手権大会3回戦・FC東京戦で左膝前十字靭帯損傷、左膝内側側副靱帯損傷、左膝内側半月板損傷で全治6ヶ月 - 8ヶ月の重傷を負って7月22日に手術を行った。
2025年1月4日、ジェフユナイテッド千葉を退団することを発表。
2025年5月30日、ボンズ市原へ完全移籍する事が発表された。",unknown,No Information cnfirmed
45084,上笹貫 剣,Mamoru KAMISASANUKI,c,上笹貫剣,unknown,,no_institution_keyword_found,"14歳の時にアメリカ合衆国に渡り、それ以来現地のチームでプレー。
2022年1月22日、いわてグルージャ盛岡加入が発表された。6月22日、天皇杯3回戦のアビスパ福岡戦で途中出場し、プロデビューを果たした。
2025年1月1日、いわてグルージャ盛岡は上笹貫のUDオリヴェイレンセへの移籍を発表。1月24日、オリヴェイレンセも上笹貫の加入を発表した。背番号は32。
2025年8月20日、横河武蔵野FCへの加入を発表。12月24日に横河武蔵野FCを退団することを発表。
2026年、東北社会人サッカーリーグ1部のブランデュー弘前FCに加入。",unknown,No Information cnfirmed
45634,濱名 真央,Mao HAMANA,c,濱名真央,unknown,,no_institution_keyword_found,"2022年3月18日、2023年からの松本山雅FC加入内定、ならびに特別指定選手承認が発表された。4月3日、J3リーグ第4節のSC相模原戦でJリーグデビュー。
2024年、アトレチコ鈴鹿クラブに期限付き移籍。
シーズン終了後、松本、鈴鹿共に契約満了。
2025年1月6日、いわてグルージャ盛岡への移籍を発表。",unknown,No Information cnfirmed
49914,高崎 天史郎,TAKASAKI Tenshiro,c,高崎天史郎,unknown,,no_institution_keyword_found,"2023年に、2024年からFC町田ゼルビアに加入と2023年の特別指定選手承認が発表された。
9月4日、Jリーグカップ・アルビレックス新潟戦に途中出場でデビューした。
2025年4月26日、関東サッカーリーグのSHIBUYA CITY FCに育成型期限付き移籍を発表。6月26日に町田に復帰が発表された。",unknown,No Information cnfirmed
54831,郡司 璃来,GUNJI Riku,c,郡司璃来,high_school,high_school|j_club_academy,possible_incidental_schooling_around_club_academy,"高校は、船橋市立船橋高等学校に進学する。どこからも声がかからなかったうえ、寮生活は考えていなかったので、自分の住む千葉県で通える範囲でサッカーの強い学校を希望し、そして、兄が同校のサッカー部OBで身近に感じていたため、同校への入学を決めたという。
その後、全国高等学校サッカー選手権大会で得点を量産し、2021年にU-16日本代表候補、2022年にU-17日本代表、2023年にU-17日本高校選抜候補からU-18日本代表に選出。こうした活躍が認められ、2024シーズンから清水エスパルスに入団することが決まった。
2026年6月22日、レノファ山口FCへの育成型期限付き移籍加入が発表された。",,確認
55282,井上 愛簾,INOUE Aren,c,井上愛簾,unknown,,no_institution_keyword_found,"2024年4月1日、トップチームであるサンフレッチェ広島とのプロ契約締結が発表された。
2026年1月2日、松本山雅FCへの期限付き移籍が発表された。",unknown,No Information cnfirmed
63006,肥田野 蓮治,HIDANO Renji,c,肥田野蓮治,unknown,,no_institution_keyword_found,2025年1月15日、浦和レッズへの2026シーズン加入内定が発表された。2025シーズンは特別指定選手として浦和に帯同。同年11月30日、J1リーグ第37節、ファジアーノ岡山戦にてプロ初出場、プロ初得点を記録した。,unknown,No Information cnfirmed
6517,美尾 敦,Atsushi MIO,c,美尾敦,unknown,,no_institution_keyword_found,"1年間在籍したヴァンフォーレ甲府時代は高卒新人ながらリーグ戦33試合に出場しており、当時まだJ2の弱小チームだった甲府を支えた。
2002年に京都パープルサンガに期限付き移籍、翌年完全移籍。京都に移籍してから2年半はほとんど出場機会がなかったが、2004年シーズン途中に柱谷幸一監督が就任すると一変。柱谷の初采配となった大宮戦で崔龍洙の決勝点をアシスト。続く鳥栖戦ではスコアレスで試合が進む中、終了間際に立て続けに2得点を決め、チームを勝利に導いた。この2試合は途中出場であった。ポジションの重なる松井大輔がオリンピック代表選出や海外移籍のためスタメンの座も手に入れた。また、この時期に京都に移籍した三上卓哉との左サイドでの連携も京都の武器となった。2006年シーズンはJ1初得点も記録したが、控えに回ることが多かった。そして2008年に7季ぶりに甲府へ復帰したものの、2009年から出場機会が半減、シーズン終了後に戦力外通告を受け、退団。
2010年から当時JFL所属のガイナーレ鳥取に加入。同年の公式戦は全試合先発出場、リーグ戦では7得点を挙げチームのリーグ優勝に貢献した。2011年は鳥取のキャプテンを務めた。同年7月のJ2第21節・ザスパ草津戦で自身プロ入り後初、チームJ2参入後初のハットトリックを達成した。2012年はリーグ戦全試合先発出場したが、シーズン終了後に契約非更新で鳥取を退団。
2013年、FC岐阜に移籍。2014年限りで現役を引退｡
2015年、京都サンガF.C.の育成普及部コーチに就任した。
2026年、SC相模原のコーチに就任。",unknown,No Information cnfirmed
70115,田中 幹大,TANAKA Kanta,c,田中幹大,unknown,,no_institution_keyword_found,2025年8月1日、いわきFCへの2026年シーズンより加入内定および「2025年JFA・Jリーグ特別指定選手」に認定が発表された。,unknown,No Information cnfirmed
70204,湯岑 滉生,YUMINE Koki,c,湯岑滉生,unknown,,no_institution_keyword_found,"2025年9月、2026年からのFC岐阜への加入内定を発表。
2026年5月9日、J2・J3百年構想リーグ第16節・AC長野パルセイロ戦に途中出場しJリーグデビューを果たすと、出場後4分で初得点を決めた。",unknown,No Information cnfirmed
7270,西村 弘司,Koji NISHIMURA,c,西村弘司,unknown,,no_institution_keyword_found,"2003年に京都パープルサンガに加入。
2004年6月12日のベガルタ仙台戦。1対1の同点で迎えた後半13分、真後ろにいた佐藤寿人に気付かず、自分が手にしたボールを前線へ大きく蹴りだそうとフィールドに転がした瞬間、ボールを奪われてそのままゴールに蹴り込まれた。試合もこの失点が決勝点となり、1対2で敗れた。本人曰くこの試合は今までで一番の思い出とのこと。（サンガ@LOVEにて）
2005年11月26日のJ2第43節仙台戦で先発した西村は再三のピンチに好セーブを連発し、完封。1対0の勝利に大きく貢献した。仙台は最終節の結果、勝ち点1届かずにJ1・J2入れ替え戦出場・J1昇格を逃した。
2006年シーズンは正GK平井直人の怪我もあり出場数が増加した。2007年限りで退団。

2008年、名古屋グランパスに入団した。クラブには楢﨑正剛、高木義成が在籍。特に楢﨑は同じGKの中で実力の差も大きかったが、彼を目標としてトレーニングを続けることによって成長していった。こうした選手の存在が大きく第3GKに留まりながらも、2013年から2015年までは選手会長を務めた。2015年を以て契約満了となり、コーチ就任の打診もあったが現役続行を希望し名古屋を退団したが、その後名古屋と再契約。2016年シーズン終了後に再度契約満了となり現役引退。2017年よりフロントスタッフとして、広報活動を担当する。",unknown,No Information cnfirmed
7962,中村 祐哉,Yuya NAKAMURA,c,中村祐哉,unknown,,no_institution_keyword_found,"身体能力に優れ、Honda FC時代にはバク宙のゴールパフォーマンスを見せていた。実家は大村市のナカムラ消防化学。
2015年3月、自身のTwitterで現役引退を発表した。",unknown,No Information cnfirmed
9194,松田 悠佑,Yusuke MATSUDA,c,松田悠佑,unknown,,no_institution_keyword_found,"2014年、FC琉球に加入。2015年6月、サウルコス福井へ移籍。
2016年、栃木ウーヴァFCに移籍。2017年末に栃木ウーヴァを退団。
2018年、MIOびわこ滋賀への移籍が発表された。
2021年、MIOびわこ滋賀を退団。
2022年、富山新庄クラブへ加入した。",unknown,No Information cnfirmed
9416,上村 岬,Misaki UEMURA,c,上村岬,unknown,,no_institution_keyword_found,"2014年にジュビロ磐田に入団。2015年4月1日に行われたJ2第5節栃木SC戦で、後半44分に宮崎智彦と代わって出場し、Jリーグデビューを飾った。
2016年1月24日にFC今治へ期限付きする事が発表された。開幕戦の中村クラブ戦からスタメンで出場し、4月10日に行われた第2節のFC徳島セレステ戦では初ゴールを挙げている。2017年からFC今治に完全移籍により加入した。
2019年もってFC今治を退団。
2020年より、Cento Cuore HARIMAへ入団。
2022年11月19日、現役引退を発表。",unknown,No Information cnfirmed
9475,乾 達朗,Tatsuro INUI,c,乾達朗,unknown,,no_institution_keyword_found,"2008年にJ1・ジェフユナイテッド千葉に加入。
2010年よりアルビレックス新潟シンガポールに加入。同年12月、新潟Sとパートナーシップ契約を締結したポルトガル2部CFベレネンセスのテストを受けたが合格しなかった。
2014年、SC相模原に完全移籍。同年6月に退団。
2016年よりアルビレックス新潟シンガポールへ加入した。
2017年、タイ・ホンダFCへ完全移籍。同年8月にブラウブリッツ秋田へ完全移籍し、J3優勝達成。2017年シーズン終了をもって退団。
2018年、メトフォン・CリーグのナガワールドFCに移籍。2019年7月に自らのTwitterで現役引退を発表した。引退後はボディーコーディネーションコーチとして活動している。",unknown,No Information cnfirmed
